tx_id,timestamp,sender_id,sender_vpa,sender_name,receiver_id,receiver_vpa,receiver_name,amount,tx_type,status,is_fraud_flow,syndicate_ring
TXN56155452,2026-09-13 20:53:04,USR_0038,neha.patel83@pnb,Neha Patel,USR_0001,rohan.nair96@sbi,Rohan Nair,422.78,UPI_P2M,SUCCESS,False,0
TXN91094790,2026-09-13 20:53:24,USR_0071,alok.joshi62@paytm,Alok Joshi,USR_0070,karan.gupta97@hdfc,Karan Gupta,325.27,UPI_P2P,SUCCESS,False,0
TXN48182550,2026-09-13 20:53:31,USR_0057,ananya.verma68@sbi,Ananya Verma,USR_0050,manish.gupta16@sbi,Manish Gupta,1325.35,UPI_P2P,SUCCESS,False,0
TXN92427773,2026-09-13 20:55:39,USR_0067,kabir.verma29@pnb,Kabir Verma,USR_0061,nikhil.rao27@sbi,Nikhil Rao,2180.73,IMPS_TRANSFER,SUCCESS,False,0
TXN42287985,2026-09-13 20:59:30,USR_0037,pooja.shukla95@icici,Pooja Shukla,USR_0054,kavya.verma94@axis,Kavya Verma,926.59,IMPS_TRANSFER,SUCCESS,False,0
TXN86166246,2026-09-13 21:00:31,USR_0022,vikram.patel97@paytm,Vikram Patel,USR_0093,pooja.rao89@pnb,Pooja Rao,320.22,NEFT,SUCCESS,False,0
TXN96029038,2026-09-13 21:01:12,USR_0113,vihaan.rao27@axis,Vihaan Rao,USR_0058,neha.shukla43@kotak,Neha Shukla,2811.1,NEFT,SUCCESS,False,0
TXN45255913,2026-09-13 21:03:21,USR_0003,rahul.joshi13@kotak,Rahul Joshi,USR_0101,tanvi.singh41@paytm,Tanvi Singh,1455.44,UPI_P2M,SUCCESS,False,0
TXN40906854,2026-09-13 21:08:49,USR_0028,rohan.gupta30@paytm,Rohan Gupta,USR_0117,rahul.rao93@sbi,Rahul Rao,1313.13,UPI_P2M,SUCCESS,False,0
TXN21761279,2026-09-13 21:09:20,USR_0006,varun.patel53@hdfc,Varun Patel,USR_0046,sneha.mehta37@axis,Sneha Mehta,199.18,NEFT,SUCCESS,False,0
TXN46712288,2026-09-13 21:13:15,USR_0081,aryan.verma65@kotak,Aryan Verma,USR_0007,priya.verma54@icici,Priya Verma,282.87,NEFT,SUCCESS,False,0
TXN43041067,2026-09-13 21:13:46,USR_0054,kavya.verma94@axis,Kavya Verma,USR_0021,rahul.patel73@kotak,Rahul Patel,1473.74,IMPS_TRANSFER,SUCCESS,False,0
TXN36119862,2026-09-13 21:15:12,USR_0057,ananya.verma68@sbi,Ananya Verma,USR_0040,kabir.rao55@axis,Kabir Rao,3364.17,NEFT,SUCCESS,False,0
TXN69691437,2026-09-13 21:15:21,USR_0013,diya.shukla44@pnb,Diya Shukla,USR_0011,sunil.shukla22@paytm,Sunil Shukla,262.97,IMPS_TRANSFER,SUCCESS,False,0
TXN29505652,2026-09-13 21:15:46,USR_0049,ishaan.singh17@hdfc,Ishaan Singh,USR_0081,aryan.verma65@kotak,Aryan Verma,834.42,UPI_P2P,SUCCESS,False,0
TXN28453800,2026-09-13 21:20:33,USR_0006,varun.patel53@hdfc,Varun Patel,USR_0097,isha.iyer28@hdfc,Isha Iyer,102.94,NEFT,SUCCESS,False,0
TXN11590610,2026-09-13 21:21:33,USR_0062,karan.verma80@pnb,Karan Verma,USR_0002,rhea.iyer13@sbi,Rhea Iyer,141.99,NEFT,SUCCESS,False,0
TXN50455821,2026-09-13 21:26:15,USR_0076,sunil.mehta35@hdfc,Sunil Mehta,USR_0007,priya.verma54@icici,Priya Verma,382.25,UPI_P2M,SUCCESS,False,0
TXN67801537,2026-09-13 21:26:26,USR_0041,tanvi.nair96@sbi,Tanvi Nair,USR_0015,priya.singh98@pnb,Priya Singh,2780.15,NEFT,SUCCESS,False,0
TXN80839007,2026-09-13 21:27:11,USR_0116,rajesh.verma12@axis,Rajesh Verma,USR_0044,aditya.singh41@axis,Aditya Singh,764.38,IMPS_TRANSFER,SUCCESS,False,0
TXN21378739,2026-09-13 21:36:07,USR_0018,vikram.mehta92@axis,Vikram Mehta,USR_0098,aditya.nair69@kotak,Aditya Nair,525.09,UPI_P2P,SUCCESS,False,0
TXN26615289,2026-09-13 21:37:32,USR_0038,neha.patel83@pnb,Neha Patel,USR_0085,sneha.verma52@pnb,Sneha Verma,656.97,UPI_P2P,SUCCESS,False,0
TXN19120357,2026-09-13 21:38:52,USR_0040,kabir.rao55@axis,Kabir Rao,USR_0070,karan.gupta97@hdfc,Karan Gupta,8980.07,UPI_P2P,SUCCESS,False,0
TXN92414513,2026-09-13 21:38:56,USR_0046,sneha.mehta37@axis,Sneha Mehta,USR_0064,karan.sharma91@sbi,Karan Sharma,2021.35,UPI_P2M,SUCCESS,False,0
TXN98165507,2026-09-13 21:39:27,USR_0063,amit.chopra53@hdfc,Amit Chopra,USR_0056,rahul.singh26@axis,Rahul Singh,706.48,UPI_P2M,SUCCESS,False,0
TXN97025331,2026-09-13 21:43:21,USR_0016,suresh.gupta17@paytm,Suresh Gupta,USR_0017,varun.verma82@hdfc,Varun Verma,506.03,UPI_P2P,SUCCESS,False,0
TXN60925964,2026-09-13 21:44:18,USR_0088,neha.patel63@hdfc,Neha Patel,USR_0001,rohan.nair96@sbi,Rohan Nair,121.5,UPI_P2M,SUCCESS,False,0
TXN56294407,2026-09-13 21:45:55,USR_0049,ishaan.singh17@hdfc,Ishaan Singh,USR_0047,karan.sharma58@hdfc,Karan Sharma,963.6,IMPS_TRANSFER,SUCCESS,False,0
TXN22510327,2026-09-13 21:52:24,USR_0039,rahul.mehta62@paytm,Rahul Mehta,USR_0070,karan.gupta97@hdfc,Karan Gupta,315.85,NEFT,SUCCESS,False,0
TXN82017516,2026-09-13 21:53:28,USR_0101,tanvi.singh41@paytm,Tanvi Singh,USR_0050,manish.gupta16@sbi,Manish Gupta,718.47,IMPS_TRANSFER,SUCCESS,False,0
TXN46817443,2026-09-13 21:54:28,USR_0022,vikram.patel97@paytm,Vikram Patel,USR_0038,neha.patel83@pnb,Neha Patel,107.08,UPI_P2M,SUCCESS,False,0
TXN65026398,2026-09-13 21:59:43,USR_0116,rajesh.verma12@axis,Rajesh Verma,USR_0058,neha.shukla43@kotak,Neha Shukla,816.88,UPI_P2M,SUCCESS,False,0
TXN99796439,2026-09-13 22:02:15,USR_0082,sneha.chopra24@kotak,Sneha Chopra,USR_0011,sunil.shukla22@paytm,Sunil Shukla,1182.95,NEFT,SUCCESS,False,0
TXN19067690,2026-09-13 22:03:37,USR_0032,suresh.mehta31@kotak,Suresh Mehta,USR_0095,aarav.sharma70@hdfc,Aarav Sharma,1504.75,IMPS_TRANSFER,SUCCESS,False,0
TXN80157128,2026-09-13 22:05:01,USR_0016,suresh.gupta17@paytm,Suresh Gupta,USR_0013,diya.shukla44@pnb,Diya Shukla,146.09,UPI_P2M,SUCCESS,False,0
TXN11851322,2026-09-13 22:05:35,USR_0098,aditya.nair69@kotak,Aditya Nair,USR_0009,nikhil.iyer80@sbi,Nikhil Iyer,2756.92,UPI_P2P,SUCCESS,False,0
TXN63007123,2026-09-13 22:10:56,USR_0055,nikhil.singh95@hdfc,Nikhil Singh,USR_0068,rajesh.gupta80@kotak,Rajesh Gupta,398.81,UPI_P2P,SUCCESS,False,0
TXN87422596,2026-09-13 22:13:56,USR_0023,priya.chopra77@axis,Priya Chopra,USR_0112,kavya.joshi60@sbi,Kavya Joshi,6905.46,UPI_P2M,SUCCESS,False,0
TXN48656152,2026-09-13 22:23:34,USR_0089,priya.joshi10@paytm,Priya Joshi,USR_0055,nikhil.singh95@hdfc,Nikhil Singh,1120.94,UPI_P2M,SUCCESS,False,0
TXN58072427,2026-09-13 22:25:57,USR_0093,pooja.rao89@pnb,Pooja Rao,USR_0024,suresh.nair97@sbi,Suresh Nair,1251.64,NEFT,SUCCESS,False,0
TXN43204410,2026-09-13 22:26:33,USR_0118,rajesh.sharma29@kotak,Rajesh Sharma,USR_0091,tanvi.mehta37@pnb,Tanvi Mehta,140.25,UPI_P2P,SUCCESS,False,0
TXN84311410,2026-09-13 22:27:28,USR_0109,isha.shukla65@icici,Isha Shukla,USR_0040,kabir.rao55@axis,Kabir Rao,246.52,IMPS_TRANSFER,SUCCESS,False,0
TXN79742280,2026-09-13 22:28:56,USR_0024,suresh.nair97@sbi,Suresh Nair,USR_0008,deepak.sharma68@pnb,Deepak Sharma,874.04,UPI_P2M,SUCCESS,False,0
TXN38052785,2026-09-13 22:32:03,USR_0057,ananya.verma68@sbi,Ananya Verma,USR_0060,kavya.rao11@kotak,Kavya Rao,210.49,IMPS_TRANSFER,SUCCESS,False,0
TXN17634560,2026-09-13 22:36:12,USR_0024,suresh.nair97@sbi,Suresh Nair,USR_0004,ramesh.rao79@pnb,Ramesh Rao,676.89,UPI_P2P,SUCCESS,False,0
TXN72244899,2026-09-13 22:39:19,USR_0095,aarav.sharma70@hdfc,Aarav Sharma,USR_0074,deepak.rao41@paytm,Deepak Rao,2248.06,NEFT,SUCCESS,False,0
TXN77116153,2026-09-13 22:41:36,USR_0056,rahul.singh26@axis,Rahul Singh,USR_0064,karan.sharma91@sbi,Karan Sharma,1248.17,NEFT,SUCCESS,False,0
TXN29505421,2026-09-13 22:43:04,USR_0066,manish.mehta64@kotak,Manish Mehta,USR_0013,diya.shukla44@pnb,Diya Shukla,986.11,NEFT,SUCCESS,False,0
TXN75663681,2026-09-13 22:43:29,USR_0004,ramesh.rao79@pnb,Ramesh Rao,USR_0024,suresh.nair97@sbi,Suresh Nair,797.21,UPI_P2M,SUCCESS,False,0
TXN40725714,2026-09-13 22:45:40,USR_0077,amit.shukla13@hdfc,Amit Shukla,USR_0032,suresh.mehta31@kotak,Suresh Mehta,1143.27,UPI_P2P,SUCCESS,False,0
TXN26373347,2026-09-13 22:46:05,USR_0113,vihaan.rao27@axis,Vihaan Rao,USR_0042,aryan.iyer53@pnb,Aryan Iyer,326.33,IMPS_TRANSFER,SUCCESS,False,0
TXN90143600,2026-09-13 22:46:32,USR_0034,rahul.shukla53@sbi,Rahul Shukla,USR_0023,priya.chopra77@axis,Priya Chopra,128.57,IMPS_TRANSFER,SUCCESS,False,0
TXN67975205,2026-09-13 22:54:26,USR_0080,aarav.verma32@icici,Aarav Verma,USR_0012,tanvi.rao56@paytm,Tanvi Rao,1624.85,NEFT,SUCCESS,False,0
TXN42392076,2026-09-13 22:54:31,USR_0020,manish.chopra84@axis,Manish Chopra,USR_0002,rhea.iyer13@sbi,Rhea Iyer,1209.8,IMPS_TRANSFER,SUCCESS,False,0
TXN23298711,2026-09-13 22:55:49,USR_0047,karan.sharma58@hdfc,Karan Sharma,USR_0028,rohan.gupta30@paytm,Rohan Gupta,507.38,IMPS_TRANSFER,SUCCESS,False,0
TXN39844365,2026-09-13 22:58:19,USR_0090,ishaan.iyer84@paytm,Ishaan Iyer,USR_0038,neha.patel83@pnb,Neha Patel,483.38,UPI_P2P,SUCCESS,False,0
TXN35872271,2026-09-13 22:59:08,USR_0112,kavya.joshi60@sbi,Kavya Joshi,USR_0072,nikhil.shukla30@paytm,Nikhil Shukla,249.76,UPI_P2M,SUCCESS,False,0
TXN29536326,2026-09-13 23:00:30,USR_0085,sneha.verma52@pnb,Sneha Verma,USR_0044,aditya.singh41@axis,Aditya Singh,1151.33,UPI_P2P,SUCCESS,False,0
TXN67622968,2026-09-13 23:00:55,USR_0098,aditya.nair69@kotak,Aditya Nair,USR_0115,tanvi.gupta58@icici,Tanvi Gupta,203.08,IMPS_TRANSFER,SUCCESS,False,0
TXN17093731,2026-09-13 23:02:31,USR_0080,aarav.verma32@icici,Aarav Verma,USR_0017,varun.verma82@hdfc,Varun Verma,851.12,UPI_P2P,SUCCESS,False,0
TXN73798298,2026-09-13 23:04:53,USR_0058,neha.shukla43@kotak,Neha Shukla,USR_0062,karan.verma80@pnb,Karan Verma,775.7,UPI_P2P,SUCCESS,False,0
TXN70693413,2026-09-13 23:08:27,USR_0104,rahul.iyer29@pnb,Rahul Iyer,USR_0022,vikram.patel97@paytm,Vikram Patel,3230.46,NEFT,SUCCESS,False,0
TXN64877191,2026-09-13 23:11:19,USR_0119,isha.rao82@sbi,Isha Rao,USR_0060,kavya.rao11@kotak,Kavya Rao,164.76,IMPS_TRANSFER,SUCCESS,False,0
TXN47662052,2026-09-13 23:12:53,USR_0042,aryan.iyer53@pnb,Aryan Iyer,USR_0016,suresh.gupta17@paytm,Suresh Gupta,1055.29,UPI_P2P,SUCCESS,False,0
TXN70746206,2026-09-13 23:13:48,USR_0096,tanvi.iyer83@pnb,Tanvi Iyer,USR_0069,rohan.sharma56@icici,Rohan Sharma,2211.66,IMPS_TRANSFER,SUCCESS,False,0
TXN70387584,2026-09-13 23:14:09,USR_0049,ishaan.singh17@hdfc,Ishaan Singh,USR_0072,nikhil.shukla30@paytm,Nikhil Shukla,2125.22,UPI_P2M,SUCCESS,False,0
TXN54440977,2026-09-13 23:14:21,USR_0018,vikram.mehta92@axis,Vikram Mehta,USR_0109,isha.shukla65@icici,Isha Shukla,4518.92,IMPS_TRANSFER,SUCCESS,False,0
TXN85031292,2026-09-13 23:15:07,USR_0058,neha.shukla43@kotak,Neha Shukla,USR_0060,kavya.rao11@kotak,Kavya Rao,122.4,UPI_P2M,SUCCESS,False,0
TXN72959166,2026-09-13 23:15:56,USR_0025,alok.rao24@icici,Alok Rao,USR_0013,diya.shukla44@pnb,Diya Shukla,1018.39,UPI_P2P,SUCCESS,False,0
TXN52209421,2026-09-13 23:16:25,USR_0072,nikhil.shukla30@paytm,Nikhil Shukla,USR_0084,nikhil.joshi95@pnb,Nikhil Joshi,1211.52,UPI_P2M,SUCCESS,False,0
TXN27637794,2026-09-13 23:18:26,USR_0100,suresh.joshi86@kotak,Suresh Joshi,USR_0056,rahul.singh26@axis,Rahul Singh,297.79,IMPS_TRANSFER,SUCCESS,False,0
TXN56059101,2026-09-13 23:26:58,USR_0049,ishaan.singh17@hdfc,Ishaan Singh,USR_0094,rajesh.shukla49@pnb,Rajesh Shukla,661.0,UPI_P2M,SUCCESS,False,0
TXN85659375,2026-09-13 23:27:00,USR_0037,pooja.shukla95@icici,Pooja Shukla,USR_0021,rahul.patel73@kotak,Rahul Patel,320.56,IMPS_TRANSFER,SUCCESS,False,0
TXN42112480,2026-09-13 23:30:13,USR_0021,rahul.patel73@kotak,Rahul Patel,USR_0086,suresh.verma48@pnb,Suresh Verma,190.48,IMPS_TRANSFER,SUCCESS,False,0
TXN48401154,2026-09-13 23:32:39,USR_0060,kavya.rao11@kotak,Kavya Rao,USR_0032,suresh.mehta31@kotak,Suresh Mehta,885.42,UPI_P2M,SUCCESS,False,0
TXN20533057,2026-09-13 23:35:56,USR_0082,sneha.chopra24@kotak,Sneha Chopra,USR_0038,neha.patel83@pnb,Neha Patel,681.81,NEFT,SUCCESS,False,0
TXN59491122,2026-09-13 23:36:58,USR_0059,amit.patel79@axis,Amit Patel,USR_0057,ananya.verma68@sbi,Ananya Verma,1316.53,UPI_P2P,SUCCESS,False,0
TXN17504382,2026-09-13 23:43:53,USR_0080,aarav.verma32@icici,Aarav Verma,USR_0065,aarav.gupta26@paytm,Aarav Gupta,821.43,UPI_P2M,SUCCESS,False,0
TXN63415303,2026-09-13 23:46:40,USR_0033,suresh.rao66@icici,Suresh Rao,USR_0027,pooja.verma90@paytm,Pooja Verma,910.13,UPI_P2P,SUCCESS,False,0
TXN53261270,2026-09-13 23:46:49,USR_0010,suresh.shukla47@paytm,Suresh Shukla,USR_0076,sunil.mehta35@hdfc,Sunil Mehta,2752.58,NEFT,SUCCESS,False,0
TXN25803092,2026-09-13 23:48:39,USR_0073,karan.iyer32@sbi,Karan Iyer,USR_0037,pooja.shukla95@icici,Pooja Shukla,1525.89,UPI_P2M,SUCCESS,False,0
TXN54038904,2026-09-13 23:50:05,USR_0071,alok.joshi62@paytm,Alok Joshi,USR_0092,deepak.nair94@hdfc,Deepak Nair,2480.46,UPI_P2P,SUCCESS,False,0
TXN87111463,2026-09-13 23:52:27,USR_0030,karan.singh17@hdfc,Karan Singh,USR_0014,vikram.patel41@kotak,Vikram Patel,181.92,IMPS_TRANSFER,SUCCESS,False,0
TXN83330295,2026-09-13 23:54:27,USR_0105,vihaan.iyer52@axis,Vihaan Iyer,USR_0096,tanvi.iyer83@pnb,Tanvi Iyer,240.9,NEFT,SUCCESS,False,0
TXN60103798,2026-09-14 00:02:52,USR_0111,manish.patel69@paytm,Manish Patel,USR_0060,kavya.rao11@kotak,Kavya Rao,1482.89,NEFT,SUCCESS,False,0
TXN15624520,2026-09-14 00:04:03,USR_0037,pooja.shukla95@icici,Pooja Shukla,USR_0025,alok.rao24@icici,Alok Rao,2983.54,UPI_P2M,SUCCESS,False,0
TXN27137020,2026-09-14 00:05:12,USR_0017,varun.verma82@hdfc,Varun Verma,USR_0102,tanvi.verma46@pnb,Tanvi Verma,134.08,UPI_P2P,SUCCESS,False,0
TXN54506155,2026-09-14 00:06:12,USR_0082,sneha.chopra24@kotak,Sneha Chopra,USR_0078,priya.gupta18@icici,Priya Gupta,2323.73,NEFT,SUCCESS,False,0
TXN36801295,2026-09-14 00:08:44,USR_0018,vikram.mehta92@axis,Vikram Mehta,USR_0056,rahul.singh26@axis,Rahul Singh,1200.57,UPI_P2M,SUCCESS,False,0
TXN78538495,2026-09-14 00:09:41,USR_0009,nikhil.iyer80@sbi,Nikhil Iyer,USR_0117,rahul.rao93@sbi,Rahul Rao,380.42,UPI_P2P,SUCCESS,False,0
TXN65868338,2026-09-14 00:10:24,USR_0107,isha.sharma48@icici,Isha Sharma,USR_0050,manish.gupta16@sbi,Manish Gupta,454.09,UPI_P2P,SUCCESS,False,0
TXN56241881,2026-09-14 00:10:32,USR_0074,deepak.rao41@paytm,Deepak Rao,USR_0009,nikhil.iyer80@sbi,Nikhil Iyer,1931.83,NEFT,SUCCESS,False,0
TXN63051354,2026-09-14 00:11:05,USR_0085,sneha.verma52@pnb,Sneha Verma,USR_0039,rahul.mehta62@paytm,Rahul Mehta,955.14,UPI_P2M,SUCCESS,False,0
TXN56929234,2026-09-14 00:11:25,USR_0053,karan.chopra84@hdfc,Karan Chopra,USR_0052,kavya.verma40@pnb,Kavya Verma,2482.42,IMPS_TRANSFER,SUCCESS,False,0
TXN49034245,2026-09-14 00:12:24,USR_0008,deepak.sharma68@pnb,Deepak Sharma,USR_0105,vihaan.iyer52@axis,Vihaan Iyer,3945.2,IMPS_TRANSFER,SUCCESS,False,0
TXN65963010,2026-09-14 00:26:53,USR_0117,rahul.rao93@sbi,Rahul Rao,USR_0011,sunil.shukla22@paytm,Sunil Shukla,542.99,UPI_P2P,SUCCESS,False,0
TXN36724061,2026-09-14 00:33:33,USR_0004,ramesh.rao79@pnb,Ramesh Rao,USR_0058,neha.shukla43@kotak,Neha Shukla,895.99,IMPS_TRANSFER,SUCCESS,False,0
TXN87025433,2026-09-14 00:33:54,USR_0005,tanvi.chopra10@icici,Tanvi Chopra,USR_0059,amit.patel79@axis,Amit Patel,900.18,UPI_P2M,SUCCESS,False,0
TXN45843681,2026-09-14 00:38:09,USR_0056,rahul.singh26@axis,Rahul Singh,USR_0097,isha.iyer28@hdfc,Isha Iyer,1994.58,UPI_P2M,SUCCESS,False,0
TXN93794410,2026-09-14 00:38:11,USR_0021,rahul.patel73@kotak,Rahul Patel,USR_0073,karan.iyer32@sbi,Karan Iyer,4254.36,IMPS_TRANSFER,SUCCESS,False,0
TXN68055632,2026-09-14 00:39:15,USR_0086,suresh.verma48@pnb,Suresh Verma,USR_0083,varun.sharma65@pnb,Varun Sharma,76.48,IMPS_TRANSFER,SUCCESS,False,0
TXN41519884,2026-09-14 00:40:21,USR_0071,alok.joshi62@paytm,Alok Joshi,USR_0007,priya.verma54@icici,Priya Verma,1561.9,IMPS_TRANSFER,SUCCESS,False,0
TXN66500369,2026-09-14 00:41:36,USR_0022,vikram.patel97@paytm,Vikram Patel,USR_0033,suresh.rao66@icici,Suresh Rao,2916.63,UPI_P2M,SUCCESS,False,0
TXN31212522,2026-09-14 00:41:51,USR_0013,diya.shukla44@pnb,Diya Shukla,USR_0094,rajesh.shukla49@pnb,Rajesh Shukla,1180.96,UPI_P2M,SUCCESS,False,0
TXN29453688,2026-09-14 00:50:04,USR_0074,deepak.rao41@paytm,Deepak Rao,USR_0062,karan.verma80@pnb,Karan Verma,290.25,NEFT,SUCCESS,False,0
TXN34580812,2026-09-14 00:51:04,USR_0024,suresh.nair97@sbi,Suresh Nair,USR_0019,varun.patel81@hdfc,Varun Patel,1345.64,UPI_P2M,SUCCESS,False,0
TXN76422705,2026-09-14 00:51:04,USR_0037,pooja.shukla95@icici,Pooja Shukla,USR_0082,sneha.chopra24@kotak,Sneha Chopra,795.07,UPI_P2M,SUCCESS,False,0
TXN14928616,2026-09-14 00:53:14,USR_0023,priya.chopra77@axis,Priya Chopra,USR_0018,vikram.mehta92@axis,Vikram Mehta,346.94,IMPS_TRANSFER,SUCCESS,False,0
TXN49583058,2026-09-14 00:56:25,USR_0013,diya.shukla44@pnb,Diya Shukla,USR_0086,suresh.verma48@pnb,Suresh Verma,195.38,UPI_P2P,SUCCESS,False,0
TXN15746469,2026-09-14 00:57:34,USR_0004,ramesh.rao79@pnb,Ramesh Rao,USR_0043,ishaan.shukla67@kotak,Ishaan Shukla,928.47,IMPS_TRANSFER,SUCCESS,False,0
TXN58112135,2026-09-14 00:57:51,USR_0041,tanvi.nair96@sbi,Tanvi Nair,USR_0101,tanvi.singh41@paytm,Tanvi Singh,187.0,IMPS_TRANSFER,SUCCESS,False,0
TXN45833216,2026-09-14 00:59:58,USR_0006,varun.patel53@hdfc,Varun Patel,USR_0085,sneha.verma52@pnb,Sneha Verma,1254.44,UPI_P2M,SUCCESS,False,0
TXN81003974,2026-09-14 01:07:23,USR_0101,tanvi.singh41@paytm,Tanvi Singh,USR_0090,ishaan.iyer84@paytm,Ishaan Iyer,854.83,IMPS_TRANSFER,SUCCESS,False,0
TXN52906872,2026-09-14 01:08:18,USR_0020,manish.chopra84@axis,Manish Chopra,USR_0074,deepak.rao41@paytm,Deepak Rao,1954.33,UPI_P2M,SUCCESS,False,0
TXN97550053,2026-09-14 01:11:09,USR_0036,ramesh.rao39@sbi,Ramesh Rao,USR_0082,sneha.chopra24@kotak,Sneha Chopra,1643.95,UPI_P2P,SUCCESS,False,0
TXN58892118,2026-09-14 01:14:17,USR_0093,pooja.rao89@pnb,Pooja Rao,USR_0080,aarav.verma32@icici,Aarav Verma,488.78,UPI_P2M,SUCCESS,False,0
TXN44863921,2026-09-14 01:14:34,USR_0014,vikram.patel41@kotak,Vikram Patel,USR_0093,pooja.rao89@pnb,Pooja Rao,1947.0,IMPS_TRANSFER,SUCCESS,False,0
TXN46682099,2026-09-14 01:15:34,USR_0021,rahul.patel73@kotak,Rahul Patel,USR_0000,vikram.verma45@sbi,Vikram Verma,873.31,NEFT,SUCCESS,False,0
TXN94019376,2026-09-14 01:18:59,USR_0038,neha.patel83@pnb,Neha Patel,USR_0035,neha.shukla38@kotak,Neha Shukla,5228.55,UPI_P2M,SUCCESS,False,0
TXN80139805,2026-09-14 01:19:06,USR_0029,ananya.mehta24@sbi,Ananya Mehta,USR_0070,karan.gupta97@hdfc,Karan Gupta,498.28,NEFT,SUCCESS,False,0
TXN39207357,2026-09-14 01:21:17,USR_0082,sneha.chopra24@kotak,Sneha Chopra,USR_0084,nikhil.joshi95@pnb,Nikhil Joshi,1358.08,UPI_P2P,SUCCESS,False,0
TXN17353632,2026-09-14 01:23:33,USR_0100,suresh.joshi86@kotak,Suresh Joshi,USR_0016,suresh.gupta17@paytm,Suresh Gupta,1175.41,NEFT,SUCCESS,False,0
TXN37380537,2026-09-14 01:23:41,USR_0018,vikram.mehta92@axis,Vikram Mehta,USR_0107,isha.sharma48@icici,Isha Sharma,230.09,IMPS_TRANSFER,SUCCESS,False,0
TXN27456803,2026-09-14 01:24:23,USR_0010,suresh.shukla47@paytm,Suresh Shukla,USR_0011,sunil.shukla22@paytm,Sunil Shukla,1160.06,NEFT,SUCCESS,False,0
TXN98911718,2026-09-14 01:24:47,USR_0075,deepak.nair58@sbi,Deepak Nair,USR_0072,nikhil.shukla30@paytm,Nikhil Shukla,150.36,NEFT,SUCCESS,False,0
TXN83670115,2026-09-14 01:25:20,USR_0109,isha.shukla65@icici,Isha Shukla,USR_0037,pooja.shukla95@icici,Pooja Shukla,427.24,IMPS_TRANSFER,SUCCESS,False,0
TXN46761344,2026-09-14 01:28:53,USR_0022,vikram.patel97@paytm,Vikram Patel,USR_0042,aryan.iyer53@pnb,Aryan Iyer,3785.36,UPI_P2P,SUCCESS,False,0
TXN68341261,2026-09-14 01:29:05,USR_0063,amit.chopra53@hdfc,Amit Chopra,USR_0018,vikram.mehta92@axis,Vikram Mehta,105.53,UPI_P2M,SUCCESS,False,0
TXN87396877,2026-09-14 01:31:43,USR_0034,rahul.shukla53@sbi,Rahul Shukla,USR_0067,kabir.verma29@pnb,Kabir Verma,2704.5,IMPS_TRANSFER,SUCCESS,False,0
TXN50259503,2026-09-14 01:36:23,USR_0044,aditya.singh41@axis,Aditya Singh,USR_0090,ishaan.iyer84@paytm,Ishaan Iyer,983.49,IMPS_TRANSFER,SUCCESS,False,0
TXN22684373,2026-09-14 01:40:38,USR_0082,sneha.chopra24@kotak,Sneha Chopra,USR_0042,aryan.iyer53@pnb,Aryan Iyer,600.1,IMPS_TRANSFER,SUCCESS,False,0
TXN67325182,2026-09-14 01:46:34,USR_0043,ishaan.shukla67@kotak,Ishaan Shukla,USR_0034,rahul.shukla53@sbi,Rahul Shukla,483.64,NEFT,SUCCESS,False,0
TXN91915661,2026-09-14 01:51:33,USR_0086,suresh.verma48@pnb,Suresh Verma,USR_0018,vikram.mehta92@axis,Vikram Mehta,125.63,UPI_P2P,SUCCESS,False,0
TXN94712997,2026-09-14 01:51:36,USR_0004,ramesh.rao79@pnb,Ramesh Rao,USR_0079,vikram.joshi96@axis,Vikram Joshi,866.98,UPI_P2M,SUCCESS,False,0
TXN28337367,2026-09-14 01:51:47,USR_0024,suresh.nair97@sbi,Suresh Nair,USR_0109,isha.shukla65@icici,Isha Shukla,1206.72,UPI_P2M,SUCCESS,False,0
TXN94982908,2026-09-14 01:56:41,USR_0084,nikhil.joshi95@pnb,Nikhil Joshi,USR_0051,pooja.joshi17@hdfc,Pooja Joshi,227.53,UPI_P2M,SUCCESS,False,0
TXN52652506,2026-09-14 01:57:39,USR_0036,ramesh.rao39@sbi,Ramesh Rao,USR_0079,vikram.joshi96@axis,Vikram Joshi,389.48,UPI_P2M,SUCCESS,False,0
TXN20460308,2026-09-14 02:00:11,USR_0005,tanvi.chopra10@icici,Tanvi Chopra,USR_0093,pooja.rao89@pnb,Pooja Rao,1815.74,IMPS_TRANSFER,SUCCESS,False,0
TXN81503899,2026-09-14 02:02:32,USR_0071,alok.joshi62@paytm,Alok Joshi,USR_0083,varun.sharma65@pnb,Varun Sharma,930.2,IMPS_TRANSFER,SUCCESS,False,0
TXN92310750,2026-09-14 02:03:55,USR_0031,manish.mehta18@paytm,Manish Mehta,USR_0021,rahul.patel73@kotak,Rahul Patel,584.11,IMPS_TRANSFER,SUCCESS,False,0
TXN32269779,2026-09-14 02:04:39,USR_0105,vihaan.iyer52@axis,Vihaan Iyer,USR_0018,vikram.mehta92@axis,Vikram Mehta,295.27,UPI_P2P,SUCCESS,False,0
TXN18373492,2026-09-14 02:15:57,USR_0020,manish.chopra84@axis,Manish Chopra,USR_0099,rahul.verma27@axis,Rahul Verma,1371.68,IMPS_TRANSFER,SUCCESS,False,0
TXN30364454,2026-09-14 02:16:20,USR_0051,pooja.joshi17@hdfc,Pooja Joshi,USR_0062,karan.verma80@pnb,Karan Verma,2032.8,UPI_P2P,SUCCESS,False,0
TXN72523073,2026-09-14 02:16:41,USR_0040,kabir.rao55@axis,Kabir Rao,USR_0082,sneha.chopra24@kotak,Sneha Chopra,743.58,NEFT,SUCCESS,False,0
TXN82884346,2026-09-14 02:17:29,USR_0005,tanvi.chopra10@icici,Tanvi Chopra,USR_0118,rajesh.sharma29@kotak,Rajesh Sharma,779.81,IMPS_TRANSFER,SUCCESS,False,0
TXN53034742,2026-09-14 02:19:45,USR_0111,manish.patel69@paytm,Manish Patel,USR_0021,rahul.patel73@kotak,Rahul Patel,175.69,NEFT,SUCCESS,False,0
TXN47095573,2026-09-14 02:23:28,USR_0084,nikhil.joshi95@pnb,Nikhil Joshi,USR_0119,isha.rao82@sbi,Isha Rao,671.3,NEFT,SUCCESS,False,0
TXN23676961,2026-09-14 02:24:42,USR_0091,tanvi.mehta37@pnb,Tanvi Mehta,USR_0025,alok.rao24@icici,Alok Rao,3662.15,UPI_P2M,SUCCESS,False,0
TXN27613681,2026-09-14 02:26:27,USR_0058,neha.shukla43@kotak,Neha Shukla,USR_0117,rahul.rao93@sbi,Rahul Rao,2148.91,UPI_P2P,SUCCESS,False,0
TXN92545028,2026-09-14 02:27:54,USR_0106,sneha.sharma63@hdfc,Sneha Sharma,USR_0036,ramesh.rao39@sbi,Ramesh Rao,354.74,UPI_P2P,SUCCESS,False,0
TXN25344154,2026-09-14 02:32:59,USR_0084,nikhil.joshi95@pnb,Nikhil Joshi,USR_0085,sneha.verma52@pnb,Sneha Verma,1522.19,NEFT,SUCCESS,False,0
TXN89682313,2026-09-14 02:33:11,USR_0027,pooja.verma90@paytm,Pooja Verma,USR_0061,nikhil.rao27@sbi,Nikhil Rao,1456.95,UPI_P2M,SUCCESS,False,0
TXN69618021,2026-09-14 02:37:04,USR_0104,rahul.iyer29@pnb,Rahul Iyer,USR_0030,karan.singh17@hdfc,Karan Singh,2373.0,NEFT,SUCCESS,False,0
TXN90859912,2026-09-14 02:37:30,USR_0093,pooja.rao89@pnb,Pooja Rao,USR_0054,kavya.verma94@axis,Kavya Verma,544.98,NEFT,SUCCESS,False,0
TXN30854365,2026-09-14 02:37:55,USR_0010,suresh.shukla47@paytm,Suresh Shukla,USR_0039,rahul.mehta62@paytm,Rahul Mehta,761.77,UPI_P2M,SUCCESS,False,0
TXN50318100,2026-09-14 02:38:37,USR_0059,amit.patel79@axis,Amit Patel,USR_0055,nikhil.singh95@hdfc,Nikhil Singh,744.51,NEFT,SUCCESS,False,0
TXN44349528,2026-09-14 02:38:48,USR_0000,vikram.verma45@sbi,Vikram Verma,USR_0115,tanvi.gupta58@icici,Tanvi Gupta,1478.99,UPI_P2P,SUCCESS,False,0
TXN42844845,2026-09-14 02:39:35,USR_0052,kavya.verma40@pnb,Kavya Verma,USR_0056,rahul.singh26@axis,Rahul Singh,258.57,UPI_P2P,SUCCESS,False,0
TXN73228801,2026-09-14 02:42:36,USR_0035,neha.shukla38@kotak,Neha Shukla,USR_0110,priya.gupta96@pnb,Priya Gupta,521.08,NEFT,SUCCESS,False,0
TXN98521869,2026-09-14 02:46:50,USR_0019,varun.patel81@hdfc,Varun Patel,USR_0003,rahul.joshi13@kotak,Rahul Joshi,1195.45,NEFT,SUCCESS,False,0
TXN25292162,2026-09-14 02:49:55,USR_0032,suresh.mehta31@kotak,Suresh Mehta,USR_0074,deepak.rao41@paytm,Deepak Rao,2665.64,UPI_P2P,SUCCESS,False,0
TXN47241089,2026-09-14 02:52:47,USR_0089,priya.joshi10@paytm,Priya Joshi,USR_0051,pooja.joshi17@hdfc,Pooja Joshi,186.03,UPI_P2M,SUCCESS,False,0
TXN64575354,2026-09-14 02:55:41,USR_0063,amit.chopra53@hdfc,Amit Chopra,USR_0030,karan.singh17@hdfc,Karan Singh,360.65,UPI_P2P,SUCCESS,False,0
TXN21727533,2026-09-14 02:57:52,USR_0025,alok.rao24@icici,Alok Rao,USR_0002,rhea.iyer13@sbi,Rhea Iyer,369.44,NEFT,SUCCESS,False,0
TXN82133102,2026-09-14 03:00:53,USR_0112,kavya.joshi60@sbi,Kavya Joshi,USR_0038,neha.patel83@pnb,Neha Patel,646.16,UPI_P2P,SUCCESS,False,0
TXN96200382,2026-09-14 03:02:34,USR_0055,nikhil.singh95@hdfc,Nikhil Singh,USR_0017,varun.verma82@hdfc,Varun Verma,100.95,UPI_P2M,SUCCESS,False,0
TXN77353558,2026-09-14 03:04:22,USR_0051,pooja.joshi17@hdfc,Pooja Joshi,USR_0033,suresh.rao66@icici,Suresh Rao,2485.62,NEFT,SUCCESS,False,0
TXN67965485,2026-09-14 03:05:37,USR_0011,sunil.shukla22@paytm,Sunil Shukla,USR_0106,sneha.sharma63@hdfc,Sneha Sharma,514.17,UPI_P2P,SUCCESS,False,0
TXN62602177,2026-09-14 03:08:55,USR_0049,ishaan.singh17@hdfc,Ishaan Singh,USR_0006,varun.patel53@hdfc,Varun Patel,645.29,NEFT,SUCCESS,False,0
TXN27327046,2026-09-14 03:09:14,USR_0088,neha.patel63@hdfc,Neha Patel,USR_0095,aarav.sharma70@hdfc,Aarav Sharma,1768.16,NEFT,SUCCESS,False,0
TXN99826000,2026-09-14 03:11:37,USR_0065,aarav.gupta26@paytm,Aarav Gupta,USR_0041,tanvi.nair96@sbi,Tanvi Nair,722.43,NEFT,SUCCESS,False,0
TXN25755285,2026-09-14 03:12:42,USR_0110,priya.gupta96@pnb,Priya Gupta,USR_0104,rahul.iyer29@pnb,Rahul Iyer,408.48,NEFT,SUCCESS,False,0
TXN28134687,2026-09-14 03:15:33,USR_0102,tanvi.verma46@pnb,Tanvi Verma,USR_0038,neha.patel83@pnb,Neha Patel,1614.51,UPI_P2M,SUCCESS,False,0
TXN79889565,2026-09-14 03:16:14,USR_0084,nikhil.joshi95@pnb,Nikhil Joshi,USR_0017,varun.verma82@hdfc,Varun Verma,1866.14,NEFT,SUCCESS,False,0
TXN67973424,2026-09-14 03:26:14,USR_0073,karan.iyer32@sbi,Karan Iyer,USR_0064,karan.sharma91@sbi,Karan Sharma,819.14,UPI_P2M,SUCCESS,False,0
TXN93903841,2026-09-14 03:32:00,USR_0020,manish.chopra84@axis,Manish Chopra,USR_0063,amit.chopra53@hdfc,Amit Chopra,1767.69,IMPS_TRANSFER,SUCCESS,False,0
TXN16917129,2026-09-14 03:36:38,USR_0108,sunil.iyer79@kotak,Sunil Iyer,USR_0047,karan.sharma58@hdfc,Karan Sharma,1851.49,UPI_P2M,SUCCESS,False,0
TXN44247519,2026-09-14 03:37:01,USR_0077,amit.shukla13@hdfc,Amit Shukla,USR_0048,nikhil.mehta64@icici,Nikhil Mehta,1973.64,NEFT,SUCCESS,False,0
TXN98698490,2026-09-14 03:45:28,USR_0054,kavya.verma94@axis,Kavya Verma,USR_0052,kavya.verma40@pnb,Kavya Verma,205.45,NEFT,SUCCESS,False,0
TXN11298197,2026-09-14 03:47:43,USR_0094,rajesh.shukla49@pnb,Rajesh Shukla,USR_0014,vikram.patel41@kotak,Vikram Patel,610.76,UPI_P2P,SUCCESS,False,0
TXN42342289,2026-09-14 03:53:28,USR_0013,diya.shukla44@pnb,Diya Shukla,USR_0117,rahul.rao93@sbi,Rahul Rao,938.53,UPI_P2M,SUCCESS,False,0
TXN48951595,2026-09-14 03:55:38,USR_0031,manish.mehta18@paytm,Manish Mehta,USR_0018,vikram.mehta92@axis,Vikram Mehta,67.4,UPI_P2P,SUCCESS,False,0
TXN41006711,2026-09-14 03:56:59,USR_0027,pooja.verma90@paytm,Pooja Verma,USR_0066,manish.mehta64@kotak,Manish Mehta,1429.74,UPI_P2P,SUCCESS,False,0
TXN56324312,2026-09-14 03:57:59,USR_0043,ishaan.shukla67@kotak,Ishaan Shukla,USR_0048,nikhil.mehta64@icici,Nikhil Mehta,1278.74,NEFT,SUCCESS,False,0
TXN69853349,2026-09-14 03:59:31,USR_0001,rohan.nair96@sbi,Rohan Nair,USR_0052,kavya.verma40@pnb,Kavya Verma,109.3,UPI_P2P,SUCCESS,False,0
TXN97824468,2026-09-14 04:02:02,USR_0034,rahul.shukla53@sbi,Rahul Shukla,USR_0102,tanvi.verma46@pnb,Tanvi Verma,1314.02,IMPS_TRANSFER,SUCCESS,False,0
TXN19576257,2026-09-14 04:02:37,USR_0118,rajesh.sharma29@kotak,Rajesh Sharma,USR_0029,ananya.mehta24@sbi,Ananya Mehta,1968.88,UPI_P2P,SUCCESS,False,0
TXN29120731,2026-09-14 04:04:05,USR_0038,neha.patel83@pnb,Neha Patel,USR_0049,ishaan.singh17@hdfc,Ishaan Singh,432.71,IMPS_TRANSFER,SUCCESS,False,0
TXN80979534,2026-09-14 04:05:39,USR_0072,nikhil.shukla30@paytm,Nikhil Shukla,USR_0008,deepak.sharma68@pnb,Deepak Sharma,874.51,UPI_P2P,SUCCESS,False,0
TXN97874085,2026-09-14 04:05:59,USR_0077,amit.shukla13@hdfc,Amit Shukla,USR_0055,nikhil.singh95@hdfc,Nikhil Singh,600.23,UPI_P2P,SUCCESS,False,0
TXN31173338,2026-09-14 04:09:25,USR_0005,tanvi.chopra10@icici,Tanvi Chopra,USR_0017,varun.verma82@hdfc,Varun Verma,59.11,NEFT,SUCCESS,False,0
TXN98162850,2026-09-14 04:10:09,USR_0029,ananya.mehta24@sbi,Ananya Mehta,USR_0020,manish.chopra84@axis,Manish Chopra,2042.08,UPI_P2M,SUCCESS,False,0
TXN54331259,2026-09-14 04:10:26,USR_0029,ananya.mehta24@sbi,Ananya Mehta,USR_0006,varun.patel53@hdfc,Varun Patel,447.3,NEFT,SUCCESS,False,0
TXN10695441,2026-09-14 04:11:57,USR_0091,tanvi.mehta37@pnb,Tanvi Mehta,USR_0060,kavya.rao11@kotak,Kavya Rao,200.9,UPI_P2M,SUCCESS,False,0
TXN69920305,2026-09-14 04:13:29,USR_0026,aditya.mehta43@sbi,Aditya Mehta,USR_0008,deepak.sharma68@pnb,Deepak Sharma,155.43,UPI_P2P,SUCCESS,False,0
TXN93590502,2026-09-14 04:13:51,USR_0053,karan.chopra84@hdfc,Karan Chopra,USR_0084,nikhil.joshi95@pnb,Nikhil Joshi,303.88,IMPS_TRANSFER,SUCCESS,False,0
TXN81891508,2026-09-14 04:13:54,USR_0072,nikhil.shukla30@paytm,Nikhil Shukla,USR_0099,rahul.verma27@axis,Rahul Verma,244.91,IMPS_TRANSFER,SUCCESS,False,0
TXN87585294,2026-09-14 04:15:48,USR_0069,rohan.sharma56@icici,Rohan Sharma,USR_0048,nikhil.mehta64@icici,Nikhil Mehta,743.93,NEFT,SUCCESS,False,0
TXN49957816,2026-09-14 04:20:07,USR_0027,pooja.verma90@paytm,Pooja Verma,USR_0054,kavya.verma94@axis,Kavya Verma,3184.0,UPI_P2M,SUCCESS,False,0
TXN65792417,2026-09-14 04:21:12,USR_0042,aryan.iyer53@pnb,Aryan Iyer,USR_0001,rohan.nair96@sbi,Rohan Nair,1603.46,NEFT,SUCCESS,False,0
TXN45341684,2026-09-14 04:23:39,USR_0083,varun.sharma65@pnb,Varun Sharma,USR_0041,tanvi.nair96@sbi,Tanvi Nair,5324.67,IMPS_TRANSFER,SUCCESS,False,0
TXN19787090,2026-09-14 04:23:56,USR_0091,tanvi.mehta37@pnb,Tanvi Mehta,USR_0033,suresh.rao66@icici,Suresh Rao,203.69,UPI_P2P,SUCCESS,False,0
TXN92960269,2026-09-14 04:26:44,USR_0097,isha.iyer28@hdfc,Isha Iyer,USR_0010,suresh.shukla47@paytm,Suresh Shukla,348.44,IMPS_TRANSFER,SUCCESS,False,0
TXN34212413,2026-09-14 04:27:29,USR_0054,kavya.verma94@axis,Kavya Verma,USR_0113,vihaan.rao27@axis,Vihaan Rao,770.43,UPI_P2M,SUCCESS,False,0
TXN65831276,2026-09-14 04:29:26,USR_0003,rahul.joshi13@kotak,Rahul Joshi,USR_0061,nikhil.rao27@sbi,Nikhil Rao,3746.27,IMPS_TRANSFER,SUCCESS,False,0
TXN94547252,2026-09-14 04:33:12,USR_0005,tanvi.chopra10@icici,Tanvi Chopra,USR_0064,karan.sharma91@sbi,Karan Sharma,1634.93,UPI_P2M,SUCCESS,False,0
TXN23234748,2026-09-14 04:35:32,USR_0101,tanvi.singh41@paytm,Tanvi Singh,USR_0055,nikhil.singh95@hdfc,Nikhil Singh,390.98,UPI_P2P,SUCCESS,False,0
TXN50446607,2026-09-14 04:36:22,USR_0118,rajesh.sharma29@kotak,Rajesh Sharma,USR_0064,karan.sharma91@sbi,Karan Sharma,1632.69,IMPS_TRANSFER,SUCCESS,False,0
TXN36661903,2026-09-14 04:36:56,USR_0014,vikram.patel41@kotak,Vikram Patel,USR_0100,suresh.joshi86@kotak,Suresh Joshi,1048.45,NEFT,SUCCESS,False,0
TXN61185849,2026-09-14 04:38:38,USR_0109,isha.shukla65@icici,Isha Shukla,USR_0061,nikhil.rao27@sbi,Nikhil Rao,146.13,UPI_P2M,SUCCESS,False,0
TXN34796255,2026-09-14 04:39:09,USR_0099,rahul.verma27@axis,Rahul Verma,USR_0024,suresh.nair97@sbi,Suresh Nair,524.25,UPI_P2M,SUCCESS,False,0
TXN16473999,2026-09-14 04:45:01,USR_0006,varun.patel53@hdfc,Varun Patel,USR_0084,nikhil.joshi95@pnb,Nikhil Joshi,1713.36,UPI_P2P,SUCCESS,False,0
TXN82562419,2026-09-14 04:46:24,USR_0082,sneha.chopra24@kotak,Sneha Chopra,USR_0062,karan.verma80@pnb,Karan Verma,736.35,UPI_P2M,SUCCESS,False,0
TXN98594248,2026-09-14 04:50:33,USR_0062,karan.verma80@pnb,Karan Verma,USR_0097,isha.iyer28@hdfc,Isha Iyer,1006.96,NEFT,SUCCESS,False,0
TXN88343175,2026-09-14 04:51:32,USR_0042,aryan.iyer53@pnb,Aryan Iyer,USR_0086,suresh.verma48@pnb,Suresh Verma,1284.07,NEFT,SUCCESS,False,0
TXN40572391,2026-09-14 04:53:50,USR_0029,ananya.mehta24@sbi,Ananya Mehta,USR_0099,rahul.verma27@axis,Rahul Verma,205.97,IMPS_TRANSFER,SUCCESS,False,0
TXN59604988,2026-09-14 04:54:43,USR_0109,isha.shukla65@icici,Isha Shukla,USR_0052,kavya.verma40@pnb,Kavya Verma,1893.97,UPI_P2P,SUCCESS,False,0
TXN89426041,2026-09-14 05:00:02,USR_0001,rohan.nair96@sbi,Rohan Nair,USR_0094,rajesh.shukla49@pnb,Rajesh Shukla,2481.24,UPI_P2M,SUCCESS,False,0
TXN35262608,2026-09-14 05:01:37,USR_0001,rohan.nair96@sbi,Rohan Nair,USR_0024,suresh.nair97@sbi,Suresh Nair,1847.73,UPI_P2P,SUCCESS,False,0
TXN83504237,2026-09-14 05:02:54,USR_0117,rahul.rao93@sbi,Rahul Rao,USR_0072,nikhil.shukla30@paytm,Nikhil Shukla,3659.54,UPI_P2P,SUCCESS,False,0
TXN73674613,2026-09-14 05:04:58,USR_0006,varun.patel53@hdfc,Varun Patel,USR_0024,suresh.nair97@sbi,Suresh Nair,490.57,UPI_P2M,SUCCESS,False,0
TXN69148126,2026-09-14 05:06:05,USR_0117,rahul.rao93@sbi,Rahul Rao,USR_0062,karan.verma80@pnb,Karan Verma,365.31,NEFT,SUCCESS,False,0
TXN87862305,2026-09-14 05:08:48,USR_0030,karan.singh17@hdfc,Karan Singh,USR_0069,rohan.sharma56@icici,Rohan Sharma,771.27,NEFT,SUCCESS,False,0
TXN67702031,2026-09-14 05:09:56,USR_0096,tanvi.iyer83@pnb,Tanvi Iyer,USR_0065,aarav.gupta26@paytm,Aarav Gupta,2089.38,IMPS_TRANSFER,SUCCESS,False,0
TXN26198473,2026-09-14 05:10:36,USR_0043,ishaan.shukla67@kotak,Ishaan Shukla,USR_0055,nikhil.singh95@hdfc,Nikhil Singh,5815.8,UPI_P2M,SUCCESS,False,0
TXN12799319,2026-09-14 05:15:52,USR_0053,karan.chopra84@hdfc,Karan Chopra,USR_0037,pooja.shukla95@icici,Pooja Shukla,2778.92,NEFT,SUCCESS,False,0
TXN78293320,2026-09-14 05:16:34,USR_0086,suresh.verma48@pnb,Suresh Verma,USR_0092,deepak.nair94@hdfc,Deepak Nair,878.04,UPI_P2M,SUCCESS,False,0
TXN56751880,2026-09-14 05:19:46,USR_0117,rahul.rao93@sbi,Rahul Rao,USR_0010,suresh.shukla47@paytm,Suresh Shukla,1168.22,UPI_P2M,SUCCESS,False,0
TXN30457766,2026-09-14 05:21:28,USR_0054,kavya.verma94@axis,Kavya Verma,USR_0002,rhea.iyer13@sbi,Rhea Iyer,3374.96,UPI_P2M,SUCCESS,False,0
TXN16086345,2026-09-14 05:22:25,USR_0083,varun.sharma65@pnb,Varun Sharma,USR_0052,kavya.verma40@pnb,Kavya Verma,351.4,UPI_P2M,SUCCESS,False,0
TXN37226295,2026-09-14 05:26:16,USR_0080,aarav.verma32@icici,Aarav Verma,USR_0023,priya.chopra77@axis,Priya Chopra,946.88,UPI_P2M,SUCCESS,False,0
TXN92585240,2026-09-14 05:27:53,USR_0080,aarav.verma32@icici,Aarav Verma,USR_0101,tanvi.singh41@paytm,Tanvi Singh,795.27,UPI_P2M,SUCCESS,False,0
TXN72395893,2026-09-14 05:29:07,USR_0024,suresh.nair97@sbi,Suresh Nair,USR_0000,vikram.verma45@sbi,Vikram Verma,407.57,UPI_P2P,SUCCESS,False,0
TXN65648506,2026-09-14 05:29:39,USR_0091,tanvi.mehta37@pnb,Tanvi Mehta,USR_0104,rahul.iyer29@pnb,Rahul Iyer,1484.49,UPI_P2M,SUCCESS,False,0
TXN82109613,2026-09-14 05:30:58,USR_0110,priya.gupta96@pnb,Priya Gupta,USR_0044,aditya.singh41@axis,Aditya Singh,749.07,UPI_P2M,SUCCESS,False,0
TXN97694240,2026-09-14 05:31:18,USR_0057,ananya.verma68@sbi,Ananya Verma,USR_0040,kabir.rao55@axis,Kabir Rao,657.37,NEFT,SUCCESS,False,0
TXN22976369,2026-09-14 05:31:45,USR_0087,suresh.iyer61@icici,Suresh Iyer,USR_0078,priya.gupta18@icici,Priya Gupta,1198.07,UPI_P2M,SUCCESS,False,0
TXN70413482,2026-09-14 05:33:10,USR_0112,kavya.joshi60@sbi,Kavya Joshi,USR_0117,rahul.rao93@sbi,Rahul Rao,134.73,NEFT,SUCCESS,False,0
TXN12546591,2026-09-14 05:38:11,USR_0114,aditya.sharma58@icici,Aditya Sharma,USR_0002,rhea.iyer13@sbi,Rhea Iyer,2247.62,UPI_P2M,SUCCESS,False,0
TXN37187070,2026-09-14 05:41:10,USR_0105,vihaan.iyer52@axis,Vihaan Iyer,USR_0115,tanvi.gupta58@icici,Tanvi Gupta,475.83,UPI_P2P,SUCCESS,False,0
TXN91279039,2026-09-14 05:42:21,USR_0002,rhea.iyer13@sbi,Rhea Iyer,USR_0052,kavya.verma40@pnb,Kavya Verma,2569.19,IMPS_TRANSFER,SUCCESS,False,0
TXN28639738,2026-09-14 05:42:54,USR_0065,aarav.gupta26@paytm,Aarav Gupta,USR_0028,rohan.gupta30@paytm,Rohan Gupta,1603.95,UPI_P2M,SUCCESS,False,0
TXN61646699,2026-09-14 05:45:31,USR_0106,sneha.sharma63@hdfc,Sneha Sharma,USR_0001,rohan.nair96@sbi,Rohan Nair,2191.51,UPI_P2M,SUCCESS,False,0
TXN70343755,2026-09-14 05:47:58,USR_0030,karan.singh17@hdfc,Karan Singh,USR_0059,amit.patel79@axis,Amit Patel,1751.82,IMPS_TRANSFER,SUCCESS,False,0
TXN24806384,2026-09-14 05:52:45,USR_0097,isha.iyer28@hdfc,Isha Iyer,USR_0040,kabir.rao55@axis,Kabir Rao,624.85,NEFT,SUCCESS,False,0
TXN68646621,2026-09-14 05:56:30,USR_0042,aryan.iyer53@pnb,Aryan Iyer,USR_0034,rahul.shukla53@sbi,Rahul Shukla,1309.66,IMPS_TRANSFER,SUCCESS,False,0
TXN18145263,2026-09-14 05:58:02,USR_0057,ananya.verma68@sbi,Ananya Verma,USR_0074,deepak.rao41@paytm,Deepak Rao,798.19,UPI_P2P,SUCCESS,False,0
TXN41229060,2026-09-14 06:02:24,USR_0101,tanvi.singh41@paytm,Tanvi Singh,USR_0013,diya.shukla44@pnb,Diya Shukla,4005.95,NEFT,SUCCESS,False,0
TXN66824417,2026-09-14 06:03:58,USR_0103,ananya.gupta20@kotak,Ananya Gupta,USR_0024,suresh.nair97@sbi,Suresh Nair,2562.4,UPI_P2P,SUCCESS,False,0
TXN43511112,2026-09-14 06:07:02,USR_0110,priya.gupta96@pnb,Priya Gupta,USR_0083,varun.sharma65@pnb,Varun Sharma,214.42,UPI_P2M,SUCCESS,False,0
TXN10466177,2026-09-14 06:09:03,USR_0050,manish.gupta16@sbi,Manish Gupta,USR_0067,kabir.verma29@pnb,Kabir Verma,2673.94,UPI_P2M,SUCCESS,False,0
TXN28082355,2026-09-14 06:11:24,USR_0031,manish.mehta18@paytm,Manish Mehta,USR_0005,tanvi.chopra10@icici,Tanvi Chopra,3514.61,UPI_P2M,SUCCESS,False,0
TXN38540398,2026-09-14 06:17:57,USR_0091,tanvi.mehta37@pnb,Tanvi Mehta,USR_0058,neha.shukla43@kotak,Neha Shukla,146.23,UPI_P2P,SUCCESS,False,0
TXN98099795,2026-09-14 06:20:14,USR_0109,isha.shukla65@icici,Isha Shukla,USR_0077,amit.shukla13@hdfc,Amit Shukla,1054.47,NEFT,SUCCESS,False,0
TXN97138408,2026-09-14 06:22:04,USR_0061,nikhil.rao27@sbi,Nikhil Rao,USR_0084,nikhil.joshi95@pnb,Nikhil Joshi,131.11,UPI_P2P,SUCCESS,False,0
TXN33818260,2026-09-14 06:22:47,USR_0025,alok.rao24@icici,Alok Rao,USR_0103,ananya.gupta20@kotak,Ananya Gupta,4073.81,IMPS_TRANSFER,SUCCESS,False,0
TXN33118870,2026-09-14 06:22:59,USR_0089,priya.joshi10@paytm,Priya Joshi,USR_0083,varun.sharma65@pnb,Varun Sharma,660.64,UPI_P2P,SUCCESS,False,0
TXN13834774,2026-09-14 06:26:13,USR_0080,aarav.verma32@icici,Aarav Verma,USR_0016,suresh.gupta17@paytm,Suresh Gupta,2336.24,UPI_P2M,SUCCESS,False,0
TXN58082464,2026-09-14 06:28:31,USR_0110,priya.gupta96@pnb,Priya Gupta,USR_0003,rahul.joshi13@kotak,Rahul Joshi,113.42,UPI_P2P,SUCCESS,False,0
TXN31337593,2026-09-14 06:29:00,USR_0088,neha.patel63@hdfc,Neha Patel,USR_0116,rajesh.verma12@axis,Rajesh Verma,161.46,IMPS_TRANSFER,SUCCESS,False,0
TXN33050166,2026-09-14 06:29:11,USR_0038,neha.patel83@pnb,Neha Patel,USR_0072,nikhil.shukla30@paytm,Nikhil Shukla,671.66,IMPS_TRANSFER,SUCCESS,False,0
TXN86286724,2026-09-14 06:29:18,USR_0119,isha.rao82@sbi,Isha Rao,USR_0040,kabir.rao55@axis,Kabir Rao,399.12,NEFT,SUCCESS,False,0
TXN81249799,2026-09-14 06:30:04,USR_0022,vikram.patel97@paytm,Vikram Patel,USR_0025,alok.rao24@icici,Alok Rao,980.12,IMPS_TRANSFER,SUCCESS,False,0
TXN90683906,2026-09-14 06:30:45,USR_0060,kavya.rao11@kotak,Kavya Rao,USR_0116,rajesh.verma12@axis,Rajesh Verma,1080.44,UPI_P2M,SUCCESS,False,0
TXN77631432,2026-09-14 06:32:19,USR_0117,rahul.rao93@sbi,Rahul Rao,USR_0086,suresh.verma48@pnb,Suresh Verma,2749.45,UPI_P2M,SUCCESS,False,0
TXN63358890,2026-09-14 06:34:38,USR_0001,rohan.nair96@sbi,Rohan Nair,USR_0060,kavya.rao11@kotak,Kavya Rao,1418.18,IMPS_TRANSFER,SUCCESS,False,0
TXN91709974,2026-09-14 06:36:55,USR_0116,rajesh.verma12@axis,Rajesh Verma,USR_0088,neha.patel63@hdfc,Neha Patel,135.74,UPI_P2P,SUCCESS,False,0
TXN75790669,2026-09-14 06:37:12,USR_0113,vihaan.rao27@axis,Vihaan Rao,USR_0087,suresh.iyer61@icici,Suresh Iyer,692.6,IMPS_TRANSFER,SUCCESS,False,0
TXN42595918,2026-09-14 06:38:31,USR_0071,alok.joshi62@paytm,Alok Joshi,USR_0067,kabir.verma29@pnb,Kabir Verma,616.43,NEFT,SUCCESS,False,0
TXN74418331,2026-09-14 06:39:27,USR_0107,isha.sharma48@icici,Isha Sharma,USR_0046,sneha.mehta37@axis,Sneha Mehta,1120.59,IMPS_TRANSFER,SUCCESS,False,0
TXN49600674,2026-09-14 06:39:33,USR_0070,karan.gupta97@hdfc,Karan Gupta,USR_0010,suresh.shukla47@paytm,Suresh Shukla,1843.25,UPI_P2P,SUCCESS,False,0
TXN62221499,2026-09-14 06:40:15,USR_0062,karan.verma80@pnb,Karan Verma,USR_0055,nikhil.singh95@hdfc,Nikhil Singh,4009.94,IMPS_TRANSFER,SUCCESS,False,0
TXN60259293,2026-09-14 06:44:21,USR_0023,priya.chopra77@axis,Priya Chopra,USR_0098,aditya.nair69@kotak,Aditya Nair,868.46,NEFT,SUCCESS,False,0
TXN36059032,2026-09-14 06:48:37,USR_0049,ishaan.singh17@hdfc,Ishaan Singh,USR_0047,karan.sharma58@hdfc,Karan Sharma,1531.51,NEFT,SUCCESS,False,0
TXN44681437,2026-09-14 06:48:44,USR_0020,manish.chopra84@axis,Manish Chopra,USR_0034,rahul.shukla53@sbi,Rahul Shukla,691.59,UPI_P2P,SUCCESS,False,0
TXN61532114,2026-09-14 06:49:11,USR_0001,rohan.nair96@sbi,Rohan Nair,USR_0062,karan.verma80@pnb,Karan Verma,740.38,UPI_P2M,SUCCESS,False,0
TXN24081350,2026-09-14 06:51:56,USR_0077,amit.shukla13@hdfc,Amit Shukla,USR_0089,priya.joshi10@paytm,Priya Joshi,94.68,NEFT,SUCCESS,False,0
TXN31989243,2026-09-14 06:52:09,USR_0001,rohan.nair96@sbi,Rohan Nair,USR_0090,ishaan.iyer84@paytm,Ishaan Iyer,516.47,UPI_P2P,SUCCESS,False,0
TXN48848936,2026-09-14 06:52:15,USR_0027,pooja.verma90@paytm,Pooja Verma,USR_0098,aditya.nair69@kotak,Aditya Nair,167.27,IMPS_TRANSFER,SUCCESS,False,0
TXN92634772,2026-09-14 06:52:25,USR_0089,priya.joshi10@paytm,Priya Joshi,USR_0034,rahul.shukla53@sbi,Rahul Shukla,2286.23,UPI_P2P,SUCCESS,False,0
TXN90869462,2026-09-14 06:56:23,USR_0103,ananya.gupta20@kotak,Ananya Gupta,USR_0017,varun.verma82@hdfc,Varun Verma,1780.71,NEFT,SUCCESS,False,0
TXN17003454,2026-09-14 06:57:20,USR_0102,tanvi.verma46@pnb,Tanvi Verma,USR_0077,amit.shukla13@hdfc,Amit Shukla,3212.63,IMPS_TRANSFER,SUCCESS,False,0
TXN90215042,2026-09-14 07:00:01,USR_0088,neha.patel63@hdfc,Neha Patel,USR_0046,sneha.mehta37@axis,Sneha Mehta,1530.27,NEFT,SUCCESS,False,0
TXN42483531,2026-09-14 07:00:44,USR_0086,suresh.verma48@pnb,Suresh Verma,USR_0063,amit.chopra53@hdfc,Amit Chopra,2450.51,IMPS_TRANSFER,SUCCESS,False,0
TXN97966375,2026-09-14 07:04:01,USR_0040,kabir.rao55@axis,Kabir Rao,USR_0087,suresh.iyer61@icici,Suresh Iyer,927.86,UPI_P2P,SUCCESS,False,0
TXN45330756,2026-09-14 07:04:20,USR_0109,isha.shukla65@icici,Isha Shukla,USR_0105,vihaan.iyer52@axis,Vihaan Iyer,3041.24,UPI_P2M,SUCCESS,False,0
TXN89131271,2026-09-14 07:04:23,USR_0114,aditya.sharma58@icici,Aditya Sharma,USR_0012,tanvi.rao56@paytm,Tanvi Rao,294.78,UPI_P2P,SUCCESS,False,0
TXN97755782,2026-09-14 07:11:17,USR_0004,ramesh.rao79@pnb,Ramesh Rao,USR_0094,rajesh.shukla49@pnb,Rajesh Shukla,550.89,NEFT,SUCCESS,False,0
TXN65507111,2026-09-14 07:18:34,USR_0038,neha.patel83@pnb,Neha Patel,USR_0112,kavya.joshi60@sbi,Kavya Joshi,156.38,UPI_P2M,SUCCESS,False,0
TXN50698994,2026-09-14 07:20:14,USR_0076,sunil.mehta35@hdfc,Sunil Mehta,USR_0011,sunil.shukla22@paytm,Sunil Shukla,1351.08,UPI_P2M,SUCCESS,False,0
TXN52857920,2026-09-14 07:20:21,USR_0043,ishaan.shukla67@kotak,Ishaan Shukla,USR_0077,amit.shukla13@hdfc,Amit Shukla,702.85,IMPS_TRANSFER,SUCCESS,False,0
TXN58781345,2026-09-14 07:20:35,USR_0029,ananya.mehta24@sbi,Ananya Mehta,USR_0028,rohan.gupta30@paytm,Rohan Gupta,218.32,IMPS_TRANSFER,SUCCESS,False,0
TXN90861208,2026-09-14 07:22:58,USR_0046,sneha.mehta37@axis,Sneha Mehta,USR_0096,tanvi.iyer83@pnb,Tanvi Iyer,105.63,UPI_P2M,SUCCESS,False,0
TXN75063976,2026-09-14 07:23:19,USR_0105,vihaan.iyer52@axis,Vihaan Iyer,USR_0020,manish.chopra84@axis,Manish Chopra,877.6,UPI_P2M,SUCCESS,False,0
TXN35583290,2026-09-14 07:24:37,USR_0058,neha.shukla43@kotak,Neha Shukla,USR_0070,karan.gupta97@hdfc,Karan Gupta,1820.26,NEFT,SUCCESS,False,0
TXN52613620,2026-09-14 07:26:50,USR_0116,rajesh.verma12@axis,Rajesh Verma,USR_0098,aditya.nair69@kotak,Aditya Nair,879.11,UPI_P2M,SUCCESS,False,0
TXN81291936,2026-09-14 07:28:40,USR_0047,karan.sharma58@hdfc,Karan Sharma,USR_0055,nikhil.singh95@hdfc,Nikhil Singh,88.32,UPI_P2M,SUCCESS,False,0
TXN48949039,2026-09-14 07:30:18,USR_0052,kavya.verma40@pnb,Kavya Verma,USR_0101,tanvi.singh41@paytm,Tanvi Singh,245.26,UPI_P2P,SUCCESS,False,0
TXN69886480,2026-09-14 07:34:18,USR_0078,priya.gupta18@icici,Priya Gupta,USR_0117,rahul.rao93@sbi,Rahul Rao,1586.47,NEFT,SUCCESS,False,0
TXN22309586,2026-09-14 07:36:26,USR_0115,tanvi.gupta58@icici,Tanvi Gupta,USR_0065,aarav.gupta26@paytm,Aarav Gupta,2350.86,NEFT,SUCCESS,False,0
TXN24500436,2026-09-14 07:36:33,USR_0065,aarav.gupta26@paytm,Aarav Gupta,USR_0035,neha.shukla38@kotak,Neha Shukla,2426.73,NEFT,SUCCESS,False,0
TXN70187134,2026-09-14 07:39:02,USR_0040,kabir.rao55@axis,Kabir Rao,USR_0044,aditya.singh41@axis,Aditya Singh,434.51,IMPS_TRANSFER,SUCCESS,False,0
TXN59610894,2026-09-14 07:39:03,USR_0046,sneha.mehta37@axis,Sneha Mehta,USR_0050,manish.gupta16@sbi,Manish Gupta,1312.8,NEFT,SUCCESS,False,0
TXN24178065,2026-09-14 07:40:09,USR_0053,karan.chopra84@hdfc,Karan Chopra,USR_0019,varun.patel81@hdfc,Varun Patel,1965.21,UPI_P2P,SUCCESS,False,0
TXN43174817,2026-09-14 07:41:45,USR_0037,pooja.shukla95@icici,Pooja Shukla,USR_0101,tanvi.singh41@paytm,Tanvi Singh,5088.82,IMPS_TRANSFER,SUCCESS,False,0
TXN54018830,2026-09-14 07:43:23,USR_0066,manish.mehta64@kotak,Manish Mehta,USR_0058,neha.shukla43@kotak,Neha Shukla,889.33,UPI_P2M,SUCCESS,False,0
TXN24923247,2026-09-14 07:45:55,USR_0027,pooja.verma90@paytm,Pooja Verma,USR_0106,sneha.sharma63@hdfc,Sneha Sharma,1062.93,NEFT,SUCCESS,False,0
TXN76247126,2026-09-14 07:51:00,USR_0029,ananya.mehta24@sbi,Ananya Mehta,USR_0011,sunil.shukla22@paytm,Sunil Shukla,2147.18,UPI_P2P,SUCCESS,False,0
TXN94772931,2026-09-14 07:52:11,USR_0118,rajesh.sharma29@kotak,Rajesh Sharma,USR_0082,sneha.chopra24@kotak,Sneha Chopra,2561.28,UPI_P2P,SUCCESS,False,0
TXN16767531,2026-09-14 07:53:10,USR_0034,rahul.shukla53@sbi,Rahul Shukla,USR_0114,aditya.sharma58@icici,Aditya Sharma,1981.75,UPI_P2P,SUCCESS,False,0
TXN92688322,2026-09-14 07:54:01,USR_0080,aarav.verma32@icici,Aarav Verma,USR_0095,aarav.sharma70@hdfc,Aarav Sharma,2019.12,NEFT,SUCCESS,False,0
TXN37365878,2026-09-14 07:54:16,USR_0040,kabir.rao55@axis,Kabir Rao,USR_0053,karan.chopra84@hdfc,Karan Chopra,1286.99,NEFT,SUCCESS,False,0
TXN62523472,2026-09-14 07:55:02,USR_0049,ishaan.singh17@hdfc,Ishaan Singh,USR_0034,rahul.shukla53@sbi,Rahul Shukla,597.72,IMPS_TRANSFER,SUCCESS,False,0
TXN62726977,2026-09-14 07:55:29,USR_0035,neha.shukla38@kotak,Neha Shukla,USR_0028,rohan.gupta30@paytm,Rohan Gupta,2410.39,IMPS_TRANSFER,SUCCESS,False,0
TXN81802559,2026-09-14 07:57:25,USR_0041,tanvi.nair96@sbi,Tanvi Nair,USR_0002,rhea.iyer13@sbi,Rhea Iyer,2603.06,UPI_P2P,SUCCESS,False,0
TXN51927304,2026-09-14 08:00:02,USR_0030,karan.singh17@hdfc,Karan Singh,USR_0073,karan.iyer32@sbi,Karan Iyer,835.88,NEFT,SUCCESS,False,0
TXN60598851,2026-09-14 08:06:07,USR_0032,suresh.mehta31@kotak,Suresh Mehta,USR_0084,nikhil.joshi95@pnb,Nikhil Joshi,2061.34,NEFT,SUCCESS,False,0
TXN95080736,2026-09-14 08:06:28,USR_0010,suresh.shukla47@paytm,Suresh Shukla,USR_0034,rahul.shukla53@sbi,Rahul Shukla,2067.09,NEFT,SUCCESS,False,0
TXN99934747,2026-09-14 08:06:40,USR_0107,isha.sharma48@icici,Isha Sharma,USR_0053,karan.chopra84@hdfc,Karan Chopra,3309.45,IMPS_TRANSFER,SUCCESS,False,0
TXN97902129,2026-09-14 08:07:47,USR_0095,aarav.sharma70@hdfc,Aarav Sharma,USR_0093,pooja.rao89@pnb,Pooja Rao,518.46,NEFT,SUCCESS,False,0
TXN97453041,2026-09-14 08:08:54,USR_0046,sneha.mehta37@axis,Sneha Mehta,USR_0013,diya.shukla44@pnb,Diya Shukla,2499.18,NEFT,SUCCESS,False,0
TXN25082279,2026-09-14 08:14:12,USR_0087,suresh.iyer61@icici,Suresh Iyer,USR_0047,karan.sharma58@hdfc,Karan Sharma,1960.73,UPI_P2P,SUCCESS,False,0
TXN62530781,2026-09-14 08:15:35,USR_0071,alok.joshi62@paytm,Alok Joshi,USR_0109,isha.shukla65@icici,Isha Shukla,729.81,UPI_P2P,SUCCESS,False,0
TXN23543068,2026-09-14 08:15:36,USR_0022,vikram.patel97@paytm,Vikram Patel,USR_0025,alok.rao24@icici,Alok Rao,259.33,NEFT,SUCCESS,False,0
TXN76549837,2026-09-14 08:18:17,USR_0082,sneha.chopra24@kotak,Sneha Chopra,USR_0119,isha.rao82@sbi,Isha Rao,376.46,NEFT,SUCCESS,False,0
TXN56544010,2026-09-14 08:18:37,USR_0050,manish.gupta16@sbi,Manish Gupta,USR_0095,aarav.sharma70@hdfc,Aarav Sharma,834.57,UPI_P2P,SUCCESS,False,0
TXN90801793,2026-09-14 08:20:10,USR_0019,varun.patel81@hdfc,Varun Patel,USR_0023,priya.chopra77@axis,Priya Chopra,91.44,IMPS_TRANSFER,SUCCESS,False,0
TXN97629787,2026-09-14 08:22:43,USR_0070,karan.gupta97@hdfc,Karan Gupta,USR_0118,rajesh.sharma29@kotak,Rajesh Sharma,1481.79,NEFT,SUCCESS,False,0
TXN69287967,2026-09-14 08:22:52,USR_0086,suresh.verma48@pnb,Suresh Verma,USR_0069,rohan.sharma56@icici,Rohan Sharma,683.94,UPI_P2P,SUCCESS,False,0
TXN83763371,2026-09-14 08:25:39,USR_0119,isha.rao82@sbi,Isha Rao,USR_0041,tanvi.nair96@sbi,Tanvi Nair,1201.44,UPI_P2P,SUCCESS,False,0
TXN51758234,2026-09-14 08:27:13,USR_0065,aarav.gupta26@paytm,Aarav Gupta,USR_0101,tanvi.singh41@paytm,Tanvi Singh,793.89,UPI_P2P,SUCCESS,False,0
TXN87535841,2026-09-14 08:30:24,USR_0110,priya.gupta96@pnb,Priya Gupta,USR_0115,tanvi.gupta58@icici,Tanvi Gupta,106.51,IMPS_TRANSFER,SUCCESS,False,0
TXN17251463,2026-09-14 08:30:40,USR_0063,amit.chopra53@hdfc,Amit Chopra,USR_0022,vikram.patel97@paytm,Vikram Patel,1999.62,UPI_P2P,SUCCESS,False,0
TXN70306604,2026-09-14 08:33:04,USR_0010,suresh.shukla47@paytm,Suresh Shukla,USR_0097,isha.iyer28@hdfc,Isha Iyer,4026.48,IMPS_TRANSFER,SUCCESS,False,0
TXN77767769,2026-09-14 08:34:09,USR_0044,aditya.singh41@axis,Aditya Singh,USR_0045,deepak.joshi16@sbi,Deepak Joshi,3071.79,UPI_P2M,SUCCESS,False,0
TXN43629729,2026-09-14 08:35:48,USR_0096,tanvi.iyer83@pnb,Tanvi Iyer,USR_0100,suresh.joshi86@kotak,Suresh Joshi,407.91,IMPS_TRANSFER,SUCCESS,False,0
TXN47910765,2026-09-14 08:40:34,USR_0102,tanvi.verma46@pnb,Tanvi Verma,USR_0108,sunil.iyer79@kotak,Sunil Iyer,1263.68,UPI_P2M,SUCCESS,False,0
TXN93851247,2026-09-14 08:41:32,USR_0048,nikhil.mehta64@icici,Nikhil Mehta,USR_0019,varun.patel81@hdfc,Varun Patel,79.54,UPI_P2M,SUCCESS,False,0
TXN38919534,2026-09-14 08:46:19,USR_0012,tanvi.rao56@paytm,Tanvi Rao,USR_0088,neha.patel63@hdfc,Neha Patel,973.97,UPI_P2P,SUCCESS,False,0
TXN40369856,2026-09-14 08:48:15,USR_0060,kavya.rao11@kotak,Kavya Rao,USR_0017,varun.verma82@hdfc,Varun Verma,656.85,UPI_P2M,SUCCESS,False,0
TXN31086112,2026-09-14 08:53:33,USR_0055,nikhil.singh95@hdfc,Nikhil Singh,USR_0083,varun.sharma65@pnb,Varun Sharma,2808.01,NEFT,SUCCESS,False,0
TXN15864298,2026-09-14 08:55:55,USR_0103,ananya.gupta20@kotak,Ananya Gupta,USR_0115,tanvi.gupta58@icici,Tanvi Gupta,1294.36,NEFT,SUCCESS,False,0
TXN52441045,2026-09-14 09:02:53,USR_0076,sunil.mehta35@hdfc,Sunil Mehta,USR_0096,tanvi.iyer83@pnb,Tanvi Iyer,3190.77,IMPS_TRANSFER,SUCCESS,False,0
TXN96580039,2026-09-14 09:04:11,USR_0078,priya.gupta18@icici,Priya Gupta,USR_0008,deepak.sharma68@pnb,Deepak Sharma,798.19,NEFT,SUCCESS,False,0
TXN99929175,2026-09-14 09:06:10,USR_0044,aditya.singh41@axis,Aditya Singh,USR_0040,kabir.rao55@axis,Kabir Rao,1363.06,UPI_P2P,SUCCESS,False,0
TXN78515906,2026-09-14 09:07:14,USR_0042,aryan.iyer53@pnb,Aryan Iyer,USR_0099,rahul.verma27@axis,Rahul Verma,261.55,UPI_P2P,SUCCESS,False,0
TXN29331950,2026-09-14 09:07:21,USR_0012,tanvi.rao56@paytm,Tanvi Rao,USR_0069,rohan.sharma56@icici,Rohan Sharma,538.68,IMPS_TRANSFER,SUCCESS,False,0
TXN82265081,2026-09-14 09:14:26,USR_0014,vikram.patel41@kotak,Vikram Patel,USR_0043,ishaan.shukla67@kotak,Ishaan Shukla,247.88,UPI_P2P,SUCCESS,False,0
TXN21606388,2026-09-14 09:15:07,USR_0078,priya.gupta18@icici,Priya Gupta,USR_0115,tanvi.gupta58@icici,Tanvi Gupta,2017.83,UPI_P2M,SUCCESS,False,0
TXN11894470,2026-09-14 09:15:56,USR_0011,sunil.shukla22@paytm,Sunil Shukla,USR_0047,karan.sharma58@hdfc,Karan Sharma,1266.69,UPI_P2P,SUCCESS,False,0
TXN29834119,2026-09-14 09:17:38,USR_0074,deepak.rao41@paytm,Deepak Rao,USR_0061,nikhil.rao27@sbi,Nikhil Rao,3430.71,NEFT,SUCCESS,False,0
TXN24271532,2026-09-14 09:18:25,USR_0058,neha.shukla43@kotak,Neha Shukla,USR_0078,priya.gupta18@icici,Priya Gupta,965.26,UPI_P2P,SUCCESS,False,0
TXN45704013,2026-09-14 09:20:55,USR_0036,ramesh.rao39@sbi,Ramesh Rao,USR_0064,karan.sharma91@sbi,Karan Sharma,1767.5,UPI_P2P,SUCCESS,False,0
TXN71762034,2026-09-14 09:22:59,USR_0014,vikram.patel41@kotak,Vikram Patel,USR_0001,rohan.nair96@sbi,Rohan Nair,1738.0,NEFT,SUCCESS,False,0
TXN43251599,2026-09-14 09:26:35,USR_0064,karan.sharma91@sbi,Karan Sharma,USR_0082,sneha.chopra24@kotak,Sneha Chopra,2320.35,UPI_P2P,SUCCESS,False,0
TXN38439415,2026-09-14 09:27:59,USR_0096,tanvi.iyer83@pnb,Tanvi Iyer,USR_0057,ananya.verma68@sbi,Ananya Verma,1774.9,UPI_P2M,SUCCESS,False,0
TXN98725654,2026-09-14 09:35:03,USR_0032,suresh.mehta31@kotak,Suresh Mehta,USR_0102,tanvi.verma46@pnb,Tanvi Verma,888.22,UPI_P2P,SUCCESS,False,0
TXN60226379,2026-09-14 09:37:18,USR_0067,kabir.verma29@pnb,Kabir Verma,USR_0038,neha.patel83@pnb,Neha Patel,333.87,UPI_P2P,SUCCESS,False,0
TXN15095407,2026-09-14 09:39:41,USR_0069,rohan.sharma56@icici,Rohan Sharma,USR_0039,rahul.mehta62@paytm,Rahul Mehta,564.85,NEFT,SUCCESS,False,0
TXN47663633,2026-09-14 09:40:37,USR_0070,karan.gupta97@hdfc,Karan Gupta,USR_0013,diya.shukla44@pnb,Diya Shukla,165.26,UPI_P2P,SUCCESS,False,0
TXN77054885,2026-09-14 09:44:16,USR_0103,ananya.gupta20@kotak,Ananya Gupta,USR_0001,rohan.nair96@sbi,Rohan Nair,2080.3,NEFT,SUCCESS,False,0
TXN92510102,2026-09-14 09:47:50,USR_0077,amit.shukla13@hdfc,Amit Shukla,USR_0012,tanvi.rao56@paytm,Tanvi Rao,548.39,NEFT,SUCCESS,False,0
TXN35095571,2026-09-14 09:47:51,USR_0037,pooja.shukla95@icici,Pooja Shukla,USR_0057,ananya.verma68@sbi,Ananya Verma,1081.09,UPI_P2P,SUCCESS,False,0
TXN19314506,2026-09-14 09:50:03,USR_0104,rahul.iyer29@pnb,Rahul Iyer,USR_0033,suresh.rao66@icici,Suresh Rao,1774.02,NEFT,SUCCESS,False,0
TXN84904794,2026-09-14 09:50:19,USR_0009,nikhil.iyer80@sbi,Nikhil Iyer,USR_0006,varun.patel53@hdfc,Varun Patel,1573.48,IMPS_TRANSFER,SUCCESS,False,0
TXN52127291,2026-09-14 09:52:28,USR_0070,karan.gupta97@hdfc,Karan Gupta,USR_0119,isha.rao82@sbi,Isha Rao,1190.47,NEFT,SUCCESS,False,0
TXN37122588,2026-09-14 09:53:09,USR_0106,sneha.sharma63@hdfc,Sneha Sharma,USR_0016,suresh.gupta17@paytm,Suresh Gupta,4406.23,UPI_P2P,SUCCESS,False,0
TXN20327693,2026-09-14 09:53:54,USR_0050,manish.gupta16@sbi,Manish Gupta,USR_0114,aditya.sharma58@icici,Aditya Sharma,1282.57,IMPS_TRANSFER,SUCCESS,False,0
TXN66315301,2026-09-14 09:54:08,USR_0111,manish.patel69@paytm,Manish Patel,USR_0018,vikram.mehta92@axis,Vikram Mehta,772.47,UPI_P2P,SUCCESS,False,0
TXN32799095,2026-09-14 09:56:21,USR_0005,tanvi.chopra10@icici,Tanvi Chopra,USR_0074,deepak.rao41@paytm,Deepak Rao,3812.03,IMPS_TRANSFER,SUCCESS,False,0
TXN87295013,2026-09-14 09:58:36,USR_0035,neha.shukla38@kotak,Neha Shukla,USR_0057,ananya.verma68@sbi,Ananya Verma,655.5,UPI_P2M,SUCCESS,False,0
TXN55866538,2026-09-14 10:00:14,USR_0046,sneha.mehta37@axis,Sneha Mehta,USR_0039,rahul.mehta62@paytm,Rahul Mehta,1082.19,UPI_P2M,SUCCESS,False,0
TXN23100061,2026-09-14 10:04:03,USR_0112,kavya.joshi60@sbi,Kavya Joshi,USR_0071,alok.joshi62@paytm,Alok Joshi,1998.57,IMPS_TRANSFER,SUCCESS,False,0
TXN58130331,2026-09-14 10:04:36,USR_0086,suresh.verma48@pnb,Suresh Verma,USR_0056,rahul.singh26@axis,Rahul Singh,82.96,NEFT,SUCCESS,False,0
TXN86010330,2026-09-14 10:05:14,USR_0044,aditya.singh41@axis,Aditya Singh,USR_0000,vikram.verma45@sbi,Vikram Verma,3362.41,UPI_P2M,SUCCESS,False,0
TXN17851976,2026-09-14 10:05:28,USR_0078,priya.gupta18@icici,Priya Gupta,USR_0041,tanvi.nair96@sbi,Tanvi Nair,2188.39,UPI_P2P,SUCCESS,False,0
TXN32511225,2026-09-14 10:07:19,USR_0105,vihaan.iyer52@axis,Vihaan Iyer,USR_0098,aditya.nair69@kotak,Aditya Nair,1138.41,IMPS_TRANSFER,SUCCESS,False,0
TXN68065043,2026-09-14 10:07:40,USR_0081,aryan.verma65@kotak,Aryan Verma,USR_0075,deepak.nair58@sbi,Deepak Nair,80.81,UPI_P2M,SUCCESS,False,0
TXN97836731,2026-09-14 10:12:30,USR_0097,isha.iyer28@hdfc,Isha Iyer,USR_0116,rajesh.verma12@axis,Rajesh Verma,536.86,IMPS_TRANSFER,SUCCESS,False,0
TXN42342202,2026-09-14 10:16:02,USR_0038,neha.patel83@pnb,Neha Patel,USR_0048,nikhil.mehta64@icici,Nikhil Mehta,3580.6,NEFT,SUCCESS,False,0
TXN58696493,2026-09-14 10:17:38,USR_0026,aditya.mehta43@sbi,Aditya Mehta,USR_0051,pooja.joshi17@hdfc,Pooja Joshi,912.16,UPI_P2P,SUCCESS,False,0
TXN24404851,2026-09-14 10:21:29,USR_0089,priya.joshi10@paytm,Priya Joshi,USR_0075,deepak.nair58@sbi,Deepak Nair,3251.36,NEFT,SUCCESS,False,0
TXN95295586,2026-09-14 10:24:14,USR_0049,ishaan.singh17@hdfc,Ishaan Singh,USR_0054,kavya.verma94@axis,Kavya Verma,67.58,NEFT,SUCCESS,False,0
TXN91144449,2026-09-14 10:24:24,USR_0045,deepak.joshi16@sbi,Deepak Joshi,USR_0028,rohan.gupta30@paytm,Rohan Gupta,55.94,NEFT,SUCCESS,False,0
TXN41828278,2026-09-14 10:30:20,USR_0110,priya.gupta96@pnb,Priya Gupta,USR_0033,suresh.rao66@icici,Suresh Rao,2632.79,IMPS_TRANSFER,SUCCESS,False,0
TXN80260907,2026-09-14 10:31:03,USR_0073,karan.iyer32@sbi,Karan Iyer,USR_0053,karan.chopra84@hdfc,Karan Chopra,2568.33,UPI_P2P,SUCCESS,False,0
TXN51376831,2026-09-14 10:31:20,USR_0077,amit.shukla13@hdfc,Amit Shukla,USR_0049,ishaan.singh17@hdfc,Ishaan Singh,707.24,UPI_P2P,SUCCESS,False,0
TXN64142310,2026-09-14 10:35:54,USR_0045,deepak.joshi16@sbi,Deepak Joshi,USR_0096,tanvi.iyer83@pnb,Tanvi Iyer,157.06,UPI_P2M,SUCCESS,False,0
TXN85236332,2026-09-14 10:36:32,USR_0070,karan.gupta97@hdfc,Karan Gupta,USR_0047,karan.sharma58@hdfc,Karan Sharma,2331.21,NEFT,SUCCESS,False,0
TXN34208834,2026-09-14 10:40:00,USR_0093,pooja.rao89@pnb,Pooja Rao,USR_0086,suresh.verma48@pnb,Suresh Verma,926.79,NEFT,SUCCESS,False,0
TXN80624297,2026-09-14 10:40:25,USR_0068,rajesh.gupta80@kotak,Rajesh Gupta,USR_0049,ishaan.singh17@hdfc,Ishaan Singh,758.5,UPI_P2M,SUCCESS,False,0
TXN82963514,2026-09-14 10:41:48,USR_0089,priya.joshi10@paytm,Priya Joshi,USR_0062,karan.verma80@pnb,Karan Verma,3371.9,UPI_P2M,SUCCESS,False,0
TXN71031132,2026-09-14 10:41:57,USR_0050,manish.gupta16@sbi,Manish Gupta,USR_0035,neha.shukla38@kotak,Neha Shukla,3988.41,UPI_P2P,SUCCESS,False,0
TXN76876068,2026-09-14 10:42:03,USR_0092,deepak.nair94@hdfc,Deepak Nair,USR_0040,kabir.rao55@axis,Kabir Rao,99.9,UPI_P2M,SUCCESS,False,0
TXN69195194,2026-09-14 10:46:12,USR_0089,priya.joshi10@paytm,Priya Joshi,USR_0014,vikram.patel41@kotak,Vikram Patel,639.56,UPI_P2P,SUCCESS,False,0
TXN33055043,2026-09-14 10:49:33,USR_0027,pooja.verma90@paytm,Pooja Verma,USR_0091,tanvi.mehta37@pnb,Tanvi Mehta,5867.92,IMPS_TRANSFER,SUCCESS,False,0
TXN14270425,2026-09-14 10:49:51,USR_0013,diya.shukla44@pnb,Diya Shukla,USR_0062,karan.verma80@pnb,Karan Verma,4213.8,UPI_P2P,SUCCESS,False,0
TXN42962076,2026-09-14 10:51:09,USR_0014,vikram.patel41@kotak,Vikram Patel,USR_0019,varun.patel81@hdfc,Varun Patel,766.93,UPI_P2P,SUCCESS,False,0
TXN28463709,2026-09-14 10:51:33,USR_0098,aditya.nair69@kotak,Aditya Nair,USR_0062,karan.verma80@pnb,Karan Verma,863.95,UPI_P2M,SUCCESS,False,0
TXN61214452,2026-09-14 10:52:22,USR_0060,kavya.rao11@kotak,Kavya Rao,USR_0023,priya.chopra77@axis,Priya Chopra,2094.28,IMPS_TRANSFER,SUCCESS,False,0
TXN50629797,2026-09-14 10:53:16,USR_0030,karan.singh17@hdfc,Karan Singh,USR_0059,amit.patel79@axis,Amit Patel,9706.33,UPI_P2P,SUCCESS,True,1
TXN70976401,2026-09-14 10:53:57,USR_0066,manish.mehta64@kotak,Manish Mehta,USR_0074,deepak.rao41@paytm,Deepak Rao,1039.23,IMPS_TRANSFER,SUCCESS,False,0
TXN28503943,2026-09-14 10:54:14,USR_0030,karan.singh17@hdfc,Karan Singh,USR_0089,priya.joshi10@paytm,Priya Joshi,9342.98,UPI_P2P,SUCCESS,True,1
TXN50194740,2026-09-14 10:54:34,USR_0030,karan.singh17@hdfc,Karan Singh,USR_0032,suresh.mehta31@kotak,Suresh Mehta,9884.29,UPI_P2P,SUCCESS,True,1
TXN46838009,2026-09-14 10:54:38,USR_0059,amit.patel79@axis,Amit Patel,USR_0091,tanvi.mehta37@pnb,Tanvi Mehta,9606.33,UPI_P2P,SUCCESS,True,1
TXN64459981,2026-09-14 10:55:19,USR_0030,karan.singh17@hdfc,Karan Singh,USR_0098,aditya.nair69@kotak,Aditya Nair,9787.35,UPI_P2P,SUCCESS,True,1
TXN82897088,2026-09-14 10:55:31,USR_0089,priya.joshi10@paytm,Priya Joshi,USR_0091,tanvi.mehta37@pnb,Tanvi Mehta,9242.98,UPI_P2P,SUCCESS,True,1
TXN56524207,2026-09-14 10:55:56,USR_0032,suresh.mehta31@kotak,Suresh Mehta,USR_0095,aarav.sharma70@hdfc,Aarav Sharma,9784.29,UPI_P2P,SUCCESS,True,1
TXN30036175,2026-09-14 10:56:11,USR_0030,karan.singh17@hdfc,Karan Singh,USR_0047,karan.sharma58@hdfc,Karan Sharma,9208.92,UPI_P2P,SUCCESS,True,1
TXN92000924,2026-09-14 10:56:36,USR_0086,suresh.verma48@pnb,Suresh Verma,USR_0096,tanvi.iyer83@pnb,Tanvi Iyer,3254.17,UPI_P2M,SUCCESS,False,0
TXN97954019,2026-09-14 10:56:37,USR_0098,aditya.nair69@kotak,Aditya Nair,USR_0091,tanvi.mehta37@pnb,Tanvi Mehta,9687.35,UPI_P2P,SUCCESS,True,1
TXN73678024,2026-09-14 10:56:44,USR_0030,karan.singh17@hdfc,Karan Singh,USR_0021,rahul.patel73@kotak,Rahul Patel,9742.5,UPI_P2P,SUCCESS,True,1
TXN40457532,2026-09-14 10:56:55,USR_0047,karan.sharma58@hdfc,Karan Sharma,USR_0095,aarav.sharma70@hdfc,Aarav Sharma,9108.92,UPI_P2P,SUCCESS,True,1
TXN88786294,2026-09-14 10:57:47,USR_0021,rahul.patel73@kotak,Rahul Patel,USR_0077,amit.shukla13@hdfc,Amit Shukla,9642.5,UPI_P2P,SUCCESS,True,1
TXN95545512,2026-09-14 10:58:34,USR_0101,tanvi.singh41@paytm,Tanvi Singh,USR_0107,isha.sharma48@icici,Isha Sharma,196.29,UPI_P2M,SUCCESS,False,0
TXN52020192,2026-09-14 10:58:54,USR_0091,tanvi.mehta37@pnb,Tanvi Mehta,USR_0014,vikram.patel41@kotak,Vikram Patel,37303.82,IMPS_TRANSFER,SUCCESS,True,1
TXN71928212,2026-09-14 11:00:16,USR_0095,aarav.sharma70@hdfc,Aarav Sharma,USR_0014,vikram.patel41@kotak,Vikram Patel,31747.26,IMPS_TRANSFER,SUCCESS,True,1
TXN84170763,2026-09-14 11:00:24,USR_0077,amit.shukla13@hdfc,Amit Shukla,USR_0014,vikram.patel41@kotak,Vikram Patel,36333.83,IMPS_TRANSFER,SUCCESS,True,1
TXN52648731,2026-09-14 11:02:13,USR_0065,aarav.gupta26@paytm,Aarav Gupta,USR_0050,manish.gupta16@sbi,Manish Gupta,981.87,NEFT,SUCCESS,False,0
TXN42522981,2026-09-14 11:09:26,USR_0083,varun.sharma65@pnb,Varun Sharma,USR_0073,karan.iyer32@sbi,Karan Iyer,2285.52,UPI_P2M,SUCCESS,False,0
TXN27286109,2026-09-14 11:16:39,USR_0002,rhea.iyer13@sbi,Rhea Iyer,USR_0008,deepak.sharma68@pnb,Deepak Sharma,519.31,NEFT,SUCCESS,False,0
TXN33373562,2026-09-14 11:16:58,USR_0003,rahul.joshi13@kotak,Rahul Joshi,USR_0025,alok.rao24@icici,Alok Rao,1901.7,IMPS_TRANSFER,SUCCESS,False,0
TXN63058791,2026-09-14 11:18:12,USR_0061,nikhil.rao27@sbi,Nikhil Rao,USR_0071,alok.joshi62@paytm,Alok Joshi,1818.43,NEFT,SUCCESS,False,0
TXN83833059,2026-09-14 11:25:36,USR_0119,isha.rao82@sbi,Isha Rao,USR_0072,nikhil.shukla30@paytm,Nikhil Shukla,693.0,UPI_P2M,SUCCESS,False,0
TXN33950102,2026-09-14 11:29:24,USR_0062,karan.verma80@pnb,Karan Verma,USR_0118,rajesh.sharma29@kotak,Rajesh Sharma,1968.28,NEFT,SUCCESS,False,0
TXN43486016,2026-09-14 11:29:39,USR_0112,kavya.joshi60@sbi,Kavya Joshi,USR_0106,sneha.sharma63@hdfc,Sneha Sharma,1108.93,UPI_P2P,SUCCESS,False,0
TXN32083803,2026-09-14 11:35:54,USR_0115,tanvi.gupta58@icici,Tanvi Gupta,USR_0064,karan.sharma91@sbi,Karan Sharma,1072.4,UPI_P2M,SUCCESS,False,0
TXN93026670,2026-09-14 11:38:34,USR_0026,aditya.mehta43@sbi,Aditya Mehta,USR_0029,ananya.mehta24@sbi,Ananya Mehta,3482.01,UPI_P2M,SUCCESS,False,0
TXN41458567,2026-09-14 11:39:35,USR_0028,rohan.gupta30@paytm,Rohan Gupta,USR_0114,aditya.sharma58@icici,Aditya Sharma,1333.26,NEFT,SUCCESS,False,0
TXN40272606,2026-09-14 11:39:58,USR_0095,aarav.sharma70@hdfc,Aarav Sharma,USR_0032,suresh.mehta31@kotak,Suresh Mehta,72.27,NEFT,SUCCESS,False,0
TXN34247098,2026-09-14 11:42:47,USR_0044,aditya.singh41@axis,Aditya Singh,USR_0011,sunil.shukla22@paytm,Sunil Shukla,4175.19,IMPS_TRANSFER,SUCCESS,False,0
TXN54953500,2026-09-14 11:47:04,USR_0090,ishaan.iyer84@paytm,Ishaan Iyer,USR_0099,rahul.verma27@axis,Rahul Verma,1223.35,UPI_P2M,SUCCESS,False,0
TXN31076551,2026-09-14 11:50:00,USR_0015,priya.singh98@pnb,Priya Singh,USR_0111,manish.patel69@paytm,Manish Patel,1198.49,IMPS_TRANSFER,SUCCESS,False,0
TXN34800996,2026-09-14 11:50:04,USR_0117,rahul.rao93@sbi,Rahul Rao,USR_0077,amit.shukla13@hdfc,Amit Shukla,761.32,UPI_P2M,SUCCESS,False,0
TXN96779969,2026-09-14 11:50:51,USR_0106,sneha.sharma63@hdfc,Sneha Sharma,USR_0013,diya.shukla44@pnb,Diya Shukla,641.77,NEFT,SUCCESS,False,0
TXN87786253,2026-09-14 11:51:50,USR_0035,neha.shukla38@kotak,Neha Shukla,USR_0100,suresh.joshi86@kotak,Suresh Joshi,631.08,UPI_P2M,SUCCESS,False,0
TXN95875952,2026-09-14 11:53:23,USR_0088,neha.patel63@hdfc,Neha Patel,USR_0016,suresh.gupta17@paytm,Suresh Gupta,3191.32,UPI_P2M,SUCCESS,False,0
TXN95656500,2026-09-14 11:56:51,USR_0012,tanvi.rao56@paytm,Tanvi Rao,USR_0003,rahul.joshi13@kotak,Rahul Joshi,1235.69,UPI_P2M,SUCCESS,False,0
TXN62143976,2026-09-14 12:02:24,USR_0002,rhea.iyer13@sbi,Rhea Iyer,USR_0109,isha.shukla65@icici,Isha Shukla,4742.65,UPI_P2M,SUCCESS,False,0
TXN57458790,2026-09-14 12:02:34,USR_0068,rajesh.gupta80@kotak,Rajesh Gupta,USR_0002,rhea.iyer13@sbi,Rhea Iyer,850.2,IMPS_TRANSFER,SUCCESS,False,0
TXN20731620,2026-09-14 12:04:39,USR_0119,isha.rao82@sbi,Isha Rao,USR_0117,rahul.rao93@sbi,Rahul Rao,79.87,NEFT,SUCCESS,False,0
TXN97056735,2026-09-14 12:06:48,USR_0109,isha.shukla65@icici,Isha Shukla,USR_0003,rahul.joshi13@kotak,Rahul Joshi,1331.1,NEFT,SUCCESS,False,0
TXN19099261,2026-09-14 12:08:47,USR_0001,rohan.nair96@sbi,Rohan Nair,USR_0033,suresh.rao66@icici,Suresh Rao,583.35,UPI_P2M,SUCCESS,False,0
TXN53011925,2026-09-14 12:09:16,USR_0111,manish.patel69@paytm,Manish Patel,USR_0089,priya.joshi10@paytm,Priya Joshi,1110.03,UPI_P2M,SUCCESS,False,0
TXN20550179,2026-09-14 12:09:28,USR_0039,rahul.mehta62@paytm,Rahul Mehta,USR_0016,suresh.gupta17@paytm,Suresh Gupta,585.8,UPI_P2M,SUCCESS,False,0
TXN92148463,2026-09-14 12:09:29,USR_0052,kavya.verma40@pnb,Kavya Verma,USR_0067,kabir.verma29@pnb,Kabir Verma,6780.36,UPI_P2M,SUCCESS,False,0
TXN73736162,2026-09-14 12:15:29,USR_0055,nikhil.singh95@hdfc,Nikhil Singh,USR_0069,rohan.sharma56@icici,Rohan Sharma,206.28,UPI_P2M,SUCCESS,False,0
TXN82016051,2026-09-14 12:17:30,USR_0051,pooja.joshi17@hdfc,Pooja Joshi,USR_0015,priya.singh98@pnb,Priya Singh,832.83,NEFT,SUCCESS,False,0
TXN25745913,2026-09-14 12:18:04,USR_0116,rajesh.verma12@axis,Rajesh Verma,USR_0001,rohan.nair96@sbi,Rohan Nair,191.46,UPI_P2M,SUCCESS,False,0
TXN83339816,2026-09-14 12:18:21,USR_0094,rajesh.shukla49@pnb,Rajesh Shukla,USR_0068,rajesh.gupta80@kotak,Rajesh Gupta,1438.37,UPI_P2M,SUCCESS,False,0
TXN16788532,2026-09-14 12:19:22,USR_0011,sunil.shukla22@paytm,Sunil Shukla,USR_0084,nikhil.joshi95@pnb,Nikhil Joshi,398.07,UPI_P2P,SUCCESS,False,0
TXN98145654,2026-09-14 12:22:08,USR_0073,karan.iyer32@sbi,Karan Iyer,USR_0064,karan.sharma91@sbi,Karan Sharma,70.07,UPI_P2M,SUCCESS,False,0
TXN16104857,2026-09-14 12:22:12,USR_0107,isha.sharma48@icici,Isha Sharma,USR_0080,aarav.verma32@icici,Aarav Verma,1619.02,IMPS_TRANSFER,SUCCESS,False,0
TXN74524663,2026-09-14 12:23:52,USR_0059,amit.patel79@axis,Amit Patel,USR_0079,vikram.joshi96@axis,Vikram Joshi,996.09,UPI_P2M,SUCCESS,False,0
TXN89602555,2026-09-14 12:24:17,USR_0107,isha.sharma48@icici,Isha Sharma,USR_0101,tanvi.singh41@paytm,Tanvi Singh,1569.54,UPI_P2P,SUCCESS,False,0
TXN54434998,2026-09-14 12:24:49,USR_0028,rohan.gupta30@paytm,Rohan Gupta,USR_0113,vihaan.rao27@axis,Vihaan Rao,1151.1,IMPS_TRANSFER,SUCCESS,False,0
TXN78675400,2026-09-14 12:26:29,USR_0069,rohan.sharma56@icici,Rohan Sharma,USR_0036,ramesh.rao39@sbi,Ramesh Rao,1477.37,UPI_P2P,SUCCESS,False,0
TXN16530784,2026-09-14 12:32:38,USR_0058,neha.shukla43@kotak,Neha Shukla,USR_0030,karan.singh17@hdfc,Karan Singh,821.34,IMPS_TRANSFER,SUCCESS,False,0
TXN75604774,2026-09-14 12:34:33,USR_0113,vihaan.rao27@axis,Vihaan Rao,USR_0036,ramesh.rao39@sbi,Ramesh Rao,241.43,UPI_P2M,SUCCESS,False,0
TXN24336334,2026-09-14 12:45:09,USR_0119,isha.rao82@sbi,Isha Rao,USR_0054,kavya.verma94@axis,Kavya Verma,969.66,UPI_P2M,SUCCESS,False,0
TXN69268093,2026-09-14 12:46:48,USR_0098,aditya.nair69@kotak,Aditya Nair,USR_0055,nikhil.singh95@hdfc,Nikhil Singh,2093.41,UPI_P2P,SUCCESS,False,0
TXN85341065,2026-09-14 12:47:04,USR_0046,sneha.mehta37@axis,Sneha Mehta,USR_0037,pooja.shukla95@icici,Pooja Shukla,1362.48,NEFT,SUCCESS,False,0
TXN41104946,2026-09-14 12:48:42,USR_0045,deepak.joshi16@sbi,Deepak Joshi,USR_0005,tanvi.chopra10@icici,Tanvi Chopra,2320.13,NEFT,SUCCESS,False,0
TXN74180488,2026-09-14 12:50:03,USR_0078,priya.gupta18@icici,Priya Gupta,USR_0028,rohan.gupta30@paytm,Rohan Gupta,641.59,UPI_P2M,SUCCESS,False,0
TXN90812511,2026-09-14 12:52:33,USR_0029,ananya.mehta24@sbi,Ananya Mehta,USR_0064,karan.sharma91@sbi,Karan Sharma,473.81,IMPS_TRANSFER,SUCCESS,False,0
TXN62478133,2026-09-14 12:53:16,USR_0020,manish.chopra84@axis,Manish Chopra,USR_0068,rajesh.gupta80@kotak,Rajesh Gupta,415.0,UPI_P2M,SUCCESS,False,0
TXN73215242,2026-09-14 12:56:45,USR_0048,nikhil.mehta64@icici,Nikhil Mehta,USR_0114,aditya.sharma58@icici,Aditya Sharma,1421.52,UPI_P2P,SUCCESS,False,0
TXN16780654,2026-09-14 12:57:20,USR_0064,karan.sharma91@sbi,Karan Sharma,USR_0089,priya.joshi10@paytm,Priya Joshi,601.64,UPI_P2M,SUCCESS,False,0
TXN55816176,2026-09-14 13:01:29,USR_0097,isha.iyer28@hdfc,Isha Iyer,USR_0084,nikhil.joshi95@pnb,Nikhil Joshi,82.27,UPI_P2P,SUCCESS,False,0
TXN20742751,2026-09-14 13:01:35,USR_0008,deepak.sharma68@pnb,Deepak Sharma,USR_0033,suresh.rao66@icici,Suresh Rao,2532.7,IMPS_TRANSFER,SUCCESS,False,0
TXN17267644,2026-09-14 13:03:00,USR_0035,neha.shukla38@kotak,Neha Shukla,USR_0050,manish.gupta16@sbi,Manish Gupta,348.9,UPI_P2M,SUCCESS,False,0
TXN58116670,2026-09-14 13:04:11,USR_0092,deepak.nair94@hdfc,Deepak Nair,USR_0091,tanvi.mehta37@pnb,Tanvi Mehta,117.58,NEFT,SUCCESS,False,0
TXN91650533,2026-09-14 13:10:19,USR_0102,tanvi.verma46@pnb,Tanvi Verma,USR_0001,rohan.nair96@sbi,Rohan Nair,1169.87,IMPS_TRANSFER,SUCCESS,False,0
TXN38345472,2026-09-14 13:12:44,USR_0002,rhea.iyer13@sbi,Rhea Iyer,USR_0029,ananya.mehta24@sbi,Ananya Mehta,6971.7,UPI_P2M,SUCCESS,False,0
TXN45652586,2026-09-14 13:14:52,USR_0014,vikram.patel41@kotak,Vikram Patel,USR_0069,rohan.sharma56@icici,Rohan Sharma,999.47,UPI_P2M,SUCCESS,False,0
TXN48789478,2026-09-14 13:15:07,USR_0071,alok.joshi62@paytm,Alok Joshi,USR_0038,neha.patel83@pnb,Neha Patel,311.48,IMPS_TRANSFER,SUCCESS,False,0
TXN71036720,2026-09-14 13:21:22,USR_0104,rahul.iyer29@pnb,Rahul Iyer,USR_0035,neha.shukla38@kotak,Neha Shukla,71.64,UPI_P2M,SUCCESS,False,0
TXN95078886,2026-09-14 13:23:12,USR_0111,manish.patel69@paytm,Manish Patel,USR_0098,aditya.nair69@kotak,Aditya Nair,337.59,UPI_P2P,SUCCESS,False,0
TXN59915883,2026-09-14 13:23:29,USR_0101,tanvi.singh41@paytm,Tanvi Singh,USR_0033,suresh.rao66@icici,Suresh Rao,720.76,NEFT,SUCCESS,False,0
TXN25145863,2026-09-14 13:26:51,USR_0027,pooja.verma90@paytm,Pooja Verma,USR_0065,aarav.gupta26@paytm,Aarav Gupta,2090.88,NEFT,SUCCESS,False,0
TXN67555628,2026-09-14 13:29:36,USR_0053,karan.chopra84@hdfc,Karan Chopra,USR_0100,suresh.joshi86@kotak,Suresh Joshi,321.5,UPI_P2M,SUCCESS,False,0
TXN52530677,2026-09-14 13:29:45,USR_0020,manish.chopra84@axis,Manish Chopra,USR_0043,ishaan.shukla67@kotak,Ishaan Shukla,1327.9,IMPS_TRANSFER,SUCCESS,False,0
TXN55490631,2026-09-14 13:30:58,USR_0057,ananya.verma68@sbi,Ananya Verma,USR_0113,vihaan.rao27@axis,Vihaan Rao,1254.61,NEFT,SUCCESS,False,0
TXN71824078,2026-09-14 13:36:05,USR_0048,nikhil.mehta64@icici,Nikhil Mehta,USR_0105,vihaan.iyer52@axis,Vihaan Iyer,235.17,UPI_P2M,SUCCESS,False,0
TXN61735818,2026-09-14 13:36:44,USR_0075,deepak.nair58@sbi,Deepak Nair,USR_0008,deepak.sharma68@pnb,Deepak Sharma,204.17,NEFT,SUCCESS,False,0
TXN40992534,2026-09-14 13:41:32,USR_0072,nikhil.shukla30@paytm,Nikhil Shukla,USR_0078,priya.gupta18@icici,Priya Gupta,160.36,UPI_P2M,SUCCESS,False,0
TXN30270856,2026-09-14 13:43:48,USR_0107,isha.sharma48@icici,Isha Sharma,USR_0080,aarav.verma32@icici,Aarav Verma,2711.27,UPI_P2P,SUCCESS,False,0
TXN55713584,2026-09-14 13:46:55,USR_0012,tanvi.rao56@paytm,Tanvi Rao,USR_0055,nikhil.singh95@hdfc,Nikhil Singh,147.11,UPI_P2P,SUCCESS,False,0
TXN12674689,2026-09-14 13:49:00,USR_0011,sunil.shukla22@paytm,Sunil Shukla,USR_0007,priya.verma54@icici,Priya Verma,3233.07,UPI_P2M,SUCCESS,False,0
TXN70855827,2026-09-14 13:51:08,USR_0096,tanvi.iyer83@pnb,Tanvi Iyer,USR_0052,kavya.verma40@pnb,Kavya Verma,356.36,UPI_P2P,SUCCESS,False,0
TXN93893865,2026-09-14 13:52:30,USR_0009,nikhil.iyer80@sbi,Nikhil Iyer,USR_0087,suresh.iyer61@icici,Suresh Iyer,498.26,IMPS_TRANSFER,SUCCESS,False,0
TXN15858241,2026-09-14 13:53:06,USR_0073,karan.iyer32@sbi,Karan Iyer,USR_0049,ishaan.singh17@hdfc,Ishaan Singh,496.99,NEFT,SUCCESS,False,0
TXN37207628,2026-09-14 13:53:19,USR_0057,ananya.verma68@sbi,Ananya Verma,USR_0034,rahul.shukla53@sbi,Rahul Shukla,4896.37,UPI_P2P,SUCCESS,False,0
TXN87507357,2026-09-14 13:55:44,USR_0064,karan.sharma91@sbi,Karan Sharma,USR_0037,pooja.shukla95@icici,Pooja Shukla,1520.0,IMPS_TRANSFER,SUCCESS,False,0
TXN45622106,2026-09-14 13:58:47,USR_0094,rajesh.shukla49@pnb,Rajesh Shukla,USR_0025,alok.rao24@icici,Alok Rao,366.25,UPI_P2M,SUCCESS,False,0
TXN25771632,2026-09-14 14:02:11,USR_0000,vikram.verma45@sbi,Vikram Verma,USR_0071,alok.joshi62@paytm,Alok Joshi,848.34,UPI_P2M,SUCCESS,False,0
TXN20952896,2026-09-14 14:02:47,USR_0064,karan.sharma91@sbi,Karan Sharma,USR_0047,karan.sharma58@hdfc,Karan Sharma,2335.67,NEFT,SUCCESS,False,0
TXN53555463,2026-09-14 14:03:37,USR_0027,pooja.verma90@paytm,Pooja Verma,USR_0014,vikram.patel41@kotak,Vikram Patel,411.01,NEFT,SUCCESS,False,0
TXN58607028,2026-09-14 14:03:44,USR_0016,suresh.gupta17@paytm,Suresh Gupta,USR_0008,deepak.sharma68@pnb,Deepak Sharma,95.68,IMPS_TRANSFER,SUCCESS,False,0
TXN42008703,2026-09-14 14:04:20,USR_0087,suresh.iyer61@icici,Suresh Iyer,USR_0076,sunil.mehta35@hdfc,Sunil Mehta,2662.25,NEFT,SUCCESS,False,0
TXN62139697,2026-09-14 14:05:26,USR_0068,rajesh.gupta80@kotak,Rajesh Gupta,USR_0110,priya.gupta96@pnb,Priya Gupta,776.99,NEFT,SUCCESS,False,0
TXN88909809,2026-09-14 14:07:53,USR_0099,rahul.verma27@axis,Rahul Verma,USR_0103,ananya.gupta20@kotak,Ananya Gupta,787.5,UPI_P2M,SUCCESS,False,0
TXN16661956,2026-09-14 14:10:31,USR_0036,ramesh.rao39@sbi,Ramesh Rao,USR_0038,neha.patel83@pnb,Neha Patel,2893.39,UPI_P2P,SUCCESS,False,0
TXN99186817,2026-09-14 14:10:44,USR_0071,alok.joshi62@paytm,Alok Joshi,USR_0049,ishaan.singh17@hdfc,Ishaan Singh,945.07,IMPS_TRANSFER,SUCCESS,False,0
TXN26354208,2026-09-14 14:10:55,USR_0099,rahul.verma27@axis,Rahul Verma,USR_0036,ramesh.rao39@sbi,Ramesh Rao,172.67,IMPS_TRANSFER,SUCCESS,False,0
TXN12118101,2026-09-14 14:12:12,USR_0101,tanvi.singh41@paytm,Tanvi Singh,USR_0100,suresh.joshi86@kotak,Suresh Joshi,441.95,IMPS_TRANSFER,SUCCESS,False,0
TXN52065222,2026-09-14 14:12:50,USR_0113,vihaan.rao27@axis,Vihaan Rao,USR_0011,sunil.shukla22@paytm,Sunil Shukla,1763.99,UPI_P2P,SUCCESS,False,0
TXN25696616,2026-09-14 14:15:00,USR_0040,kabir.rao55@axis,Kabir Rao,USR_0015,priya.singh98@pnb,Priya Singh,1511.2,IMPS_TRANSFER,SUCCESS,False,0
TXN16813620,2026-09-14 14:18:06,USR_0094,rajesh.shukla49@pnb,Rajesh Shukla,USR_0075,deepak.nair58@sbi,Deepak Nair,78.26,UPI_P2M,SUCCESS,False,0
TXN50302318,2026-09-14 14:22:52,USR_0059,amit.patel79@axis,Amit Patel,USR_0018,vikram.mehta92@axis,Vikram Mehta,1223.47,UPI_P2M,SUCCESS,False,0
TXN95641960,2026-09-14 14:25:58,USR_0049,ishaan.singh17@hdfc,Ishaan Singh,USR_0014,vikram.patel41@kotak,Vikram Patel,1701.47,NEFT,SUCCESS,False,0
TXN94028236,2026-09-14 14:29:01,USR_0018,vikram.mehta92@axis,Vikram Mehta,USR_0083,varun.sharma65@pnb,Varun Sharma,284.38,NEFT,SUCCESS,False,0
TXN86849080,2026-09-14 14:30:50,USR_0105,vihaan.iyer52@axis,Vihaan Iyer,USR_0087,suresh.iyer61@icici,Suresh Iyer,1078.14,UPI_P2P,SUCCESS,False,0
TXN48612439,2026-09-14 14:34:33,USR_0094,rajesh.shukla49@pnb,Rajesh Shukla,USR_0006,varun.patel53@hdfc,Varun Patel,838.23,UPI_P2M,SUCCESS,False,0
TXN85776373,2026-09-14 14:36:50,USR_0100,suresh.joshi86@kotak,Suresh Joshi,USR_0042,aryan.iyer53@pnb,Aryan Iyer,875.19,UPI_P2M,SUCCESS,False,0
TXN86483924,2026-09-14 14:38:07,USR_0112,kavya.joshi60@sbi,Kavya Joshi,USR_0057,ananya.verma68@sbi,Ananya Verma,4254.27,NEFT,SUCCESS,False,0
TXN84076145,2026-09-14 14:38:20,USR_0119,isha.rao82@sbi,Isha Rao,USR_0094,rajesh.shukla49@pnb,Rajesh Shukla,1386.13,UPI_P2M,SUCCESS,False,0
TXN49920898,2026-09-14 14:42:33,USR_0038,neha.patel83@pnb,Neha Patel,USR_0061,nikhil.rao27@sbi,Nikhil Rao,1656.82,NEFT,SUCCESS,False,0
TXN81088456,2026-09-14 14:45:03,USR_0080,aarav.verma32@icici,Aarav Verma,USR_0085,sneha.verma52@pnb,Sneha Verma,1693.25,UPI_P2M,SUCCESS,False,0
TXN83905989,2026-09-14 14:46:16,USR_0072,nikhil.shukla30@paytm,Nikhil Shukla,USR_0106,sneha.sharma63@hdfc,Sneha Sharma,613.76,NEFT,SUCCESS,False,0
TXN36305005,2026-09-14 14:47:18,USR_0108,sunil.iyer79@kotak,Sunil Iyer,USR_0070,karan.gupta97@hdfc,Karan Gupta,409.09,UPI_P2M,SUCCESS,False,0
TXN22657432,2026-09-14 14:48:08,USR_0117,rahul.rao93@sbi,Rahul Rao,USR_0009,nikhil.iyer80@sbi,Nikhil Iyer,627.4,NEFT,SUCCESS,False,0
TXN36733470,2026-09-14 14:52:32,USR_0098,aditya.nair69@kotak,Aditya Nair,USR_0056,rahul.singh26@axis,Rahul Singh,899.83,UPI_P2P,SUCCESS,False,0
TXN38129989,2026-09-14 14:53:26,USR_0063,amit.chopra53@hdfc,Amit Chopra,USR_0099,rahul.verma27@axis,Rahul Verma,9777.6,UPI_P2P,SUCCESS,True,2
TXN87511871,2026-09-14 14:53:54,USR_0063,amit.chopra53@hdfc,Amit Chopra,USR_0104,rahul.iyer29@pnb,Rahul Iyer,9222.58,UPI_P2P,SUCCESS,True,2
TXN84953463,2026-09-14 14:54:24,USR_0099,rahul.verma27@axis,Rahul Verma,USR_0003,rahul.joshi13@kotak,Rahul Joshi,9677.6,UPI_P2P,SUCCESS,True,2
TXN54002874,2026-09-14 14:54:35,USR_0066,manish.mehta64@kotak,Manish Mehta,USR_0094,rajesh.shukla49@pnb,Rajesh Shukla,1090.95,UPI_P2P,SUCCESS,False,0
TXN55610169,2026-09-14 14:54:36,USR_0063,amit.chopra53@hdfc,Amit Chopra,USR_0020,manish.chopra84@axis,Manish Chopra,9574.85,UPI_P2P,SUCCESS,True,2
TXN11299382,2026-09-14 14:54:43,USR_0104,rahul.iyer29@pnb,Rahul Iyer,USR_0074,deepak.rao41@paytm,Deepak Rao,9122.58,UPI_P2P,SUCCESS,True,2
TXN96519508,2026-09-14 14:55:15,USR_0101,tanvi.singh41@paytm,Tanvi Singh,USR_0017,varun.verma82@hdfc,Varun Verma,605.34,IMPS_TRANSFER,SUCCESS,False,0
TXN82155988,2026-09-14 14:55:21,USR_0063,amit.chopra53@hdfc,Amit Chopra,USR_0039,rahul.mehta62@paytm,Rahul Mehta,9714.32,UPI_P2P,SUCCESS,True,2
TXN67139083,2026-09-14 14:55:32,USR_0020,manish.chopra84@axis,Manish Chopra,USR_0074,deepak.rao41@paytm,Deepak Rao,9474.85,UPI_P2P,SUCCESS,True,2
TXN28674348,2026-09-14 14:55:43,USR_0063,amit.chopra53@hdfc,Amit Chopra,USR_0013,diya.shukla44@pnb,Diya Shukla,9217.43,UPI_P2P,SUCCESS,True,2
TXN88779778,2026-09-14 14:56:11,USR_0039,rahul.mehta62@paytm,Rahul Mehta,USR_0003,rahul.joshi13@kotak,Rahul Joshi,9614.32,UPI_P2P,SUCCESS,True,2
TXN45002007,2026-09-14 14:56:24,USR_0041,tanvi.nair96@sbi,Tanvi Nair,USR_0119,isha.rao82@sbi,Isha Rao,1735.56,UPI_P2P,SUCCESS,False,0
TXN63183031,2026-09-14 14:57:09,USR_0011,sunil.shukla22@paytm,Sunil Shukla,USR_0091,tanvi.mehta37@pnb,Tanvi Mehta,274.88,IMPS_TRANSFER,SUCCESS,False,0
TXN54325475,2026-09-14 14:57:13,USR_0013,diya.shukla44@pnb,Diya Shukla,USR_0074,deepak.rao41@paytm,Deepak Rao,9117.43,UPI_P2P,SUCCESS,True,2
TXN56405710,2026-09-14 14:58:42,USR_0084,nikhil.joshi95@pnb,Nikhil Joshi,USR_0093,pooja.rao89@pnb,Pooja Rao,1980.82,NEFT,SUCCESS,False,0
TXN94535600,2026-09-14 14:58:55,USR_0074,deepak.rao41@paytm,Deepak Rao,USR_0118,rajesh.sharma29@kotak,Rajesh Sharma,36790.6,IMPS_TRANSFER,SUCCESS,True,2
TXN91582537,2026-09-14 14:59:39,USR_0003,rahul.joshi13@kotak,Rahul Joshi,USR_0118,rajesh.sharma29@kotak,Rajesh Sharma,34312.67,IMPS_TRANSFER,SUCCESS,True,2
TXN13478029,2026-09-14 15:03:14,USR_0083,varun.sharma65@pnb,Varun Sharma,USR_0035,neha.shukla38@kotak,Neha Shukla,936.38,UPI_P2P,SUCCESS,False,0
TXN96703417,2026-09-14 15:04:28,USR_0055,nikhil.singh95@hdfc,Nikhil Singh,USR_0050,manish.gupta16@sbi,Manish Gupta,2473.54,UPI_P2M,SUCCESS,False,0
TXN59908025,2026-09-14 15:06:38,USR_0083,varun.sharma65@pnb,Varun Sharma,USR_0046,sneha.mehta37@axis,Sneha Mehta,791.16,UPI_P2P,SUCCESS,False,0
TXN94322033,2026-09-14 15:07:40,USR_0024,suresh.nair97@sbi,Suresh Nair,USR_0079,vikram.joshi96@axis,Vikram Joshi,2511.82,UPI_P2M,SUCCESS,False,0
TXN36496940,2026-09-14 15:07:56,USR_0085,sneha.verma52@pnb,Sneha Verma,USR_0008,deepak.sharma68@pnb,Deepak Sharma,871.0,UPI_P2P,SUCCESS,False,0
TXN75136149,2026-09-14 15:07:58,USR_0092,deepak.nair94@hdfc,Deepak Nair,USR_0017,varun.verma82@hdfc,Varun Verma,3276.39,UPI_P2P,SUCCESS,False,0
TXN25558733,2026-09-14 15:15:24,USR_0011,sunil.shukla22@paytm,Sunil Shukla,USR_0040,kabir.rao55@axis,Kabir Rao,579.47,IMPS_TRANSFER,SUCCESS,False,0
TXN30552371,2026-09-14 15:16:53,USR_0015,priya.singh98@pnb,Priya Singh,USR_0070,karan.gupta97@hdfc,Karan Gupta,2789.98,NEFT,SUCCESS,False,0
TXN18891570,2026-09-14 15:18:05,USR_0015,priya.singh98@pnb,Priya Singh,USR_0116,rajesh.verma12@axis,Rajesh Verma,487.52,UPI_P2P,SUCCESS,False,0
TXN95700705,2026-09-14 15:19:24,USR_0066,manish.mehta64@kotak,Manish Mehta,USR_0015,priya.singh98@pnb,Priya Singh,4817.8,NEFT,SUCCESS,False,0
TXN72673716,2026-09-14 15:19:30,USR_0089,priya.joshi10@paytm,Priya Joshi,USR_0023,priya.chopra77@axis,Priya Chopra,2579.56,IMPS_TRANSFER,SUCCESS,False,0
TXN44269370,2026-09-14 15:22:18,USR_0059,amit.patel79@axis,Amit Patel,USR_0081,aryan.verma65@kotak,Aryan Verma,2907.52,NEFT,SUCCESS,False,0
TXN89715138,2026-09-14 15:30:13,USR_0112,kavya.joshi60@sbi,Kavya Joshi,USR_0081,aryan.verma65@kotak,Aryan Verma,133.32,UPI_P2P,SUCCESS,False,0
TXN33286644,2026-09-14 15:31:00,USR_0013,diya.shukla44@pnb,Diya Shukla,USR_0018,vikram.mehta92@axis,Vikram Mehta,61.09,UPI_P2M,SUCCESS,False,0
TXN22788187,2026-09-14 15:32:08,USR_0094,rajesh.shukla49@pnb,Rajesh Shukla,USR_0076,sunil.mehta35@hdfc,Sunil Mehta,156.32,UPI_P2P,SUCCESS,False,0
TXN25387340,2026-09-14 15:36:17,USR_0040,kabir.rao55@axis,Kabir Rao,USR_0048,nikhil.mehta64@icici,Nikhil Mehta,589.74,UPI_P2P,SUCCESS,False,0
TXN26050250,2026-09-14 15:39:29,USR_0055,nikhil.singh95@hdfc,Nikhil Singh,USR_0111,manish.patel69@paytm,Manish Patel,562.46,NEFT,SUCCESS,False,0
TXN93623280,2026-09-14 15:42:45,USR_0066,manish.mehta64@kotak,Manish Mehta,USR_0096,tanvi.iyer83@pnb,Tanvi Iyer,725.19,NEFT,SUCCESS,False,0
TXN64304344,2026-09-14 15:46:07,USR_0063,amit.chopra53@hdfc,Amit Chopra,USR_0037,pooja.shukla95@icici,Pooja Shukla,1123.66,NEFT,SUCCESS,False,0
TXN58359530,2026-09-14 15:47:36,USR_0095,aarav.sharma70@hdfc,Aarav Sharma,USR_0042,aryan.iyer53@pnb,Aryan Iyer,1091.25,IMPS_TRANSFER,SUCCESS,False,0
TXN72697508,2026-09-14 15:49:36,USR_0004,ramesh.rao79@pnb,Ramesh Rao,USR_0060,kavya.rao11@kotak,Kavya Rao,1784.6,UPI_P2M,SUCCESS,False,0
TXN34762712,2026-09-14 15:50:24,USR_0016,suresh.gupta17@paytm,Suresh Gupta,USR_0056,rahul.singh26@axis,Rahul Singh,1596.3,IMPS_TRANSFER,SUCCESS,False,0
TXN31287665,2026-09-14 15:52:09,USR_0045,deepak.joshi16@sbi,Deepak Joshi,USR_0112,kavya.joshi60@sbi,Kavya Joshi,389.92,IMPS_TRANSFER,SUCCESS,False,0
TXN19959009,2026-09-14 15:53:33,USR_0002,rhea.iyer13@sbi,Rhea Iyer,USR_0040,kabir.rao55@axis,Kabir Rao,480.37,UPI_P2P,SUCCESS,False,0
TXN75084661,2026-09-14 15:54:05,USR_0103,ananya.gupta20@kotak,Ananya Gupta,USR_0022,vikram.patel97@paytm,Vikram Patel,1465.63,UPI_P2M,SUCCESS,False,0
TXN85788756,2026-09-14 15:54:18,USR_0074,deepak.rao41@paytm,Deepak Rao,USR_0032,suresh.mehta31@kotak,Suresh Mehta,75.8,NEFT,SUCCESS,False,0
TXN11658959,2026-09-14 15:55:40,USR_0005,tanvi.chopra10@icici,Tanvi Chopra,USR_0008,deepak.sharma68@pnb,Deepak Sharma,1387.3,IMPS_TRANSFER,SUCCESS,False,0
TXN16681756,2026-09-14 15:56:24,USR_0059,amit.patel79@axis,Amit Patel,USR_0025,alok.rao24@icici,Alok Rao,2834.43,UPI_P2M,SUCCESS,False,0
TXN55609531,2026-09-14 15:57:21,USR_0028,rohan.gupta30@paytm,Rohan Gupta,USR_0113,vihaan.rao27@axis,Vihaan Rao,319.82,UPI_P2M,SUCCESS,False,0
TXN72419022,2026-09-14 16:03:01,USR_0057,ananya.verma68@sbi,Ananya Verma,USR_0005,tanvi.chopra10@icici,Tanvi Chopra,964.9,NEFT,SUCCESS,False,0
TXN64123845,2026-09-14 16:08:09,USR_0017,varun.verma82@hdfc,Varun Verma,USR_0112,kavya.joshi60@sbi,Kavya Joshi,819.74,IMPS_TRANSFER,SUCCESS,False,0
TXN31079846,2026-09-14 16:08:55,USR_0080,aarav.verma32@icici,Aarav Verma,USR_0027,pooja.verma90@paytm,Pooja Verma,91.99,UPI_P2P,SUCCESS,False,0
TXN49905650,2026-09-14 16:11:08,USR_0027,pooja.verma90@paytm,Pooja Verma,USR_0036,ramesh.rao39@sbi,Ramesh Rao,378.03,UPI_P2P,SUCCESS,False,0
TXN47197817,2026-09-14 16:20:46,USR_0045,deepak.joshi16@sbi,Deepak Joshi,USR_0114,aditya.sharma58@icici,Aditya Sharma,270.73,NEFT,SUCCESS,False,0
TXN46024950,2026-09-14 16:27:35,USR_0021,rahul.patel73@kotak,Rahul Patel,USR_0017,varun.verma82@hdfc,Varun Verma,2462.47,IMPS_TRANSFER,SUCCESS,False,0
TXN27784789,2026-09-14 16:31:17,USR_0046,sneha.mehta37@axis,Sneha Mehta,USR_0097,isha.iyer28@hdfc,Isha Iyer,2951.96,UPI_P2P,SUCCESS,False,0
TXN20866138,2026-09-14 16:31:23,USR_0054,kavya.verma94@axis,Kavya Verma,USR_0096,tanvi.iyer83@pnb,Tanvi Iyer,435.58,UPI_P2M,SUCCESS,False,0
TXN43742830,2026-09-14 16:36:19,USR_0089,priya.joshi10@paytm,Priya Joshi,USR_0058,neha.shukla43@kotak,Neha Shukla,597.53,IMPS_TRANSFER,SUCCESS,False,0
TXN58743159,2026-09-14 16:37:46,USR_0082,sneha.chopra24@kotak,Sneha Chopra,USR_0050,manish.gupta16@sbi,Manish Gupta,159.21,NEFT,SUCCESS,False,0
TXN24480943,2026-09-14 16:38:02,USR_0049,ishaan.singh17@hdfc,Ishaan Singh,USR_0084,nikhil.joshi95@pnb,Nikhil Joshi,426.0,IMPS_TRANSFER,SUCCESS,False,0
TXN74188958,2026-09-14 16:40:19,USR_0051,pooja.joshi17@hdfc,Pooja Joshi,USR_0058,neha.shukla43@kotak,Neha Shukla,80.86,NEFT,SUCCESS,False,0
TXN44489940,2026-09-14 16:43:21,USR_0064,karan.sharma91@sbi,Karan Sharma,USR_0116,rajesh.verma12@axis,Rajesh Verma,2026.82,UPI_P2M,SUCCESS,False,0
TXN66306216,2026-09-14 16:43:58,USR_0020,manish.chopra84@axis,Manish Chopra,USR_0006,varun.patel53@hdfc,Varun Patel,370.89,IMPS_TRANSFER,SUCCESS,False,0
TXN75847681,2026-09-14 16:46:51,USR_0003,rahul.joshi13@kotak,Rahul Joshi,USR_0081,aryan.verma65@kotak,Aryan Verma,5190.64,NEFT,SUCCESS,False,0
TXN12047721,2026-09-14 16:48:12,USR_0019,varun.patel81@hdfc,Varun Patel,USR_0020,manish.chopra84@axis,Manish Chopra,390.8,UPI_P2P,SUCCESS,False,0
TXN79564413,2026-09-14 16:49:56,USR_0108,sunil.iyer79@kotak,Sunil Iyer,USR_0052,kavya.verma40@pnb,Kavya Verma,1358.02,UPI_P2P,SUCCESS,False,0
TXN13102778,2026-09-14 16:51:13,USR_0093,pooja.rao89@pnb,Pooja Rao,USR_0100,suresh.joshi86@kotak,Suresh Joshi,685.39,UPI_P2M,SUCCESS,False,0
TXN80739820,2026-09-14 16:51:37,USR_0088,neha.patel63@hdfc,Neha Patel,USR_0110,priya.gupta96@pnb,Priya Gupta,361.23,IMPS_TRANSFER,SUCCESS,False,0
TXN82156607,2026-09-14 16:53:31,USR_0037,pooja.shukla95@icici,Pooja Shukla,USR_0004,ramesh.rao79@pnb,Ramesh Rao,1887.05,UPI_P2M,SUCCESS,False,0
TXN37339300,2026-09-14 16:56:36,USR_0046,sneha.mehta37@axis,Sneha Mehta,USR_0078,priya.gupta18@icici,Priya Gupta,2542.47,NEFT,SUCCESS,False,0
TXN25145751,2026-09-14 16:56:59,USR_0044,aditya.singh41@axis,Aditya Singh,USR_0019,varun.patel81@hdfc,Varun Patel,1770.12,UPI_P2M,SUCCESS,False,0
TXN29858055,2026-09-14 16:58:16,USR_0013,diya.shukla44@pnb,Diya Shukla,USR_0021,rahul.patel73@kotak,Rahul Patel,1171.02,UPI_P2P,SUCCESS,False,0
TXN18955654,2026-09-14 17:03:50,USR_0015,priya.singh98@pnb,Priya Singh,USR_0097,isha.iyer28@hdfc,Isha Iyer,768.21,NEFT,SUCCESS,False,0
TXN96475652,2026-09-14 17:06:16,USR_0101,tanvi.singh41@paytm,Tanvi Singh,USR_0102,tanvi.verma46@pnb,Tanvi Verma,2159.09,UPI_P2M,SUCCESS,False,0
TXN16565770,2026-09-14 17:07:45,USR_0112,kavya.joshi60@sbi,Kavya Joshi,USR_0070,karan.gupta97@hdfc,Karan Gupta,2514.84,UPI_P2M,SUCCESS,False,0
TXN71028216,2026-09-14 17:08:15,USR_0065,aarav.gupta26@paytm,Aarav Gupta,USR_0095,aarav.sharma70@hdfc,Aarav Sharma,558.97,IMPS_TRANSFER,SUCCESS,False,0
TXN27457234,2026-09-14 17:12:07,USR_0005,tanvi.chopra10@icici,Tanvi Chopra,USR_0054,kavya.verma94@axis,Kavya Verma,1019.4,IMPS_TRANSFER,SUCCESS,False,0
TXN38299831,2026-09-14 17:13:38,USR_0092,deepak.nair94@hdfc,Deepak Nair,USR_0071,alok.joshi62@paytm,Alok Joshi,1180.62,NEFT,SUCCESS,False,0
TXN55520266,2026-09-14 17:18:00,USR_0008,deepak.sharma68@pnb,Deepak Sharma,USR_0019,varun.patel81@hdfc,Varun Patel,2530.29,UPI_P2P,SUCCESS,False,0
TXN44488013,2026-09-14 17:20:15,USR_0016,suresh.gupta17@paytm,Suresh Gupta,USR_0078,priya.gupta18@icici,Priya Gupta,753.85,IMPS_TRANSFER,SUCCESS,False,0
TXN75082045,2026-09-14 17:22:11,USR_0017,varun.verma82@hdfc,Varun Verma,USR_0066,manish.mehta64@kotak,Manish Mehta,1222.48,IMPS_TRANSFER,SUCCESS,False,0
TXN61192463,2026-09-14 17:22:38,USR_0077,amit.shukla13@hdfc,Amit Shukla,USR_0011,sunil.shukla22@paytm,Sunil Shukla,340.39,NEFT,SUCCESS,False,0
TXN64864099,2026-09-14 17:28:38,USR_0047,karan.sharma58@hdfc,Karan Sharma,USR_0117,rahul.rao93@sbi,Rahul Rao,1058.05,NEFT,SUCCESS,False,0
TXN92266282,2026-09-14 17:28:47,USR_0118,rajesh.sharma29@kotak,Rajesh Sharma,USR_0055,nikhil.singh95@hdfc,Nikhil Singh,1838.14,IMPS_TRANSFER,SUCCESS,False,0
TXN72579077,2026-09-14 17:29:22,USR_0041,tanvi.nair96@sbi,Tanvi Nair,USR_0099,rahul.verma27@axis,Rahul Verma,808.83,NEFT,SUCCESS,False,0
TXN73889312,2026-09-14 17:32:18,USR_0075,deepak.nair58@sbi,Deepak Nair,USR_0113,vihaan.rao27@axis,Vihaan Rao,384.84,NEFT,SUCCESS,False,0
TXN92941828,2026-09-14 17:33:32,USR_0021,rahul.patel73@kotak,Rahul Patel,USR_0007,priya.verma54@icici,Priya Verma,129.64,UPI_P2M,SUCCESS,False,0
TXN43635675,2026-09-14 17:33:41,USR_0066,manish.mehta64@kotak,Manish Mehta,USR_0114,aditya.sharma58@icici,Aditya Sharma,681.03,UPI_P2P,SUCCESS,False,0
TXN26186924,2026-09-14 17:37:34,USR_0099,rahul.verma27@axis,Rahul Verma,USR_0051,pooja.joshi17@hdfc,Pooja Joshi,1155.21,UPI_P2M,SUCCESS,False,0
TXN68340640,2026-09-14 17:38:07,USR_0082,sneha.chopra24@kotak,Sneha Chopra,USR_0046,sneha.mehta37@axis,Sneha Mehta,979.65,UPI_P2M,SUCCESS,False,0
TXN36867482,2026-09-14 17:40:22,USR_0027,pooja.verma90@paytm,Pooja Verma,USR_0078,priya.gupta18@icici,Priya Gupta,1220.26,NEFT,SUCCESS,False,0
TXN81440849,2026-09-14 17:44:41,USR_0025,alok.rao24@icici,Alok Rao,USR_0024,suresh.nair97@sbi,Suresh Nair,2362.15,IMPS_TRANSFER,SUCCESS,False,0
TXN28628439,2026-09-14 17:46:03,USR_0017,varun.verma82@hdfc,Varun Verma,USR_0004,ramesh.rao79@pnb,Ramesh Rao,1026.48,NEFT,SUCCESS,False,0
TXN22130508,2026-09-14 17:48:14,USR_0087,suresh.iyer61@icici,Suresh Iyer,USR_0117,rahul.rao93@sbi,Rahul Rao,937.61,UPI_P2M,SUCCESS,False,0
TXN70939053,2026-09-14 17:51:24,USR_0004,ramesh.rao79@pnb,Ramesh Rao,USR_0029,ananya.mehta24@sbi,Ananya Mehta,1353.51,IMPS_TRANSFER,SUCCESS,False,0
TXN66885794,2026-09-14 17:53:43,USR_0102,tanvi.verma46@pnb,Tanvi Verma,USR_0056,rahul.singh26@axis,Rahul Singh,1378.53,UPI_P2M,SUCCESS,False,0
TXN35111946,2026-09-14 17:54:36,USR_0021,rahul.patel73@kotak,Rahul Patel,USR_0062,karan.verma80@pnb,Karan Verma,1119.68,UPI_P2M,SUCCESS,False,0
TXN79043610,2026-09-14 17:56:46,USR_0090,ishaan.iyer84@paytm,Ishaan Iyer,USR_0037,pooja.shukla95@icici,Pooja Shukla,379.55,IMPS_TRANSFER,SUCCESS,False,0
TXN36092388,2026-09-14 18:02:12,USR_0014,vikram.patel41@kotak,Vikram Patel,USR_0018,vikram.mehta92@axis,Vikram Mehta,787.74,NEFT,SUCCESS,False,0
TXN35338291,2026-09-14 18:02:16,USR_0070,karan.gupta97@hdfc,Karan Gupta,USR_0052,kavya.verma40@pnb,Kavya Verma,486.06,NEFT,SUCCESS,False,0
TXN93579731,2026-09-14 18:06:39,USR_0047,karan.sharma58@hdfc,Karan Sharma,USR_0025,alok.rao24@icici,Alok Rao,578.25,IMPS_TRANSFER,SUCCESS,False,0
TXN52279780,2026-09-14 18:07:01,USR_0016,suresh.gupta17@paytm,Suresh Gupta,USR_0030,karan.singh17@hdfc,Karan Singh,942.09,IMPS_TRANSFER,SUCCESS,False,0
TXN65766169,2026-09-14 18:07:49,USR_0119,isha.rao82@sbi,Isha Rao,USR_0091,tanvi.mehta37@pnb,Tanvi Mehta,1522.52,IMPS_TRANSFER,SUCCESS,False,0
TXN82670169,2026-09-14 18:13:32,USR_0080,aarav.verma32@icici,Aarav Verma,USR_0002,rhea.iyer13@sbi,Rhea Iyer,366.68,NEFT,SUCCESS,False,0
TXN25808361,2026-09-14 18:17:23,USR_0033,suresh.rao66@icici,Suresh Rao,USR_0074,deepak.rao41@paytm,Deepak Rao,3078.71,NEFT,SUCCESS,False,0
TXN25704681,2026-09-14 18:18:16,USR_0009,nikhil.iyer80@sbi,Nikhil Iyer,USR_0064,karan.sharma91@sbi,Karan Sharma,632.05,IMPS_TRANSFER,SUCCESS,False,0
TXN77853916,2026-09-14 18:21:05,USR_0076,sunil.mehta35@hdfc,Sunil Mehta,USR_0067,kabir.verma29@pnb,Kabir Verma,1613.3,NEFT,SUCCESS,False,0
TXN65767881,2026-09-14 18:22:01,USR_0011,sunil.shukla22@paytm,Sunil Shukla,USR_0116,rajesh.verma12@axis,Rajesh Verma,2726.98,IMPS_TRANSFER,SUCCESS,False,0
TXN19865900,2026-09-14 18:23:11,USR_0098,aditya.nair69@kotak,Aditya Nair,USR_0079,vikram.joshi96@axis,Vikram Joshi,494.46,UPI_P2M,SUCCESS,False,0
TXN83953207,2026-09-14 18:23:38,USR_0066,manish.mehta64@kotak,Manish Mehta,USR_0054,kavya.verma94@axis,Kavya Verma,3489.24,UPI_P2P,SUCCESS,False,0
TXN78140959,2026-09-14 18:25:00,USR_0019,varun.patel81@hdfc,Varun Patel,USR_0009,nikhil.iyer80@sbi,Nikhil Iyer,310.66,UPI_P2P,SUCCESS,False,0
TXN58436637,2026-09-14 18:26:59,USR_0106,sneha.sharma63@hdfc,Sneha Sharma,USR_0024,suresh.nair97@sbi,Suresh Nair,1127.01,UPI_P2M,SUCCESS,False,0
TXN88813775,2026-09-14 18:33:06,USR_0112,kavya.joshi60@sbi,Kavya Joshi,USR_0090,ishaan.iyer84@paytm,Ishaan Iyer,2081.04,IMPS_TRANSFER,SUCCESS,False,0
TXN29944139,2026-09-14 18:37:04,USR_0036,ramesh.rao39@sbi,Ramesh Rao,USR_0092,deepak.nair94@hdfc,Deepak Nair,2436.24,NEFT,SUCCESS,False,0
TXN24330160,2026-09-14 18:38:27,USR_0084,nikhil.joshi95@pnb,Nikhil Joshi,USR_0024,suresh.nair97@sbi,Suresh Nair,1159.94,NEFT,SUCCESS,False,0
TXN43567615,2026-09-14 18:39:41,USR_0044,aditya.singh41@axis,Aditya Singh,USR_0075,deepak.nair58@sbi,Deepak Nair,1740.5,NEFT,SUCCESS,False,0
TXN85693188,2026-09-14 18:40:13,USR_0118,rajesh.sharma29@kotak,Rajesh Sharma,USR_0009,nikhil.iyer80@sbi,Nikhil Iyer,300.08,UPI_P2M,SUCCESS,False,0
TXN16172803,2026-09-14 18:41:03,USR_0021,rahul.patel73@kotak,Rahul Patel,USR_0088,neha.patel63@hdfc,Neha Patel,80.9,UPI_P2P,SUCCESS,False,0
TXN67772049,2026-09-14 18:41:41,USR_0096,tanvi.iyer83@pnb,Tanvi Iyer,USR_0061,nikhil.rao27@sbi,Nikhil Rao,1965.98,UPI_P2P,SUCCESS,False,0
TXN20324210,2026-09-14 18:42:18,USR_0035,neha.shukla38@kotak,Neha Shukla,USR_0053,karan.chopra84@hdfc,Karan Chopra,82.06,NEFT,SUCCESS,False,0
TXN86569490,2026-09-14 18:44:42,USR_0032,suresh.mehta31@kotak,Suresh Mehta,USR_0103,ananya.gupta20@kotak,Ananya Gupta,1271.08,UPI_P2P,SUCCESS,False,0
TXN72146184,2026-09-14 18:46:36,USR_0108,sunil.iyer79@kotak,Sunil Iyer,USR_0028,rohan.gupta30@paytm,Rohan Gupta,5172.53,UPI_P2M,SUCCESS,False,0
TXN66208488,2026-09-14 18:48:37,USR_0105,vihaan.iyer52@axis,Vihaan Iyer,USR_0100,suresh.joshi86@kotak,Suresh Joshi,178.33,IMPS_TRANSFER,SUCCESS,False,0
TXN85958181,2026-09-14 18:50:18,USR_0089,priya.joshi10@paytm,Priya Joshi,USR_0098,aditya.nair69@kotak,Aditya Nair,1630.09,UPI_P2P,SUCCESS,False,0
TXN28314232,2026-09-14 18:51:05,USR_0012,tanvi.rao56@paytm,Tanvi Rao,USR_0043,ishaan.shukla67@kotak,Ishaan Shukla,132.57,IMPS_TRANSFER,SUCCESS,False,0
TXN61632653,2026-09-14 18:52:39,USR_0058,neha.shukla43@kotak,Neha Shukla,USR_0108,sunil.iyer79@kotak,Sunil Iyer,361.77,UPI_P2M,SUCCESS,False,0
TXN89379016,2026-09-14 18:55:42,USR_0056,rahul.singh26@axis,Rahul Singh,USR_0080,aarav.verma32@icici,Aarav Verma,1004.84,IMPS_TRANSFER,SUCCESS,False,0
TXN77816807,2026-09-14 19:00:36,USR_0106,sneha.sharma63@hdfc,Sneha Sharma,USR_0099,rahul.verma27@axis,Rahul Verma,577.12,NEFT,SUCCESS,False,0
TXN31738837,2026-09-14 19:01:24,USR_0066,manish.mehta64@kotak,Manish Mehta,USR_0019,varun.patel81@hdfc,Varun Patel,2219.32,UPI_P2M,SUCCESS,False,0
TXN97858385,2026-09-14 19:03:28,USR_0079,vikram.joshi96@axis,Vikram Joshi,USR_0081,aryan.verma65@kotak,Aryan Verma,466.32,UPI_P2M,SUCCESS,False,0
TXN63108878,2026-09-14 19:03:44,USR_0013,diya.shukla44@pnb,Diya Shukla,USR_0017,varun.verma82@hdfc,Varun Verma,5287.13,UPI_P2P,SUCCESS,False,0
TXN56150987,2026-09-14 19:03:52,USR_0070,karan.gupta97@hdfc,Karan Gupta,USR_0010,suresh.shukla47@paytm,Suresh Shukla,538.2,UPI_P2M,SUCCESS,False,0
TXN75757673,2026-09-14 19:04:54,USR_0118,rajesh.sharma29@kotak,Rajesh Sharma,USR_0067,kabir.verma29@pnb,Kabir Verma,648.07,IMPS_TRANSFER,SUCCESS,False,0
TXN42232378,2026-09-14 19:05:32,USR_0119,isha.rao82@sbi,Isha Rao,USR_0026,aditya.mehta43@sbi,Aditya Mehta,929.23,NEFT,SUCCESS,False,0
TXN67610401,2026-09-14 19:07:27,USR_0050,manish.gupta16@sbi,Manish Gupta,USR_0080,aarav.verma32@icici,Aarav Verma,593.58,UPI_P2M,SUCCESS,False,0
TXN60611218,2026-09-14 19:09:35,USR_0050,manish.gupta16@sbi,Manish Gupta,USR_0027,pooja.verma90@paytm,Pooja Verma,2121.86,NEFT,SUCCESS,False,0
TXN78006730,2026-09-14 19:17:20,USR_0101,tanvi.singh41@paytm,Tanvi Singh,USR_0008,deepak.sharma68@pnb,Deepak Sharma,715.09,IMPS_TRANSFER,SUCCESS,False,0
TXN26381779,2026-09-14 19:23:52,USR_0070,karan.gupta97@hdfc,Karan Gupta,USR_0049,ishaan.singh17@hdfc,Ishaan Singh,1002.78,IMPS_TRANSFER,SUCCESS,False,0
TXN36040410,2026-09-14 19:24:45,USR_0068,rajesh.gupta80@kotak,Rajesh Gupta,USR_0030,karan.singh17@hdfc,Karan Singh,3743.07,NEFT,SUCCESS,False,0
TXN74646194,2026-09-14 19:25:35,USR_0081,aryan.verma65@kotak,Aryan Verma,USR_0068,rajesh.gupta80@kotak,Rajesh Gupta,562.9,IMPS_TRANSFER,SUCCESS,False,0
TXN82884346,2026-09-14 19:27:24,USR_0040,kabir.rao55@axis,Kabir Rao,USR_0119,isha.rao82@sbi,Isha Rao,909.31,NEFT,SUCCESS,False,0
TXN75146916,2026-09-14 19:29:26,USR_0102,tanvi.verma46@pnb,Tanvi Verma,USR_0105,vihaan.iyer52@axis,Vihaan Iyer,309.73,NEFT,SUCCESS,False,0
TXN89763928,2026-09-14 19:31:21,USR_0014,vikram.patel41@kotak,Vikram Patel,USR_0000,vikram.verma45@sbi,Vikram Verma,287.68,UPI_P2P,SUCCESS,False,0
TXN40316218,2026-09-14 19:35:50,USR_0076,sunil.mehta35@hdfc,Sunil Mehta,USR_0094,rajesh.shukla49@pnb,Rajesh Shukla,1922.95,NEFT,SUCCESS,False,0
TXN53067834,2026-09-14 19:36:26,USR_0073,karan.iyer32@sbi,Karan Iyer,USR_0097,isha.iyer28@hdfc,Isha Iyer,289.57,UPI_P2M,SUCCESS,False,0
TXN23905032,2026-09-14 19:37:46,USR_0036,ramesh.rao39@sbi,Ramesh Rao,USR_0076,sunil.mehta35@hdfc,Sunil Mehta,1408.22,IMPS_TRANSFER,SUCCESS,False,0
TXN60237832,2026-09-14 19:38:06,USR_0040,kabir.rao55@axis,Kabir Rao,USR_0054,kavya.verma94@axis,Kavya Verma,163.55,IMPS_TRANSFER,SUCCESS,False,0
TXN11740164,2026-09-14 19:38:40,USR_0100,suresh.joshi86@kotak,Suresh Joshi,USR_0087,suresh.iyer61@icici,Suresh Iyer,431.45,UPI_P2P,SUCCESS,False,0
TXN27162621,2026-09-14 19:41:21,USR_0033,suresh.rao66@icici,Suresh Rao,USR_0014,vikram.patel41@kotak,Vikram Patel,472.09,UPI_P2P,SUCCESS,False,0
TXN65608317,2026-09-14 19:41:43,USR_0084,nikhil.joshi95@pnb,Nikhil Joshi,USR_0069,rohan.sharma56@icici,Rohan Sharma,127.18,UPI_P2M,SUCCESS,False,0
TXN46439766,2026-09-14 19:46:44,USR_0090,ishaan.iyer84@paytm,Ishaan Iyer,USR_0109,isha.shukla65@icici,Isha Shukla,438.93,UPI_P2P,SUCCESS,False,0
TXN87110685,2026-09-14 19:50:44,USR_0047,karan.sharma58@hdfc,Karan Sharma,USR_0079,vikram.joshi96@axis,Vikram Joshi,364.68,NEFT,SUCCESS,False,0
TXN80516816,2026-09-14 19:55:25,USR_0077,amit.shukla13@hdfc,Amit Shukla,USR_0108,sunil.iyer79@kotak,Sunil Iyer,317.09,IMPS_TRANSFER,SUCCESS,False,0
TXN86541203,2026-09-14 19:55:54,USR_0087,suresh.iyer61@icici,Suresh Iyer,USR_0112,kavya.joshi60@sbi,Kavya Joshi,1106.4,IMPS_TRANSFER,SUCCESS,False,0
TXN61320957,2026-09-14 19:57:45,USR_0102,tanvi.verma46@pnb,Tanvi Verma,USR_0063,amit.chopra53@hdfc,Amit Chopra,456.16,IMPS_TRANSFER,SUCCESS,False,0
TXN85427317,2026-09-14 19:58:53,USR_0062,karan.verma80@pnb,Karan Verma,USR_0083,varun.sharma65@pnb,Varun Sharma,1075.31,UPI_P2M,SUCCESS,False,0
TXN29031501,2026-09-14 19:59:02,USR_0016,suresh.gupta17@paytm,Suresh Gupta,USR_0011,sunil.shukla22@paytm,Sunil Shukla,572.96,NEFT,SUCCESS,False,0
TXN34678492,2026-09-14 20:01:24,USR_0100,suresh.joshi86@kotak,Suresh Joshi,USR_0090,ishaan.iyer84@paytm,Ishaan Iyer,2813.33,UPI_P2M,SUCCESS,False,0
TXN89398174,2026-09-14 20:02:02,USR_0030,karan.singh17@hdfc,Karan Singh,USR_0075,deepak.nair58@sbi,Deepak Nair,1136.54,IMPS_TRANSFER,SUCCESS,False,0
TXN84238655,2026-09-14 20:03:29,USR_0034,rahul.shukla53@sbi,Rahul Shukla,USR_0007,priya.verma54@icici,Priya Verma,723.82,NEFT,SUCCESS,False,0
TXN62741471,2026-09-14 20:04:20,USR_0119,isha.rao82@sbi,Isha Rao,USR_0078,priya.gupta18@icici,Priya Gupta,2379.62,UPI_P2M,SUCCESS,False,0
TXN53866598,2026-09-14 20:07:46,USR_0067,kabir.verma29@pnb,Kabir Verma,USR_0005,tanvi.chopra10@icici,Tanvi Chopra,1315.52,UPI_P2M,SUCCESS,False,0
TXN10576371,2026-09-14 20:11:43,USR_0058,neha.shukla43@kotak,Neha Shukla,USR_0118,rajesh.sharma29@kotak,Rajesh Sharma,2745.34,UPI_P2M,SUCCESS,False,0
TXN25216804,2026-09-14 20:14:51,USR_0087,suresh.iyer61@icici,Suresh Iyer,USR_0113,vihaan.rao27@axis,Vihaan Rao,629.73,NEFT,SUCCESS,False,0
TXN80528150,2026-09-14 20:18:44,USR_0059,amit.patel79@axis,Amit Patel,USR_0022,vikram.patel97@paytm,Vikram Patel,978.45,IMPS_TRANSFER,SUCCESS,False,0
TXN62707402,2026-09-14 20:19:55,USR_0018,vikram.mehta92@axis,Vikram Mehta,USR_0091,tanvi.mehta37@pnb,Tanvi Mehta,247.71,UPI_P2M,SUCCESS,False,0
TXN18815720,2026-09-14 20:19:59,USR_0115,tanvi.gupta58@icici,Tanvi Gupta,USR_0010,suresh.shukla47@paytm,Suresh Shukla,1770.67,UPI_P2M,SUCCESS,False,0
TXN93935292,2026-09-14 20:22:15,USR_0019,varun.patel81@hdfc,Varun Patel,USR_0118,rajesh.sharma29@kotak,Rajesh Sharma,327.44,UPI_P2P,SUCCESS,False,0
TXN60860378,2026-09-14 20:23:05,USR_0098,aditya.nair69@kotak,Aditya Nair,USR_0038,neha.patel83@pnb,Neha Patel,877.45,IMPS_TRANSFER,SUCCESS,False,0
TXN26581824,2026-09-14 20:28:34,USR_0011,sunil.shukla22@paytm,Sunil Shukla,USR_0032,suresh.mehta31@kotak,Suresh Mehta,547.62,UPI_P2M,SUCCESS,False,0
TXN60400522,2026-09-14 20:29:11,USR_0052,kavya.verma40@pnb,Kavya Verma,USR_0114,aditya.sharma58@icici,Aditya Sharma,925.97,IMPS_TRANSFER,SUCCESS,False,0
TXN17061037,2026-09-14 20:29:55,USR_0039,rahul.mehta62@paytm,Rahul Mehta,USR_0092,deepak.nair94@hdfc,Deepak Nair,3153.43,UPI_P2P,SUCCESS,False,0
TXN11656329,2026-09-14 20:30:07,USR_0076,sunil.mehta35@hdfc,Sunil Mehta,USR_0100,suresh.joshi86@kotak,Suresh Joshi,1190.48,NEFT,SUCCESS,False,0
TXN43122766,2026-09-14 20:32:09,USR_0062,karan.verma80@pnb,Karan Verma,USR_0088,neha.patel63@hdfc,Neha Patel,1984.85,NEFT,SUCCESS,False,0
TXN38369179,2026-09-14 20:32:14,USR_0079,vikram.joshi96@axis,Vikram Joshi,USR_0057,ananya.verma68@sbi,Ananya Verma,956.8,UPI_P2M,SUCCESS,False,0
TXN75437844,2026-09-14 20:32:40,USR_0063,amit.chopra53@hdfc,Amit Chopra,USR_0108,sunil.iyer79@kotak,Sunil Iyer,336.43,UPI_P2M,SUCCESS,False,0
TXN45050544,2026-09-14 20:33:12,USR_0035,neha.shukla38@kotak,Neha Shukla,USR_0081,aryan.verma65@kotak,Aryan Verma,2240.86,IMPS_TRANSFER,SUCCESS,False,0
TXN92245683,2026-09-14 20:34:31,USR_0074,deepak.rao41@paytm,Deepak Rao,USR_0012,tanvi.rao56@paytm,Tanvi Rao,4222.5,IMPS_TRANSFER,SUCCESS,False,0
TXN47621248,2026-09-14 20:36:29,USR_0100,suresh.joshi86@kotak,Suresh Joshi,USR_0031,manish.mehta18@paytm,Manish Mehta,2236.63,NEFT,SUCCESS,False,0
TXN89639062,2026-09-14 20:38:19,USR_0082,sneha.chopra24@kotak,Sneha Chopra,USR_0100,suresh.joshi86@kotak,Suresh Joshi,226.03,NEFT,SUCCESS,False,0
TXN91624673,2026-09-14 20:38:35,USR_0045,deepak.joshi16@sbi,Deepak Joshi,USR_0011,sunil.shukla22@paytm,Sunil Shukla,134.01,UPI_P2P,SUCCESS,False,0
TXN23187101,2026-09-14 20:42:49,USR_0039,rahul.mehta62@paytm,Rahul Mehta,USR_0099,rahul.verma27@axis,Rahul Verma,219.28,UPI_P2M,SUCCESS,False,0
TXN51137177,2026-09-14 20:45:22,USR_0013,diya.shukla44@pnb,Diya Shukla,USR_0010,suresh.shukla47@paytm,Suresh Shukla,168.44,IMPS_TRANSFER,SUCCESS,False,0
TXN96926431,2026-09-14 20:45:44,USR_0113,vihaan.rao27@axis,Vihaan Rao,USR_0071,alok.joshi62@paytm,Alok Joshi,907.85,UPI_P2M,SUCCESS,False,0
TXN88405961,2026-09-14 20:47:13,USR_0062,karan.verma80@pnb,Karan Verma,USR_0057,ananya.verma68@sbi,Ananya Verma,2101.79,IMPS_TRANSFER,SUCCESS,False,0
TXN24072446,2026-09-14 20:48:25,USR_0038,neha.patel83@pnb,Neha Patel,USR_0053,karan.chopra84@hdfc,Karan Chopra,794.54,UPI_P2M,SUCCESS,False,0
TXN18434795,2026-09-14 20:51:04,USR_0025,alok.rao24@icici,Alok Rao,USR_0021,rahul.patel73@kotak,Rahul Patel,411.58,IMPS_TRANSFER,SUCCESS,False,0
TXN82777382,2026-09-14 20:51:20,USR_0116,rajesh.verma12@axis,Rajesh Verma,USR_0077,amit.shukla13@hdfc,Amit Shukla,183.02,NEFT,SUCCESS,False,0
TXN98070016,2026-09-14 20:51:57,USR_0084,nikhil.joshi95@pnb,Nikhil Joshi,USR_0000,vikram.verma45@sbi,Vikram Verma,1289.07,UPI_P2P,SUCCESS,False,0
TXN60981231,2026-09-14 20:53:52,USR_0019,varun.patel81@hdfc,Varun Patel,USR_0025,alok.rao24@icici,Alok Rao,3979.66,UPI_P2M,SUCCESS,False,0
TXN70369365,2026-09-14 20:55:36,USR_0032,suresh.mehta31@kotak,Suresh Mehta,USR_0026,aditya.mehta43@sbi,Aditya Mehta,154.63,UPI_P2P,SUCCESS,False,0
TXN71594457,2026-09-14 20:57:26,USR_0103,ananya.gupta20@kotak,Ananya Gupta,USR_0014,vikram.patel41@kotak,Vikram Patel,608.29,UPI_P2M,SUCCESS,False,0
TXN35499255,2026-09-14 20:59:14,USR_0006,varun.patel53@hdfc,Varun Patel,USR_0012,tanvi.rao56@paytm,Tanvi Rao,631.2,UPI_P2M,SUCCESS,False,0
TXN21746856,2026-09-14 21:01:57,USR_0058,neha.shukla43@kotak,Neha Shukla,USR_0091,tanvi.mehta37@pnb,Tanvi Mehta,577.46,UPI_P2P,SUCCESS,False,0
TXN81603135,2026-09-14 21:04:38,USR_0045,deepak.joshi16@sbi,Deepak Joshi,USR_0039,rahul.mehta62@paytm,Rahul Mehta,408.3,UPI_P2M,SUCCESS,False,0
TXN15950635,2026-09-14 21:05:27,USR_0094,rajesh.shukla49@pnb,Rajesh Shukla,USR_0096,tanvi.iyer83@pnb,Tanvi Iyer,467.07,UPI_P2M,SUCCESS,False,0
TXN44660198,2026-09-14 21:06:03,USR_0048,nikhil.mehta64@icici,Nikhil Mehta,USR_0049,ishaan.singh17@hdfc,Ishaan Singh,2029.35,UPI_P2P,SUCCESS,False,0
TXN49807633,2026-09-14 21:07:09,USR_0114,aditya.sharma58@icici,Aditya Sharma,USR_0088,neha.patel63@hdfc,Neha Patel,1869.82,UPI_P2P,SUCCESS,False,0
TXN16192775,2026-09-14 21:08:49,USR_0111,manish.patel69@paytm,Manish Patel,USR_0011,sunil.shukla22@paytm,Sunil Shukla,375.45,NEFT,SUCCESS,False,0
TXN26506561,2026-09-14 21:14:35,USR_0082,sneha.chopra24@kotak,Sneha Chopra,USR_0046,sneha.mehta37@axis,Sneha Mehta,1887.82,UPI_P2M,SUCCESS,False,0
TXN79086760,2026-09-14 21:19:20,USR_0079,vikram.joshi96@axis,Vikram Joshi,USR_0112,kavya.joshi60@sbi,Kavya Joshi,2125.31,UPI_P2P,SUCCESS,False,0
TXN94728082,2026-09-14 21:26:44,USR_0103,ananya.gupta20@kotak,Ananya Gupta,USR_0118,rajesh.sharma29@kotak,Rajesh Sharma,2427.71,NEFT,SUCCESS,False,0
TXN75581613,2026-09-14 21:27:30,USR_0083,varun.sharma65@pnb,Varun Sharma,USR_0087,suresh.iyer61@icici,Suresh Iyer,453.76,IMPS_TRANSFER,SUCCESS,False,0
TXN85986307,2026-09-14 21:28:20,USR_0106,sneha.sharma63@hdfc,Sneha Sharma,USR_0036,ramesh.rao39@sbi,Ramesh Rao,306.26,UPI_P2M,SUCCESS,False,0
TXN73686372,2026-09-14 21:29:08,USR_0042,aryan.iyer53@pnb,Aryan Iyer,USR_0106,sneha.sharma63@hdfc,Sneha Sharma,99.12,NEFT,SUCCESS,False,0
TXN72360629,2026-09-14 21:31:48,USR_0045,deepak.joshi16@sbi,Deepak Joshi,USR_0069,rohan.sharma56@icici,Rohan Sharma,2038.85,UPI_P2M,SUCCESS,False,0
TXN72858374,2026-09-14 21:32:32,USR_0095,aarav.sharma70@hdfc,Aarav Sharma,USR_0111,manish.patel69@paytm,Manish Patel,509.28,UPI_P2P,SUCCESS,False,0
TXN70945151,2026-09-14 21:36:28,USR_0079,vikram.joshi96@axis,Vikram Joshi,USR_0012,tanvi.rao56@paytm,Tanvi Rao,2331.48,UPI_P2P,SUCCESS,False,0
TXN80280155,2026-09-14 21:38:39,USR_0019,varun.patel81@hdfc,Varun Patel,USR_0024,suresh.nair97@sbi,Suresh Nair,1635.12,NEFT,SUCCESS,False,0
TXN16895666,2026-09-14 21:41:14,USR_0061,nikhil.rao27@sbi,Nikhil Rao,USR_0056,rahul.singh26@axis,Rahul Singh,3618.43,UPI_P2M,SUCCESS,False,0
TXN89318677,2026-09-14 21:41:16,USR_0049,ishaan.singh17@hdfc,Ishaan Singh,USR_0008,deepak.sharma68@pnb,Deepak Sharma,726.41,UPI_P2M,SUCCESS,False,0
TXN59667685,2026-09-14 21:42:03,USR_0053,karan.chopra84@hdfc,Karan Chopra,USR_0058,neha.shukla43@kotak,Neha Shukla,194.53,UPI_P2M,SUCCESS,False,0
TXN38329117,2026-09-14 21:43:58,USR_0103,ananya.gupta20@kotak,Ananya Gupta,USR_0033,suresh.rao66@icici,Suresh Rao,2298.98,UPI_P2M,SUCCESS,False,0
TXN86359356,2026-09-14 21:44:05,USR_0087,suresh.iyer61@icici,Suresh Iyer,USR_0042,aryan.iyer53@pnb,Aryan Iyer,606.42,NEFT,SUCCESS,False,0
TXN40095669,2026-09-14 21:45:46,USR_0005,tanvi.chopra10@icici,Tanvi Chopra,USR_0065,aarav.gupta26@paytm,Aarav Gupta,355.28,NEFT,SUCCESS,False,0
TXN86424055,2026-09-14 21:49:48,USR_0017,varun.verma82@hdfc,Varun Verma,USR_0025,alok.rao24@icici,Alok Rao,772.25,NEFT,SUCCESS,False,0
TXN90065352,2026-09-14 21:49:49,USR_0092,deepak.nair94@hdfc,Deepak Nair,USR_0087,suresh.iyer61@icici,Suresh Iyer,363.65,NEFT,SUCCESS,False,0
TXN25278272,2026-09-14 21:50:02,USR_0047,karan.sharma58@hdfc,Karan Sharma,USR_0104,rahul.iyer29@pnb,Rahul Iyer,680.59,UPI_P2M,SUCCESS,False,0
TXN72930506,2026-09-14 21:53:38,USR_0006,varun.patel53@hdfc,Varun Patel,USR_0115,tanvi.gupta58@icici,Tanvi Gupta,86.52,UPI_P2P,SUCCESS,False,0
TXN66682016,2026-09-14 21:53:45,USR_0001,rohan.nair96@sbi,Rohan Nair,USR_0089,priya.joshi10@paytm,Priya Joshi,1977.79,UPI_P2P,SUCCESS,False,0
TXN62127652,2026-09-14 21:55:46,USR_0100,suresh.joshi86@kotak,Suresh Joshi,USR_0062,karan.verma80@pnb,Karan Verma,223.22,IMPS_TRANSFER,SUCCESS,False,0
TXN88212291,2026-09-14 21:56:46,USR_0091,tanvi.mehta37@pnb,Tanvi Mehta,USR_0117,rahul.rao93@sbi,Rahul Rao,326.57,UPI_P2P,SUCCESS,False,0
TXN27304799,2026-09-14 21:57:09,USR_0088,neha.patel63@hdfc,Neha Patel,USR_0112,kavya.joshi60@sbi,Kavya Joshi,1357.12,IMPS_TRANSFER,SUCCESS,False,0
TXN28531242,2026-09-14 21:57:10,USR_0039,rahul.mehta62@paytm,Rahul Mehta,USR_0073,karan.iyer32@sbi,Karan Iyer,1974.05,NEFT,SUCCESS,False,0
TXN83994695,2026-09-14 21:57:52,USR_0087,suresh.iyer61@icici,Suresh Iyer,USR_0066,manish.mehta64@kotak,Manish Mehta,148.05,UPI_P2M,SUCCESS,False,0
TXN50912093,2026-09-14 21:57:55,USR_0024,suresh.nair97@sbi,Suresh Nair,USR_0041,tanvi.nair96@sbi,Tanvi Nair,89.68,UPI_P2P,SUCCESS,False,0
TXN27551135,2026-09-14 22:01:36,USR_0093,pooja.rao89@pnb,Pooja Rao,USR_0110,priya.gupta96@pnb,Priya Gupta,391.59,NEFT,SUCCESS,False,0
TXN98787891,2026-09-14 22:09:37,USR_0100,suresh.joshi86@kotak,Suresh Joshi,USR_0005,tanvi.chopra10@icici,Tanvi Chopra,1145.53,NEFT,SUCCESS,False,0
TXN33461307,2026-09-14 22:09:59,USR_0004,ramesh.rao79@pnb,Ramesh Rao,USR_0064,karan.sharma91@sbi,Karan Sharma,1864.69,NEFT,SUCCESS,False,0
TXN78175850,2026-09-14 22:15:47,USR_0036,ramesh.rao39@sbi,Ramesh Rao,USR_0098,aditya.nair69@kotak,Aditya Nair,141.61,UPI_P2M,SUCCESS,False,0
TXN93906615,2026-09-14 22:16:55,USR_0107,isha.sharma48@icici,Isha Sharma,USR_0046,sneha.mehta37@axis,Sneha Mehta,184.01,UPI_P2P,SUCCESS,False,0
TXN98750131,2026-09-14 22:27:23,USR_0045,deepak.joshi16@sbi,Deepak Joshi,USR_0052,kavya.verma40@pnb,Kavya Verma,342.07,UPI_P2P,SUCCESS,False,0
TXN52211967,2026-09-14 22:28:32,USR_0093,pooja.rao89@pnb,Pooja Rao,USR_0049,ishaan.singh17@hdfc,Ishaan Singh,331.88,NEFT,SUCCESS,False,0
TXN15684813,2026-09-14 22:28:35,USR_0088,neha.patel63@hdfc,Neha Patel,USR_0056,rahul.singh26@axis,Rahul Singh,93.92,NEFT,SUCCESS,False,0
TXN88378083,2026-09-14 22:28:43,USR_0056,rahul.singh26@axis,Rahul Singh,USR_0066,manish.mehta64@kotak,Manish Mehta,4055.08,UPI_P2M,SUCCESS,False,0
TXN11731095,2026-09-14 22:28:57,USR_0068,rajesh.gupta80@kotak,Rajesh Gupta,USR_0074,deepak.rao41@paytm,Deepak Rao,933.16,UPI_P2M,SUCCESS,False,0
TXN95445405,2026-09-14 22:31:58,USR_0077,amit.shukla13@hdfc,Amit Shukla,USR_0102,tanvi.verma46@pnb,Tanvi Verma,1254.19,UPI_P2M,SUCCESS,False,0
TXN16904975,2026-09-14 22:37:33,USR_0015,priya.singh98@pnb,Priya Singh,USR_0052,kavya.verma40@pnb,Kavya Verma,1122.53,NEFT,SUCCESS,False,0
TXN92448605,2026-09-14 22:38:40,USR_0073,karan.iyer32@sbi,Karan Iyer,USR_0079,vikram.joshi96@axis,Vikram Joshi,1418.18,UPI_P2M,SUCCESS,False,0
TXN10719539,2026-09-14 22:40:38,USR_0060,kavya.rao11@kotak,Kavya Rao,USR_0116,rajesh.verma12@axis,Rajesh Verma,139.78,UPI_P2P,SUCCESS,False,0
TXN16406597,2026-09-14 22:41:23,USR_0080,aarav.verma32@icici,Aarav Verma,USR_0064,karan.sharma91@sbi,Karan Sharma,167.12,UPI_P2P,SUCCESS,False,0
TXN66920644,2026-09-14 22:42:54,USR_0023,priya.chopra77@axis,Priya Chopra,USR_0106,sneha.sharma63@hdfc,Sneha Sharma,198.46,NEFT,SUCCESS,False,0
TXN51216287,2026-09-14 22:44:55,USR_0011,sunil.shukla22@paytm,Sunil Shukla,USR_0028,rohan.gupta30@paytm,Rohan Gupta,659.33,UPI_P2M,SUCCESS,False,0
TXN41702866,2026-09-14 22:45:20,USR_0087,suresh.iyer61@icici,Suresh Iyer,USR_0045,deepak.joshi16@sbi,Deepak Joshi,1149.61,IMPS_TRANSFER,SUCCESS,False,0
TXN74612320,2026-09-14 22:45:23,USR_0065,aarav.gupta26@paytm,Aarav Gupta,USR_0032,suresh.mehta31@kotak,Suresh Mehta,2410.53,NEFT,SUCCESS,False,0
TXN28576833,2026-09-14 22:46:33,USR_0004,ramesh.rao79@pnb,Ramesh Rao,USR_0058,neha.shukla43@kotak,Neha Shukla,3500.68,UPI_P2M,SUCCESS,False,0
TXN73908407,2026-09-14 22:51:43,USR_0004,ramesh.rao79@pnb,Ramesh Rao,USR_0084,nikhil.joshi95@pnb,Nikhil Joshi,870.18,IMPS_TRANSFER,SUCCESS,False,0
TXN84449447,2026-09-14 22:56:17,USR_0001,rohan.nair96@sbi,Rohan Nair,USR_0009,nikhil.iyer80@sbi,Nikhil Iyer,2020.38,UPI_P2P,SUCCESS,False,0
TXN42086411,2026-09-14 22:58:33,USR_0027,pooja.verma90@paytm,Pooja Verma,USR_0016,suresh.gupta17@paytm,Suresh Gupta,335.98,IMPS_TRANSFER,SUCCESS,False,0
TXN75360192,2026-09-14 23:00:01,USR_0059,amit.patel79@axis,Amit Patel,USR_0057,ananya.verma68@sbi,Ananya Verma,587.37,IMPS_TRANSFER,SUCCESS,False,0
TXN49529512,2026-09-14 23:01:34,USR_0082,sneha.chopra24@kotak,Sneha Chopra,USR_0009,nikhil.iyer80@sbi,Nikhil Iyer,1084.14,UPI_P2P,SUCCESS,False,0
TXN83083942,2026-09-14 23:01:39,USR_0100,suresh.joshi86@kotak,Suresh Joshi,USR_0091,tanvi.mehta37@pnb,Tanvi Mehta,542.46,NEFT,SUCCESS,False,0
TXN45106207,2026-09-14 23:02:17,USR_0068,rajesh.gupta80@kotak,Rajesh Gupta,USR_0083,varun.sharma65@pnb,Varun Sharma,119.54,IMPS_TRANSFER,SUCCESS,False,0
TXN21390049,2026-09-14 23:02:18,USR_0080,aarav.verma32@icici,Aarav Verma,USR_0088,neha.patel63@hdfc,Neha Patel,1373.91,NEFT,SUCCESS,False,0
TXN73968467,2026-09-14 23:02:18,USR_0087,suresh.iyer61@icici,Suresh Iyer,USR_0003,rahul.joshi13@kotak,Rahul Joshi,568.1,UPI_P2P,SUCCESS,False,0
TXN22499198,2026-09-14 23:06:21,USR_0095,aarav.sharma70@hdfc,Aarav Sharma,USR_0074,deepak.rao41@paytm,Deepak Rao,1340.02,UPI_P2P,SUCCESS,False,0
TXN99482259,2026-09-14 23:07:23,USR_0038,neha.patel83@pnb,Neha Patel,USR_0025,alok.rao24@icici,Alok Rao,1249.0,UPI_P2P,SUCCESS,False,0
TXN40138350,2026-09-14 23:11:57,USR_0059,amit.patel79@axis,Amit Patel,USR_0063,amit.chopra53@hdfc,Amit Chopra,4019.07,UPI_P2P,SUCCESS,False,0
TXN85910136,2026-09-14 23:13:13,USR_0076,sunil.mehta35@hdfc,Sunil Mehta,USR_0095,aarav.sharma70@hdfc,Aarav Sharma,1743.51,NEFT,SUCCESS,False,0
TXN69401906,2026-09-14 23:13:16,USR_0101,tanvi.singh41@paytm,Tanvi Singh,USR_0087,suresh.iyer61@icici,Suresh Iyer,600.53,UPI_P2P,SUCCESS,False,0
TXN93940940,2026-09-14 23:13:18,USR_0024,suresh.nair97@sbi,Suresh Nair,USR_0066,manish.mehta64@kotak,Manish Mehta,232.28,NEFT,SUCCESS,False,0
TXN70667140,2026-09-14 23:14:26,USR_0057,ananya.verma68@sbi,Ananya Verma,USR_0099,rahul.verma27@axis,Rahul Verma,237.84,UPI_P2P,SUCCESS,False,0
TXN19869264,2026-09-14 23:16:33,USR_0071,alok.joshi62@paytm,Alok Joshi,USR_0024,suresh.nair97@sbi,Suresh Nair,732.68,IMPS_TRANSFER,SUCCESS,False,0
TXN37079584,2026-09-14 23:20:05,USR_0078,priya.gupta18@icici,Priya Gupta,USR_0038,neha.patel83@pnb,Neha Patel,1475.07,NEFT,SUCCESS,False,0
TXN30144023,2026-09-14 23:22:54,USR_0005,tanvi.chopra10@icici,Tanvi Chopra,USR_0060,kavya.rao11@kotak,Kavya Rao,974.31,NEFT,SUCCESS,False,0
TXN24893677,2026-09-14 23:22:57,USR_0116,rajesh.verma12@axis,Rajesh Verma,USR_0086,suresh.verma48@pnb,Suresh Verma,711.43,UPI_P2P,SUCCESS,False,0
TXN53042832,2026-09-14 23:23:20,USR_0079,vikram.joshi96@axis,Vikram Joshi,USR_0109,isha.shukla65@icici,Isha Shukla,1097.22,UPI_P2M,SUCCESS,False,0
TXN79345320,2026-09-14 23:28:40,USR_0083,varun.sharma65@pnb,Varun Sharma,USR_0048,nikhil.mehta64@icici,Nikhil Mehta,98.27,UPI_P2P,SUCCESS,False,0
TXN20798726,2026-09-14 23:28:55,USR_0082,sneha.chopra24@kotak,Sneha Chopra,USR_0011,sunil.shukla22@paytm,Sunil Shukla,610.65,IMPS_TRANSFER,SUCCESS,False,0
TXN39971710,2026-09-14 23:30:57,USR_0099,rahul.verma27@axis,Rahul Verma,USR_0019,varun.patel81@hdfc,Varun Patel,986.8,NEFT,SUCCESS,False,0
TXN52196099,2026-09-14 23:35:53,USR_0017,varun.verma82@hdfc,Varun Verma,USR_0067,kabir.verma29@pnb,Kabir Verma,213.07,NEFT,SUCCESS,False,0
TXN47388792,2026-09-14 23:38:33,USR_0108,sunil.iyer79@kotak,Sunil Iyer,USR_0071,alok.joshi62@paytm,Alok Joshi,358.19,UPI_P2P,SUCCESS,False,0
TXN12828532,2026-09-14 23:39:20,USR_0060,kavya.rao11@kotak,Kavya Rao,USR_0091,tanvi.mehta37@pnb,Tanvi Mehta,3900.02,IMPS_TRANSFER,SUCCESS,False,0
TXN36229153,2026-09-14 23:41:40,USR_0031,manish.mehta18@paytm,Manish Mehta,USR_0059,amit.patel79@axis,Amit Patel,5217.43,NEFT,SUCCESS,False,0
TXN88458327,2026-09-14 23:43:02,USR_0015,priya.singh98@pnb,Priya Singh,USR_0058,neha.shukla43@kotak,Neha Shukla,2094.6,IMPS_TRANSFER,SUCCESS,False,0
TXN84040798,2026-09-14 23:44:27,USR_0070,karan.gupta97@hdfc,Karan Gupta,USR_0073,karan.iyer32@sbi,Karan Iyer,921.55,NEFT,SUCCESS,False,0
TXN84285882,2026-09-14 23:44:56,USR_0084,nikhil.joshi95@pnb,Nikhil Joshi,USR_0074,deepak.rao41@paytm,Deepak Rao,230.28,NEFT,SUCCESS,False,0
TXN15745651,2026-09-14 23:46:45,USR_0008,deepak.sharma68@pnb,Deepak Sharma,USR_0033,suresh.rao66@icici,Suresh Rao,394.69,UPI_P2M,SUCCESS,False,0
TXN95013818,2026-09-14 23:51:03,USR_0101,tanvi.singh41@paytm,Tanvi Singh,USR_0111,manish.patel69@paytm,Manish Patel,573.27,NEFT,SUCCESS,False,0
TXN69509870,2026-09-14 23:51:32,USR_0004,ramesh.rao79@pnb,Ramesh Rao,USR_0088,neha.patel63@hdfc,Neha Patel,1506.9,UPI_P2M,SUCCESS,False,0
TXN65556767,2026-09-14 23:52:18,USR_0117,rahul.rao93@sbi,Rahul Rao,USR_0026,aditya.mehta43@sbi,Aditya Mehta,1307.08,IMPS_TRANSFER,SUCCESS,False,0
TXN85102924,2026-09-14 23:53:09,USR_0050,manish.gupta16@sbi,Manish Gupta,USR_0085,sneha.verma52@pnb,Sneha Verma,64.62,UPI_P2M,SUCCESS,False,0
TXN63766628,2026-09-14 23:59:18,USR_0089,priya.joshi10@paytm,Priya Joshi,USR_0096,tanvi.iyer83@pnb,Tanvi Iyer,279.24,IMPS_TRANSFER,SUCCESS,False,0
TXN80722909,2026-09-14 23:59:29,USR_0047,karan.sharma58@hdfc,Karan Sharma,USR_0103,ananya.gupta20@kotak,Ananya Gupta,325.12,UPI_P2M,SUCCESS,False,0
TXN70721529,2026-09-15 00:01:30,USR_0006,varun.patel53@hdfc,Varun Patel,USR_0008,deepak.sharma68@pnb,Deepak Sharma,1652.15,IMPS_TRANSFER,SUCCESS,False,0
TXN79644554,2026-09-15 00:07:51,USR_0096,tanvi.iyer83@pnb,Tanvi Iyer,USR_0065,aarav.gupta26@paytm,Aarav Gupta,2929.18,NEFT,SUCCESS,False,0
TXN49457501,2026-09-15 00:08:42,USR_0047,karan.sharma58@hdfc,Karan Sharma,USR_0039,rahul.mehta62@paytm,Rahul Mehta,1914.89,IMPS_TRANSFER,SUCCESS,False,0
TXN71694016,2026-09-15 00:16:54,USR_0040,kabir.rao55@axis,Kabir Rao,USR_0109,isha.shukla65@icici,Isha Shukla,81.38,NEFT,SUCCESS,False,0
TXN61908845,2026-09-15 00:17:04,USR_0045,deepak.joshi16@sbi,Deepak Joshi,USR_0104,rahul.iyer29@pnb,Rahul Iyer,2890.61,IMPS_TRANSFER,SUCCESS,False,0
TXN17531619,2026-09-15 00:20:32,USR_0051,pooja.joshi17@hdfc,Pooja Joshi,USR_0048,nikhil.mehta64@icici,Nikhil Mehta,2827.08,NEFT,SUCCESS,False,0
TXN12782955,2026-09-15 00:21:12,USR_0050,manish.gupta16@sbi,Manish Gupta,USR_0112,kavya.joshi60@sbi,Kavya Joshi,2255.65,UPI_P2M,SUCCESS,False,0
TXN18727939,2026-09-15 00:21:31,USR_0117,rahul.rao93@sbi,Rahul Rao,USR_0004,ramesh.rao79@pnb,Ramesh Rao,4340.89,IMPS_TRANSFER,SUCCESS,False,0
TXN52674742,2026-09-15 00:25:01,USR_0024,suresh.nair97@sbi,Suresh Nair,USR_0068,rajesh.gupta80@kotak,Rajesh Gupta,2503.62,IMPS_TRANSFER,SUCCESS,False,0
TXN45296615,2026-09-15 00:25:44,USR_0049,ishaan.singh17@hdfc,Ishaan Singh,USR_0106,sneha.sharma63@hdfc,Sneha Sharma,1528.69,UPI_P2M,SUCCESS,False,0
TXN15892974,2026-09-15 00:27:08,USR_0078,priya.gupta18@icici,Priya Gupta,USR_0020,manish.chopra84@axis,Manish Chopra,2752.46,NEFT,SUCCESS,False,0
TXN76343171,2026-09-15 00:28:09,USR_0098,aditya.nair69@kotak,Aditya Nair,USR_0104,rahul.iyer29@pnb,Rahul Iyer,1650.0,IMPS_TRANSFER,SUCCESS,False,0
TXN13852048,2026-09-15 00:28:29,USR_0078,priya.gupta18@icici,Priya Gupta,USR_0085,sneha.verma52@pnb,Sneha Verma,2193.72,IMPS_TRANSFER,SUCCESS,False,0
TXN77144075,2026-09-15 00:33:49,USR_0022,vikram.patel97@paytm,Vikram Patel,USR_0016,suresh.gupta17@paytm,Suresh Gupta,2818.13,UPI_P2M,SUCCESS,False,0
TXN62902012,2026-09-15 00:34:32,USR_0094,rajesh.shukla49@pnb,Rajesh Shukla,USR_0105,vihaan.iyer52@axis,Vihaan Iyer,269.96,IMPS_TRANSFER,SUCCESS,False,0
TXN72243750,2026-09-15 00:37:35,USR_0113,vihaan.rao27@axis,Vihaan Rao,USR_0010,suresh.shukla47@paytm,Suresh Shukla,2685.15,IMPS_TRANSFER,SUCCESS,False,0
TXN89060695,2026-09-15 00:38:18,USR_0101,tanvi.singh41@paytm,Tanvi Singh,USR_0098,aditya.nair69@kotak,Aditya Nair,1926.92,IMPS_TRANSFER,SUCCESS,False,0
TXN35042738,2026-09-15 00:39:13,USR_0047,karan.sharma58@hdfc,Karan Sharma,USR_0113,vihaan.rao27@axis,Vihaan Rao,1211.33,IMPS_TRANSFER,SUCCESS,False,0
TXN65910573,2026-09-15 00:39:49,USR_0006,varun.patel53@hdfc,Varun Patel,USR_0118,rajesh.sharma29@kotak,Rajesh Sharma,276.03,NEFT,SUCCESS,False,0
TXN84338760,2026-09-15 00:40:38,USR_0023,priya.chopra77@axis,Priya Chopra,USR_0106,sneha.sharma63@hdfc,Sneha Sharma,1041.46,IMPS_TRANSFER,SUCCESS,False,0
TXN67889258,2026-09-15 00:41:58,USR_0095,aarav.sharma70@hdfc,Aarav Sharma,USR_0063,amit.chopra53@hdfc,Amit Chopra,1192.1,UPI_P2M,SUCCESS,False,0
TXN50907334,2026-09-15 00:43:46,USR_0099,rahul.verma27@axis,Rahul Verma,USR_0080,aarav.verma32@icici,Aarav Verma,87.95,UPI_P2P,SUCCESS,False,0
TXN61212793,2026-09-15 00:45:06,USR_0040,kabir.rao55@axis,Kabir Rao,USR_0091,tanvi.mehta37@pnb,Tanvi Mehta,98.17,NEFT,SUCCESS,False,0
TXN66268745,2026-09-15 00:46:05,USR_0011,sunil.shukla22@paytm,Sunil Shukla,USR_0035,neha.shukla38@kotak,Neha Shukla,837.35,UPI_P2M,SUCCESS,False,0
TXN15063406,2026-09-15 00:47:24,USR_0054,kavya.verma94@axis,Kavya Verma,USR_0061,nikhil.rao27@sbi,Nikhil Rao,590.04,UPI_P2P,SUCCESS,False,0
TXN26267678,2026-09-15 00:52:14,USR_0028,rohan.gupta30@paytm,Rohan Gupta,USR_0000,vikram.verma45@sbi,Vikram Verma,640.32,NEFT,SUCCESS,False,0
TXN87890494,2026-09-15 00:52:29,USR_0076,sunil.mehta35@hdfc,Sunil Mehta,USR_0064,karan.sharma91@sbi,Karan Sharma,1544.5,NEFT,SUCCESS,False,0
TXN62430296,2026-09-15 00:53:13,USR_0058,neha.shukla43@kotak,Neha Shukla,USR_0059,amit.patel79@axis,Amit Patel,9935.13,UPI_P2P,SUCCESS,True,1
TXN54136340,2026-09-15 00:53:39,USR_0058,neha.shukla43@kotak,Neha Shukla,USR_0089,priya.joshi10@paytm,Priya Joshi,9341.25,UPI_P2P,SUCCESS,True,1
TXN71330222,2026-09-15 00:53:48,USR_0063,amit.chopra53@hdfc,Amit Chopra,USR_0014,vikram.patel41@kotak,Vikram Patel,2017.42,IMPS_TRANSFER,SUCCESS,False,0
TXN33008094,2026-09-15 00:54:04,USR_0058,neha.shukla43@kotak,Neha Shukla,USR_0032,suresh.mehta31@kotak,Suresh Mehta,9871.06,UPI_P2P,SUCCESS,True,1
TXN61866272,2026-09-15 00:54:17,USR_0059,amit.patel79@axis,Amit Patel,USR_0077,amit.shukla13@hdfc,Amit Shukla,9835.13,UPI_P2P,SUCCESS,True,1
TXN95765571,2026-09-15 00:54:37,USR_0089,priya.joshi10@paytm,Priya Joshi,USR_0091,tanvi.mehta37@pnb,Tanvi Mehta,9241.25,UPI_P2P,SUCCESS,True,1
TXN75580570,2026-09-15 00:55:02,USR_0058,neha.shukla43@kotak,Neha Shukla,USR_0098,aditya.nair69@kotak,Aditya Nair,9333.23,UPI_P2P,SUCCESS,True,1
TXN84209891,2026-09-15 00:55:17,USR_0032,suresh.mehta31@kotak,Suresh Mehta,USR_0077,amit.shukla13@hdfc,Amit Shukla,9771.06,UPI_P2P,SUCCESS,True,1
TXN36709158,2026-09-15 00:55:43,USR_0098,aditya.nair69@kotak,Aditya Nair,USR_0077,amit.shukla13@hdfc,Amit Shukla,9233.23,UPI_P2P,SUCCESS,True,1
TXN48093356,2026-09-15 00:55:46,USR_0058,neha.shukla43@kotak,Neha Shukla,USR_0047,karan.sharma58@hdfc,Karan Sharma,9252.12,UPI_P2P,SUCCESS,True,1
TXN71023927,2026-09-15 00:56:10,USR_0058,neha.shukla43@kotak,Neha Shukla,USR_0021,rahul.patel73@kotak,Rahul Patel,9694.68,UPI_P2P,SUCCESS,True,1
TXN49071522,2026-09-15 00:56:30,USR_0047,karan.sharma58@hdfc,Karan Sharma,USR_0077,amit.shukla13@hdfc,Amit Shukla,9152.12,UPI_P2P,SUCCESS,True,1
TXN79596144,2026-09-15 00:57:03,USR_0021,rahul.patel73@kotak,Rahul Patel,USR_0077,amit.shukla13@hdfc,Amit Shukla,9594.68,UPI_P2P,SUCCESS,True,1
TXN33062057,2026-09-15 00:58:11,USR_0077,amit.shukla13@hdfc,Amit Shukla,USR_0014,vikram.patel41@kotak,Vikram Patel,31594.49,IMPS_TRANSFER,SUCCESS,True,1
TXN27332564,2026-09-15 00:58:24,USR_0091,tanvi.mehta37@pnb,Tanvi Mehta,USR_0014,vikram.patel41@kotak,Vikram Patel,33900.98,IMPS_TRANSFER,SUCCESS,True,1
TXN65144861,2026-09-15 01:00:06,USR_0095,aarav.sharma70@hdfc,Aarav Sharma,USR_0014,vikram.patel41@kotak,Vikram Patel,32302.16,IMPS_TRANSFER,SUCCESS,True,1
TXN31865061,2026-09-15 01:01:35,USR_0036,ramesh.rao39@sbi,Ramesh Rao,USR_0003,rahul.joshi13@kotak,Rahul Joshi,1481.44,UPI_P2P,SUCCESS,False,0
TXN43822301,2026-09-15 01:01:35,USR_0071,alok.joshi62@paytm,Alok Joshi,USR_0086,suresh.verma48@pnb,Suresh Verma,419.79,IMPS_TRANSFER,SUCCESS,False,0
TXN84482698,2026-09-15 01:04:14,USR_0032,suresh.mehta31@kotak,Suresh Mehta,USR_0112,kavya.joshi60@sbi,Kavya Joshi,1474.86,UPI_P2P,SUCCESS,False,0
TXN85099723,2026-09-15 01:06:59,USR_0037,pooja.shukla95@icici,Pooja Shukla,USR_0052,kavya.verma40@pnb,Kavya Verma,700.04,UPI_P2P,SUCCESS,False,0
TXN38829445,2026-09-15 01:11:30,USR_0075,deepak.nair58@sbi,Deepak Nair,USR_0054,kavya.verma94@axis,Kavya Verma,1013.3,UPI_P2P,SUCCESS,False,0
TXN81784254,2026-09-15 01:14:25,USR_0040,kabir.rao55@axis,Kabir Rao,USR_0002,rhea.iyer13@sbi,Rhea Iyer,825.63,UPI_P2P,SUCCESS,False,0
TXN58412365,2026-09-15 01:14:57,USR_0019,varun.patel81@hdfc,Varun Patel,USR_0094,rajesh.shukla49@pnb,Rajesh Shukla,1435.2,IMPS_TRANSFER,SUCCESS,False,0
TXN45248951,2026-09-15 01:16:54,USR_0087,suresh.iyer61@icici,Suresh Iyer,USR_0090,ishaan.iyer84@paytm,Ishaan Iyer,3257.49,NEFT,SUCCESS,False,0
TXN86844836,2026-09-15 01:17:55,USR_0048,nikhil.mehta64@icici,Nikhil Mehta,USR_0073,karan.iyer32@sbi,Karan Iyer,121.91,IMPS_TRANSFER,SUCCESS,False,0
TXN51630244,2026-09-15 01:19:47,USR_0068,rajesh.gupta80@kotak,Rajesh Gupta,USR_0041,tanvi.nair96@sbi,Tanvi Nair,962.73,UPI_P2P,SUCCESS,False,0
TXN82905989,2026-09-15 01:27:11,USR_0034,rahul.shukla53@sbi,Rahul Shukla,USR_0099,rahul.verma27@axis,Rahul Verma,260.31,UPI_P2P,SUCCESS,False,0
TXN56697654,2026-09-15 01:27:43,USR_0049,ishaan.singh17@hdfc,Ishaan Singh,USR_0078,priya.gupta18@icici,Priya Gupta,85.05,UPI_P2P,SUCCESS,False,0
TXN89877290,2026-09-15 01:29:11,USR_0086,suresh.verma48@pnb,Suresh Verma,USR_0093,pooja.rao89@pnb,Pooja Rao,2447.29,NEFT,SUCCESS,False,0
TXN25285764,2026-09-15 01:29:25,USR_0104,rahul.iyer29@pnb,Rahul Iyer,USR_0100,suresh.joshi86@kotak,Suresh Joshi,808.9,IMPS_TRANSFER,SUCCESS,False,0
TXN52688984,2026-09-15 01:29:30,USR_0118,rajesh.sharma29@kotak,Rajesh Sharma,USR_0102,tanvi.verma46@pnb,Tanvi Verma,683.97,IMPS_TRANSFER,SUCCESS,False,0
TXN27742113,2026-09-15 01:35:29,USR_0037,pooja.shukla95@icici,Pooja Shukla,USR_0100,suresh.joshi86@kotak,Suresh Joshi,4187.7,UPI_P2M,SUCCESS,False,0
TXN82611046,2026-09-15 01:40:10,USR_0029,ananya.mehta24@sbi,Ananya Mehta,USR_0115,tanvi.gupta58@icici,Tanvi Gupta,3295.71,IMPS_TRANSFER,SUCCESS,False,0
TXN84853354,2026-09-15 01:41:07,USR_0066,manish.mehta64@kotak,Manish Mehta,USR_0068,rajesh.gupta80@kotak,Rajesh Gupta,1520.95,UPI_P2P,SUCCESS,False,0
TXN84098828,2026-09-15 01:45:34,USR_0090,ishaan.iyer84@paytm,Ishaan Iyer,USR_0026,aditya.mehta43@sbi,Aditya Mehta,63.7,UPI_P2M,SUCCESS,False,0
TXN60070135,2026-09-15 01:46:44,USR_0034,rahul.shukla53@sbi,Rahul Shukla,USR_0101,tanvi.singh41@paytm,Tanvi Singh,1477.88,UPI_P2P,SUCCESS,False,0
TXN22825003,2026-09-15 01:47:23,USR_0026,aditya.mehta43@sbi,Aditya Mehta,USR_0021,rahul.patel73@kotak,Rahul Patel,1592.31,UPI_P2P,SUCCESS,False,0
TXN10986174,2026-09-15 01:47:51,USR_0105,vihaan.iyer52@axis,Vihaan Iyer,USR_0079,vikram.joshi96@axis,Vikram Joshi,3167.45,UPI_P2P,SUCCESS,False,0
TXN47071046,2026-09-15 01:48:44,USR_0049,ishaan.singh17@hdfc,Ishaan Singh,USR_0071,alok.joshi62@paytm,Alok Joshi,2298.49,IMPS_TRANSFER,SUCCESS,False,0
TXN54099326,2026-09-15 01:49:17,USR_0079,vikram.joshi96@axis,Vikram Joshi,USR_0088,neha.patel63@hdfc,Neha Patel,1766.47,UPI_P2P,SUCCESS,False,0
TXN67665720,2026-09-15 01:50:18,USR_0101,tanvi.singh41@paytm,Tanvi Singh,USR_0068,rajesh.gupta80@kotak,Rajesh Gupta,1371.55,UPI_P2M,SUCCESS,False,0
TXN48374806,2026-09-15 01:51:43,USR_0037,pooja.shukla95@icici,Pooja Shukla,USR_0056,rahul.singh26@axis,Rahul Singh,3352.63,IMPS_TRANSFER,SUCCESS,False,0
TXN22762205,2026-09-15 01:54:44,USR_0105,vihaan.iyer52@axis,Vihaan Iyer,USR_0058,neha.shukla43@kotak,Neha Shukla,970.86,NEFT,SUCCESS,False,0
TXN50448811,2026-09-15 01:54:48,USR_0021,rahul.patel73@kotak,Rahul Patel,USR_0059,amit.patel79@axis,Amit Patel,1064.47,NEFT,SUCCESS,False,0
TXN20204415,2026-09-15 01:55:37,USR_0036,ramesh.rao39@sbi,Ramesh Rao,USR_0011,sunil.shukla22@paytm,Sunil Shukla,805.98,IMPS_TRANSFER,SUCCESS,False,0
TXN99880518,2026-09-15 01:57:49,USR_0035,neha.shukla38@kotak,Neha Shukla,USR_0099,rahul.verma27@axis,Rahul Verma,456.33,IMPS_TRANSFER,SUCCESS,False,0
TXN63118906,2026-09-15 02:02:15,USR_0055,nikhil.singh95@hdfc,Nikhil Singh,USR_0075,deepak.nair58@sbi,Deepak Nair,1282.77,UPI_P2P,SUCCESS,False,0
TXN83897088,2026-09-15 02:02:44,USR_0027,pooja.verma90@paytm,Pooja Verma,USR_0065,aarav.gupta26@paytm,Aarav Gupta,1799.03,IMPS_TRANSFER,SUCCESS,False,0
TXN86541906,2026-09-15 02:02:50,USR_0046,sneha.mehta37@axis,Sneha Mehta,USR_0005,tanvi.chopra10@icici,Tanvi Chopra,278.23,UPI_P2P,SUCCESS,False,0
TXN94597104,2026-09-15 02:02:50,USR_0025,alok.rao24@icici,Alok Rao,USR_0105,vihaan.iyer52@axis,Vihaan Iyer,1810.97,IMPS_TRANSFER,SUCCESS,False,0
TXN94862181,2026-09-15 02:02:58,USR_0087,suresh.iyer61@icici,Suresh Iyer,USR_0038,neha.patel83@pnb,Neha Patel,375.45,UPI_P2P,SUCCESS,False,0
TXN32645646,2026-09-15 02:03:01,USR_0018,vikram.mehta92@axis,Vikram Mehta,USR_0050,manish.gupta16@sbi,Manish Gupta,1474.74,UPI_P2P,SUCCESS,False,0
TXN94328498,2026-09-15 02:03:11,USR_0017,varun.verma82@hdfc,Varun Verma,USR_0000,vikram.verma45@sbi,Vikram Verma,2721.69,UPI_P2M,SUCCESS,False,0
TXN37809859,2026-09-15 02:04:25,USR_0034,rahul.shukla53@sbi,Rahul Shukla,USR_0074,deepak.rao41@paytm,Deepak Rao,183.75,UPI_P2P,SUCCESS,False,0
TXN24490391,2026-09-15 02:07:21,USR_0061,nikhil.rao27@sbi,Nikhil Rao,USR_0108,sunil.iyer79@kotak,Sunil Iyer,382.57,NEFT,SUCCESS,False,0
TXN68260195,2026-09-15 02:07:30,USR_0043,ishaan.shukla67@kotak,Ishaan Shukla,USR_0040,kabir.rao55@axis,Kabir Rao,243.45,UPI_P2M,SUCCESS,False,0
TXN92852868,2026-09-15 02:07:38,USR_0108,sunil.iyer79@kotak,Sunil Iyer,USR_0048,nikhil.mehta64@icici,Nikhil Mehta,246.78,UPI_P2P,SUCCESS,False,0
TXN41452485,2026-09-15 02:10:11,USR_0094,rajesh.shukla49@pnb,Rajesh Shukla,USR_0005,tanvi.chopra10@icici,Tanvi Chopra,140.66,NEFT,SUCCESS,False,0
TXN45392370,2026-09-15 02:12:19,USR_0086,suresh.verma48@pnb,Suresh Verma,USR_0067,kabir.verma29@pnb,Kabir Verma,2011.64,NEFT,SUCCESS,False,0
TXN92979370,2026-09-15 02:13:17,USR_0022,vikram.patel97@paytm,Vikram Patel,USR_0035,neha.shukla38@kotak,Neha Shukla,1577.72,UPI_P2M,SUCCESS,False,0
TXN80368504,2026-09-15 02:15:04,USR_0090,ishaan.iyer84@paytm,Ishaan Iyer,USR_0064,karan.sharma91@sbi,Karan Sharma,3581.39,UPI_P2M,SUCCESS,False,0
TXN56896070,2026-09-15 02:15:13,USR_0069,rohan.sharma56@icici,Rohan Sharma,USR_0068,rajesh.gupta80@kotak,Rajesh Gupta,1141.81,UPI_P2P,SUCCESS,False,0
TXN14809280,2026-09-15 02:15:19,USR_0002,rhea.iyer13@sbi,Rhea Iyer,USR_0013,diya.shukla44@pnb,Diya Shukla,1373.45,NEFT,SUCCESS,False,0
TXN51098277,2026-09-15 02:19:31,USR_0037,pooja.shukla95@icici,Pooja Shukla,USR_0028,rohan.gupta30@paytm,Rohan Gupta,1185.65,UPI_P2M,SUCCESS,False,0
TXN29513094,2026-09-15 02:20:13,USR_0117,rahul.rao93@sbi,Rahul Rao,USR_0003,rahul.joshi13@kotak,Rahul Joshi,157.46,NEFT,SUCCESS,False,0
TXN20618223,2026-09-15 02:21:08,USR_0078,priya.gupta18@icici,Priya Gupta,USR_0073,karan.iyer32@sbi,Karan Iyer,2039.82,UPI_P2P,SUCCESS,False,0
TXN35016429,2026-09-15 02:22:20,USR_0029,ananya.mehta24@sbi,Ananya Mehta,USR_0102,tanvi.verma46@pnb,Tanvi Verma,1825.77,UPI_P2M,SUCCESS,False,0
TXN78865239,2026-09-15 02:27:25,USR_0085,sneha.verma52@pnb,Sneha Verma,USR_0081,aryan.verma65@kotak,Aryan Verma,455.16,IMPS_TRANSFER,SUCCESS,False,0
TXN84514489,2026-09-15 02:28:22,USR_0030,karan.singh17@hdfc,Karan Singh,USR_0092,deepak.nair94@hdfc,Deepak Nair,942.71,NEFT,SUCCESS,False,0
TXN13524813,2026-09-15 02:35:26,USR_0071,alok.joshi62@paytm,Alok Joshi,USR_0065,aarav.gupta26@paytm,Aarav Gupta,3640.09,UPI_P2P,SUCCESS,False,0
TXN53091709,2026-09-15 02:36:46,USR_0060,kavya.rao11@kotak,Kavya Rao,USR_0044,aditya.singh41@axis,Aditya Singh,522.24,IMPS_TRANSFER,SUCCESS,False,0
TXN79277190,2026-09-15 02:40:57,USR_0052,kavya.verma40@pnb,Kavya Verma,USR_0117,rahul.rao93@sbi,Rahul Rao,3856.2,NEFT,SUCCESS,False,0
TXN26821075,2026-09-15 02:41:30,USR_0052,kavya.verma40@pnb,Kavya Verma,USR_0098,aditya.nair69@kotak,Aditya Nair,429.02,UPI_P2P,SUCCESS,False,0
TXN24826245,2026-09-15 02:43:07,USR_0036,ramesh.rao39@sbi,Ramesh Rao,USR_0041,tanvi.nair96@sbi,Tanvi Nair,106.19,IMPS_TRANSFER,SUCCESS,False,0
TXN41272427,2026-09-15 02:44:08,USR_0000,vikram.verma45@sbi,Vikram Verma,USR_0119,isha.rao82@sbi,Isha Rao,374.95,UPI_P2P,SUCCESS,False,0
TXN18647316,2026-09-15 02:45:07,USR_0108,sunil.iyer79@kotak,Sunil Iyer,USR_0055,nikhil.singh95@hdfc,Nikhil Singh,948.5,IMPS_TRANSFER,SUCCESS,False,0
TXN88201440,2026-09-15 02:47:20,USR_0028,rohan.gupta30@paytm,Rohan Gupta,USR_0106,sneha.sharma63@hdfc,Sneha Sharma,95.25,UPI_P2M,SUCCESS,False,0
TXN47221734,2026-09-15 02:50:57,USR_0096,tanvi.iyer83@pnb,Tanvi Iyer,USR_0100,suresh.joshi86@kotak,Suresh Joshi,215.57,UPI_P2P,SUCCESS,False,0
TXN98014684,2026-09-15 02:51:22,USR_0082,sneha.chopra24@kotak,Sneha Chopra,USR_0042,aryan.iyer53@pnb,Aryan Iyer,5336.16,IMPS_TRANSFER,SUCCESS,False,0
TXN18184472,2026-09-15 02:52:41,USR_0037,pooja.shukla95@icici,Pooja Shukla,USR_0063,amit.chopra53@hdfc,Amit Chopra,251.2,NEFT,SUCCESS,False,0
TXN30900054,2026-09-15 02:53:36,USR_0039,rahul.mehta62@paytm,Rahul Mehta,USR_0046,sneha.mehta37@axis,Sneha Mehta,1050.91,IMPS_TRANSFER,SUCCESS,False,0
TXN79324022,2026-09-15 02:54:34,USR_0102,tanvi.verma46@pnb,Tanvi Verma,USR_0040,kabir.rao55@axis,Kabir Rao,2585.53,IMPS_TRANSFER,SUCCESS,False,0
TXN30237141,2026-09-15 02:57:33,USR_0067,kabir.verma29@pnb,Kabir Verma,USR_0038,neha.patel83@pnb,Neha Patel,1655.01,UPI_P2P,SUCCESS,False,0
TXN79937264,2026-09-15 03:01:15,USR_0100,suresh.joshi86@kotak,Suresh Joshi,USR_0104,rahul.iyer29@pnb,Rahul Iyer,742.82,UPI_P2P,SUCCESS,False,0
TXN38933176,2026-09-15 03:02:15,USR_0077,amit.shukla13@hdfc,Amit Shukla,USR_0056,rahul.singh26@axis,Rahul Singh,1344.52,IMPS_TRANSFER,SUCCESS,False,0
TXN88809974,2026-09-15 03:02:18,USR_0093,pooja.rao89@pnb,Pooja Rao,USR_0114,aditya.sharma58@icici,Aditya Sharma,6217.4,UPI_P2M,SUCCESS,False,0
TXN94992096,2026-09-15 03:03:30,USR_0013,diya.shukla44@pnb,Diya Shukla,USR_0096,tanvi.iyer83@pnb,Tanvi Iyer,410.39,UPI_P2P,SUCCESS,False,0
TXN34412762,2026-09-15 03:03:37,USR_0025,alok.rao24@icici,Alok Rao,USR_0010,suresh.shukla47@paytm,Suresh Shukla,402.71,IMPS_TRANSFER,SUCCESS,False,0
TXN63211150,2026-09-15 03:05:22,USR_0119,isha.rao82@sbi,Isha Rao,USR_0003,rahul.joshi13@kotak,Rahul Joshi,633.55,UPI_P2P,SUCCESS,False,0
TXN80853774,2026-09-15 03:05:33,USR_0055,nikhil.singh95@hdfc,Nikhil Singh,USR_0023,priya.chopra77@axis,Priya Chopra,294.71,UPI_P2P,SUCCESS,False,0
TXN59650807,2026-09-15 03:06:30,USR_0018,vikram.mehta92@axis,Vikram Mehta,USR_0096,tanvi.iyer83@pnb,Tanvi Iyer,72.08,UPI_P2M,SUCCESS,False,0
TXN95714702,2026-09-15 03:06:38,USR_0095,aarav.sharma70@hdfc,Aarav Sharma,USR_0071,alok.joshi62@paytm,Alok Joshi,7071.83,UPI_P2P,SUCCESS,False,0
TXN85686878,2026-09-15 03:07:41,USR_0016,suresh.gupta17@paytm,Suresh Gupta,USR_0065,aarav.gupta26@paytm,Aarav Gupta,528.18,NEFT,SUCCESS,False,0
TXN75592138,2026-09-15 03:08:35,USR_0087,suresh.iyer61@icici,Suresh Iyer,USR_0062,karan.verma80@pnb,Karan Verma,563.72,NEFT,SUCCESS,False,0
TXN46407626,2026-09-15 03:11:19,USR_0041,tanvi.nair96@sbi,Tanvi Nair,USR_0031,manish.mehta18@paytm,Manish Mehta,728.04,IMPS_TRANSFER,SUCCESS,False,0
TXN30027648,2026-09-15 03:11:37,USR_0040,kabir.rao55@axis,Kabir Rao,USR_0089,priya.joshi10@paytm,Priya Joshi,2060.69,NEFT,SUCCESS,False,0
TXN35224301,2026-09-15 03:13:34,USR_0034,rahul.shukla53@sbi,Rahul Shukla,USR_0093,pooja.rao89@pnb,Pooja Rao,2919.05,UPI_P2P,SUCCESS,False,0
TXN61036796,2026-09-15 03:13:35,USR_0088,neha.patel63@hdfc,Neha Patel,USR_0014,vikram.patel41@kotak,Vikram Patel,332.72,NEFT,SUCCESS,False,0
TXN25695520,2026-09-15 03:15:10,USR_0114,aditya.sharma58@icici,Aditya Sharma,USR_0082,sneha.chopra24@kotak,Sneha Chopra,1633.72,NEFT,SUCCESS,False,0
TXN86914689,2026-09-15 03:17:04,USR_0111,manish.patel69@paytm,Manish Patel,USR_0005,tanvi.chopra10@icici,Tanvi Chopra,733.03,NEFT,SUCCESS,False,0
TXN46721417,2026-09-15 03:21:50,USR_0112,kavya.joshi60@sbi,Kavya Joshi,USR_0049,ishaan.singh17@hdfc,Ishaan Singh,468.56,UPI_P2M,SUCCESS,False,0
TXN53712695,2026-09-15 03:23:35,USR_0074,deepak.rao41@paytm,Deepak Rao,USR_0041,tanvi.nair96@sbi,Tanvi Nair,690.4,UPI_P2M,SUCCESS,False,0
TXN18429833,2026-09-15 03:26:54,USR_0006,varun.patel53@hdfc,Varun Patel,USR_0030,karan.singh17@hdfc,Karan Singh,1195.44,NEFT,SUCCESS,False,0
TXN76893545,2026-09-15 03:28:44,USR_0027,pooja.verma90@paytm,Pooja Verma,USR_0043,ishaan.shukla67@kotak,Ishaan Shukla,215.56,IMPS_TRANSFER,SUCCESS,False,0
TXN15830187,2026-09-15 03:30:39,USR_0055,nikhil.singh95@hdfc,Nikhil Singh,USR_0066,manish.mehta64@kotak,Manish Mehta,504.51,IMPS_TRANSFER,SUCCESS,False,0
TXN49542951,2026-09-15 03:32:06,USR_0093,pooja.rao89@pnb,Pooja Rao,USR_0042,aryan.iyer53@pnb,Aryan Iyer,1513.64,IMPS_TRANSFER,SUCCESS,False,0
TXN12738346,2026-09-15 03:32:47,USR_0065,aarav.gupta26@paytm,Aarav Gupta,USR_0115,tanvi.gupta58@icici,Tanvi Gupta,1871.11,IMPS_TRANSFER,SUCCESS,False,0
TXN50958413,2026-09-15 03:35:21,USR_0100,suresh.joshi86@kotak,Suresh Joshi,USR_0075,deepak.nair58@sbi,Deepak Nair,746.21,UPI_P2P,SUCCESS,False,0
TXN37110707,2026-09-15 03:36:29,USR_0071,alok.joshi62@paytm,Alok Joshi,USR_0055,nikhil.singh95@hdfc,Nikhil Singh,600.18,UPI_P2P,SUCCESS,False,0
TXN92293489,2026-09-15 03:38:25,USR_0059,amit.patel79@axis,Amit Patel,USR_0021,rahul.patel73@kotak,Rahul Patel,114.04,IMPS_TRANSFER,SUCCESS,False,0
TXN82580645,2026-09-15 03:41:33,USR_0067,kabir.verma29@pnb,Kabir Verma,USR_0102,tanvi.verma46@pnb,Tanvi Verma,297.6,NEFT,SUCCESS,False,0
TXN56749089,2026-09-15 03:43:08,USR_0085,sneha.verma52@pnb,Sneha Verma,USR_0052,kavya.verma40@pnb,Kavya Verma,218.83,IMPS_TRANSFER,SUCCESS,False,0
TXN66249702,2026-09-15 03:44:54,USR_0023,priya.chopra77@axis,Priya Chopra,USR_0063,amit.chopra53@hdfc,Amit Chopra,6386.06,UPI_P2M,SUCCESS,False,0
TXN47382097,2026-09-15 03:48:13,USR_0029,ananya.mehta24@sbi,Ananya Mehta,USR_0107,isha.sharma48@icici,Isha Sharma,1279.23,NEFT,SUCCESS,False,0
TXN57219209,2026-09-15 03:51:43,USR_0067,kabir.verma29@pnb,Kabir Verma,USR_0044,aditya.singh41@axis,Aditya Singh,464.62,IMPS_TRANSFER,SUCCESS,False,0
TXN63956682,2026-09-15 03:54:48,USR_0102,tanvi.verma46@pnb,Tanvi Verma,USR_0025,alok.rao24@icici,Alok Rao,1787.21,IMPS_TRANSFER,SUCCESS,False,0
TXN43263373,2026-09-15 04:03:06,USR_0001,rohan.nair96@sbi,Rohan Nair,USR_0093,pooja.rao89@pnb,Pooja Rao,1253.37,UPI_P2M,SUCCESS,False,0
TXN86320155,2026-09-15 04:06:15,USR_0110,priya.gupta96@pnb,Priya Gupta,USR_0075,deepak.nair58@sbi,Deepak Nair,206.18,IMPS_TRANSFER,SUCCESS,False,0
TXN30032157,2026-09-15 04:06:34,USR_0051,pooja.joshi17@hdfc,Pooja Joshi,USR_0079,vikram.joshi96@axis,Vikram Joshi,792.71,IMPS_TRANSFER,SUCCESS,False,0
TXN74709513,2026-09-15 04:06:48,USR_0089,priya.joshi10@paytm,Priya Joshi,USR_0067,kabir.verma29@pnb,Kabir Verma,980.51,UPI_P2M,SUCCESS,False,0
TXN50323741,2026-09-15 04:14:03,USR_0056,rahul.singh26@axis,Rahul Singh,USR_0042,aryan.iyer53@pnb,Aryan Iyer,1132.07,UPI_P2M,SUCCESS,False,0
TXN84757265,2026-09-15 04:15:38,USR_0011,sunil.shukla22@paytm,Sunil Shukla,USR_0023,priya.chopra77@axis,Priya Chopra,2124.79,NEFT,SUCCESS,False,0
TXN13918120,2026-09-15 04:20:41,USR_0081,aryan.verma65@kotak,Aryan Verma,USR_0084,nikhil.joshi95@pnb,Nikhil Joshi,931.17,NEFT,SUCCESS,False,0
TXN59326617,2026-09-15 04:22:18,USR_0057,ananya.verma68@sbi,Ananya Verma,USR_0059,amit.patel79@axis,Amit Patel,939.12,NEFT,SUCCESS,False,0
TXN85947990,2026-09-15 04:28:26,USR_0063,amit.chopra53@hdfc,Amit Chopra,USR_0108,sunil.iyer79@kotak,Sunil Iyer,445.81,IMPS_TRANSFER,SUCCESS,False,0
TXN26178675,2026-09-15 04:30:10,USR_0112,kavya.joshi60@sbi,Kavya Joshi,USR_0104,rahul.iyer29@pnb,Rahul Iyer,363.57,NEFT,SUCCESS,False,0
TXN76323560,2026-09-15 04:33:54,USR_0091,tanvi.mehta37@pnb,Tanvi Mehta,USR_0067,kabir.verma29@pnb,Kabir Verma,1342.29,NEFT,SUCCESS,False,0
TXN94184877,2026-09-15 04:34:55,USR_0010,suresh.shukla47@paytm,Suresh Shukla,USR_0087,suresh.iyer61@icici,Suresh Iyer,552.41,UPI_P2M,SUCCESS,False,0
TXN51766978,2026-09-15 04:36:54,USR_0039,rahul.mehta62@paytm,Rahul Mehta,USR_0074,deepak.rao41@paytm,Deepak Rao,1526.52,IMPS_TRANSFER,SUCCESS,False,0
TXN22475714,2026-09-15 04:45:04,USR_0045,deepak.joshi16@sbi,Deepak Joshi,USR_0114,aditya.sharma58@icici,Aditya Sharma,1289.39,IMPS_TRANSFER,SUCCESS,False,0
TXN28782825,2026-09-15 04:46:14,USR_0113,vihaan.rao27@axis,Vihaan Rao,USR_0080,aarav.verma32@icici,Aarav Verma,1209.49,UPI_P2M,SUCCESS,False,0
TXN32325567,2026-09-15 04:47:16,USR_0006,varun.patel53@hdfc,Varun Patel,USR_0049,ishaan.singh17@hdfc,Ishaan Singh,647.98,NEFT,SUCCESS,False,0
TXN88112812,2026-09-15 04:49:12,USR_0070,karan.gupta97@hdfc,Karan Gupta,USR_0021,rahul.patel73@kotak,Rahul Patel,311.46,UPI_P2M,SUCCESS,False,0
TXN10884169,2026-09-15 04:51:09,USR_0108,sunil.iyer79@kotak,Sunil Iyer,USR_0025,alok.rao24@icici,Alok Rao,1019.53,NEFT,SUCCESS,False,0
TXN58841557,2026-09-15 04:52:31,USR_0090,ishaan.iyer84@paytm,Ishaan Iyer,USR_0056,rahul.singh26@axis,Rahul Singh,1336.18,UPI_P2M,SUCCESS,False,0
TXN37713235,2026-09-15 04:53:24,USR_0070,karan.gupta97@hdfc,Karan Gupta,USR_0099,rahul.verma27@axis,Rahul Verma,9757.36,UPI_P2P,SUCCESS,True,2
TXN72937522,2026-09-15 04:54:01,USR_0040,kabir.rao55@axis,Kabir Rao,USR_0019,varun.patel81@hdfc,Varun Patel,260.38,UPI_P2P,SUCCESS,False,0
TXN31311258,2026-09-15 04:54:14,USR_0070,karan.gupta97@hdfc,Karan Gupta,USR_0104,rahul.iyer29@pnb,Rahul Iyer,9432.32,UPI_P2P,SUCCESS,True,2
TXN40868838,2026-09-15 04:54:36,USR_0112,kavya.joshi60@sbi,Kavya Joshi,USR_0017,varun.verma82@hdfc,Varun Verma,1057.04,UPI_P2M,SUCCESS,False,0
TXN37605500,2026-09-15 04:54:49,USR_0099,rahul.verma27@axis,Rahul Verma,USR_0074,deepak.rao41@paytm,Deepak Rao,9657.36,UPI_P2P,SUCCESS,True,2
TXN46969062,2026-09-15 04:55:03,USR_0070,karan.gupta97@hdfc,Karan Gupta,USR_0020,manish.chopra84@axis,Manish Chopra,9576.86,UPI_P2P,SUCCESS,True,2
TXN37242553,2026-09-15 04:55:21,USR_0104,rahul.iyer29@pnb,Rahul Iyer,USR_0003,rahul.joshi13@kotak,Rahul Joshi,9332.32,UPI_P2P,SUCCESS,True,2
TXN38595818,2026-09-15 04:55:29,USR_0083,varun.sharma65@pnb,Varun Sharma,USR_0021,rahul.patel73@kotak,Rahul Patel,439.01,IMPS_TRANSFER,SUCCESS,False,0
TXN29151794,2026-09-15 04:55:33,USR_0020,manish.chopra84@axis,Manish Chopra,USR_0074,deepak.rao41@paytm,Deepak Rao,9476.86,UPI_P2P,SUCCESS,True,2
TXN91181404,2026-09-15 04:55:48,USR_0070,karan.gupta97@hdfc,Karan Gupta,USR_0039,rahul.mehta62@paytm,Rahul Mehta,9534.3,UPI_P2P,SUCCESS,True,2
TXN80591959,2026-09-15 04:56:23,USR_0111,manish.patel69@paytm,Manish Patel,USR_0108,sunil.iyer79@kotak,Sunil Iyer,2668.7,UPI_P2P,SUCCESS,False,0
TXN71767610,2026-09-15 04:56:39,USR_0070,karan.gupta97@hdfc,Karan Gupta,USR_0013,diya.shukla44@pnb,Diya Shukla,9882.73,UPI_P2P,SUCCESS,True,2
TXN54143064,2026-09-15 04:56:51,USR_0039,rahul.mehta62@paytm,Rahul Mehta,USR_0074,deepak.rao41@paytm,Deepak Rao,9434.3,UPI_P2P,SUCCESS,True,2
TXN15245871,2026-09-15 04:57:45,USR_0013,diya.shukla44@pnb,Diya Shukla,USR_0003,rahul.joshi13@kotak,Rahul Joshi,9782.73,UPI_P2P,SUCCESS,True,2
TXN46595028,2026-09-15 04:59:55,USR_0040,kabir.rao55@axis,Kabir Rao,USR_0098,aditya.nair69@kotak,Aditya Nair,863.39,UPI_P2P,SUCCESS,False,0
TXN22227594,2026-09-15 05:00:13,USR_0074,deepak.rao41@paytm,Deepak Rao,USR_0118,rajesh.sharma29@kotak,Rajesh Sharma,31167.03,IMPS_TRANSFER,SUCCESS,True,2
TXN71244438,2026-09-15 05:00:31,USR_0003,rahul.joshi13@kotak,Rahul Joshi,USR_0118,rajesh.sharma29@kotak,Rajesh Sharma,31814.6,IMPS_TRANSFER,SUCCESS,True,2
TXN45651567,2026-09-15 05:02:25,USR_0003,rahul.joshi13@kotak,Rahul Joshi,USR_0022,vikram.patel97@paytm,Vikram Patel,1939.2,UPI_P2M,SUCCESS,False,0
TXN34359060,2026-09-15 05:04:47,USR_0066,manish.mehta64@kotak,Manish Mehta,USR_0083,varun.sharma65@pnb,Varun Sharma,311.76,IMPS_TRANSFER,SUCCESS,False,0
TXN42635373,2026-09-15 05:15:15,USR_0092,deepak.nair94@hdfc,Deepak Nair,USR_0079,vikram.joshi96@axis,Vikram Joshi,1589.68,UPI_P2M,SUCCESS,False,0
TXN51343854,2026-09-15 05:17:50,USR_0012,tanvi.rao56@paytm,Tanvi Rao,USR_0105,vihaan.iyer52@axis,Vihaan Iyer,270.16,UPI_P2M,SUCCESS,False,0
TXN73282209,2026-09-15 05:18:03,USR_0094,rajesh.shukla49@pnb,Rajesh Shukla,USR_0089,priya.joshi10@paytm,Priya Joshi,102.96,NEFT,SUCCESS,False,0
TXN73946652,2026-09-15 05:18:50,USR_0025,alok.rao24@icici,Alok Rao,USR_0062,karan.verma80@pnb,Karan Verma,1332.21,NEFT,SUCCESS,False,0
TXN70858653,2026-09-15 05:19:00,USR_0115,tanvi.gupta58@icici,Tanvi Gupta,USR_0065,aarav.gupta26@paytm,Aarav Gupta,466.43,UPI_P2P,SUCCESS,False,0
TXN15885670,2026-09-15 05:19:20,USR_0102,tanvi.verma46@pnb,Tanvi Verma,USR_0065,aarav.gupta26@paytm,Aarav Gupta,268.23,NEFT,SUCCESS,False,0
TXN96203262,2026-09-15 05:19:48,USR_0085,sneha.verma52@pnb,Sneha Verma,USR_0044,aditya.singh41@axis,Aditya Singh,2999.85,UPI_P2M,SUCCESS,False,0
TXN95335496,2026-09-15 05:21:11,USR_0072,nikhil.shukla30@paytm,Nikhil Shukla,USR_0052,kavya.verma40@pnb,Kavya Verma,785.4,UPI_P2P,SUCCESS,False,0
TXN59565830,2026-09-15 05:21:59,USR_0060,kavya.rao11@kotak,Kavya Rao,USR_0027,pooja.verma90@paytm,Pooja Verma,1404.15,UPI_P2P,SUCCESS,False,0
TXN54241559,2026-09-15 05:24:29,USR_0049,ishaan.singh17@hdfc,Ishaan Singh,USR_0030,karan.singh17@hdfc,Karan Singh,180.61,IMPS_TRANSFER,SUCCESS,False,0
TXN37603443,2026-09-15 05:26:20,USR_0078,priya.gupta18@icici,Priya Gupta,USR_0073,karan.iyer32@sbi,Karan Iyer,2015.84,UPI_P2M,SUCCESS,False,0
TXN76901651,2026-09-15 05:30:26,USR_0102,tanvi.verma46@pnb,Tanvi Verma,USR_0073,karan.iyer32@sbi,Karan Iyer,2177.9,UPI_P2P,SUCCESS,False,0
TXN22489409,2026-09-15 05:30:46,USR_0091,tanvi.mehta37@pnb,Tanvi Mehta,USR_0062,karan.verma80@pnb,Karan Verma,463.07,UPI_P2P,SUCCESS,False,0
TXN60418290,2026-09-15 05:32:21,USR_0114,aditya.sharma58@icici,Aditya Sharma,USR_0048,nikhil.mehta64@icici,Nikhil Mehta,121.14,NEFT,SUCCESS,False,0
TXN94183695,2026-09-15 05:33:57,USR_0097,isha.iyer28@hdfc,Isha Iyer,USR_0074,deepak.rao41@paytm,Deepak Rao,56.09,IMPS_TRANSFER,SUCCESS,False,0
TXN45346140,2026-09-15 05:36:03,USR_0067,kabir.verma29@pnb,Kabir Verma,USR_0019,varun.patel81@hdfc,Varun Patel,479.66,IMPS_TRANSFER,SUCCESS,False,0
TXN37023185,2026-09-15 05:36:37,USR_0002,rhea.iyer13@sbi,Rhea Iyer,USR_0110,priya.gupta96@pnb,Priya Gupta,266.12,UPI_P2M,SUCCESS,False,0
TXN52148834,2026-09-15 05:36:51,USR_0013,diya.shukla44@pnb,Diya Shukla,USR_0021,rahul.patel73@kotak,Rahul Patel,658.71,NEFT,SUCCESS,False,0
TXN56785209,2026-09-15 05:37:34,USR_0111,manish.patel69@paytm,Manish Patel,USR_0004,ramesh.rao79@pnb,Ramesh Rao,863.0,IMPS_TRANSFER,SUCCESS,False,0
TXN93650068,2026-09-15 05:40:17,USR_0049,ishaan.singh17@hdfc,Ishaan Singh,USR_0064,karan.sharma91@sbi,Karan Sharma,660.0,IMPS_TRANSFER,SUCCESS,False,0
TXN42112095,2026-09-15 05:40:34,USR_0034,rahul.shukla53@sbi,Rahul Shukla,USR_0066,manish.mehta64@kotak,Manish Mehta,124.59,NEFT,SUCCESS,False,0
TXN49092160,2026-09-15 05:40:56,USR_0000,vikram.verma45@sbi,Vikram Verma,USR_0052,kavya.verma40@pnb,Kavya Verma,409.35,NEFT,SUCCESS,False,0
TXN34008676,2026-09-15 05:42:37,USR_0052,kavya.verma40@pnb,Kavya Verma,USR_0041,tanvi.nair96@sbi,Tanvi Nair,1552.48,UPI_P2P,SUCCESS,False,0
TXN58189421,2026-09-15 05:43:07,USR_0040,kabir.rao55@axis,Kabir Rao,USR_0107,isha.sharma48@icici,Isha Sharma,647.58,UPI_P2P,SUCCESS,False,0
TXN68119636,2026-09-15 05:43:39,USR_0052,kavya.verma40@pnb,Kavya Verma,USR_0049,ishaan.singh17@hdfc,Ishaan Singh,1052.77,NEFT,SUCCESS,False,0
TXN77197151,2026-09-15 05:46:09,USR_0106,sneha.sharma63@hdfc,Sneha Sharma,USR_0082,sneha.chopra24@kotak,Sneha Chopra,1531.57,UPI_P2P,SUCCESS,False,0
TXN95044078,2026-09-15 05:47:26,USR_0053,karan.chopra84@hdfc,Karan Chopra,USR_0048,nikhil.mehta64@icici,Nikhil Mehta,1278.9,UPI_P2P,SUCCESS,False,0
TXN60641104,2026-09-15 05:49:07,USR_0039,rahul.mehta62@paytm,Rahul Mehta,USR_0072,nikhil.shukla30@paytm,Nikhil Shukla,161.33,IMPS_TRANSFER,SUCCESS,False,0
TXN19015987,2026-09-15 05:49:26,USR_0092,deepak.nair94@hdfc,Deepak Nair,USR_0089,priya.joshi10@paytm,Priya Joshi,1205.2,IMPS_TRANSFER,SUCCESS,False,0
TXN23077775,2026-09-15 05:49:48,USR_0046,sneha.mehta37@axis,Sneha Mehta,USR_0091,tanvi.mehta37@pnb,Tanvi Mehta,329.66,UPI_P2P,SUCCESS,False,0
TXN62342586,2026-09-15 05:51:44,USR_0084,nikhil.joshi95@pnb,Nikhil Joshi,USR_0019,varun.patel81@hdfc,Varun Patel,2280.79,IMPS_TRANSFER,SUCCESS,False,0
TXN95634408,2026-09-15 05:56:34,USR_0069,rohan.sharma56@icici,Rohan Sharma,USR_0046,sneha.mehta37@axis,Sneha Mehta,1527.91,UPI_P2P,SUCCESS,False,0
TXN15355917,2026-09-15 05:59:02,USR_0060,kavya.rao11@kotak,Kavya Rao,USR_0117,rahul.rao93@sbi,Rahul Rao,350.02,UPI_P2P,SUCCESS,False,0
TXN79942848,2026-09-15 06:02:02,USR_0039,rahul.mehta62@paytm,Rahul Mehta,USR_0043,ishaan.shukla67@kotak,Ishaan Shukla,361.52,UPI_P2M,SUCCESS,False,0
TXN93031143,2026-09-15 06:04:38,USR_0045,deepak.joshi16@sbi,Deepak Joshi,USR_0036,ramesh.rao39@sbi,Ramesh Rao,1464.89,UPI_P2M,SUCCESS,False,0
TXN42980201,2026-09-15 06:08:53,USR_0013,diya.shukla44@pnb,Diya Shukla,USR_0057,ananya.verma68@sbi,Ananya Verma,1264.14,UPI_P2P,SUCCESS,False,0
TXN45212476,2026-09-15 06:11:44,USR_0041,tanvi.nair96@sbi,Tanvi Nair,USR_0025,alok.rao24@icici,Alok Rao,669.98,UPI_P2P,SUCCESS,False,0
TXN49922369,2026-09-15 06:13:05,USR_0045,deepak.joshi16@sbi,Deepak Joshi,USR_0108,sunil.iyer79@kotak,Sunil Iyer,1738.47,UPI_P2M,SUCCESS,False,0
TXN20760289,2026-09-15 06:13:08,USR_0114,aditya.sharma58@icici,Aditya Sharma,USR_0113,vihaan.rao27@axis,Vihaan Rao,78.71,UPI_P2P,SUCCESS,False,0
TXN18163847,2026-09-15 06:13:53,USR_0066,manish.mehta64@kotak,Manish Mehta,USR_0038,neha.patel83@pnb,Neha Patel,5142.84,UPI_P2P,SUCCESS,False,0
TXN80107942,2026-09-15 06:19:40,USR_0092,deepak.nair94@hdfc,Deepak Nair,USR_0004,ramesh.rao79@pnb,Ramesh Rao,2926.7,NEFT,SUCCESS,False,0
TXN72071682,2026-09-15 06:25:08,USR_0019,varun.patel81@hdfc,Varun Patel,USR_0080,aarav.verma32@icici,Aarav Verma,1087.22,IMPS_TRANSFER,SUCCESS,False,0
TXN86242300,2026-09-15 06:26:24,USR_0041,tanvi.nair96@sbi,Tanvi Nair,USR_0004,ramesh.rao79@pnb,Ramesh Rao,125.97,NEFT,SUCCESS,False,0
TXN99552852,2026-09-15 06:26:31,USR_0064,karan.sharma91@sbi,Karan Sharma,USR_0081,aryan.verma65@kotak,Aryan Verma,1144.24,NEFT,SUCCESS,False,0
TXN89017236,2026-09-15 06:27:16,USR_0074,deepak.rao41@paytm,Deepak Rao,USR_0050,manish.gupta16@sbi,Manish Gupta,185.26,UPI_P2M,SUCCESS,False,0
TXN68848427,2026-09-15 06:29:31,USR_0003,rahul.joshi13@kotak,Rahul Joshi,USR_0093,pooja.rao89@pnb,Pooja Rao,433.27,UPI_P2M,SUCCESS,False,0
TXN17275149,2026-09-15 06:31:04,USR_0111,manish.patel69@paytm,Manish Patel,USR_0069,rohan.sharma56@icici,Rohan Sharma,988.89,NEFT,SUCCESS,False,0
TXN36743897,2026-09-15 06:31:41,USR_0022,vikram.patel97@paytm,Vikram Patel,USR_0071,alok.joshi62@paytm,Alok Joshi,124.43,UPI_P2M,SUCCESS,False,0
TXN12921981,2026-09-15 06:32:49,USR_0007,priya.verma54@icici,Priya Verma,USR_0071,alok.joshi62@paytm,Alok Joshi,1389.59,IMPS_TRANSFER,SUCCESS,False,0
TXN34455561,2026-09-15 06:35:00,USR_0094,rajesh.shukla49@pnb,Rajesh Shukla,USR_0084,nikhil.joshi95@pnb,Nikhil Joshi,1295.51,UPI_P2M,SUCCESS,False,0
TXN84502610,2026-09-15 06:35:08,USR_0075,deepak.nair58@sbi,Deepak Nair,USR_0076,sunil.mehta35@hdfc,Sunil Mehta,269.33,IMPS_TRANSFER,SUCCESS,False,0
TXN56300738,2026-09-15 06:35:49,USR_0047,karan.sharma58@hdfc,Karan Sharma,USR_0050,manish.gupta16@sbi,Manish Gupta,215.96,UPI_P2M,SUCCESS,False,0
TXN26094525,2026-09-15 06:37:03,USR_0057,ananya.verma68@sbi,Ananya Verma,USR_0039,rahul.mehta62@paytm,Rahul Mehta,2457.49,IMPS_TRANSFER,SUCCESS,False,0
TXN73617738,2026-09-15 06:37:24,USR_0038,neha.patel83@pnb,Neha Patel,USR_0098,aditya.nair69@kotak,Aditya Nair,5063.51,UPI_P2M,SUCCESS,False,0
TXN47101348,2026-09-15 06:40:51,USR_0064,karan.sharma91@sbi,Karan Sharma,USR_0028,rohan.gupta30@paytm,Rohan Gupta,452.35,UPI_P2M,SUCCESS,False,0
TXN23396125,2026-09-15 06:41:07,USR_0037,pooja.shukla95@icici,Pooja Shukla,USR_0033,suresh.rao66@icici,Suresh Rao,290.97,UPI_P2P,SUCCESS,False,0
TXN97652074,2026-09-15 06:42:45,USR_0000,vikram.verma45@sbi,Vikram Verma,USR_0104,rahul.iyer29@pnb,Rahul Iyer,1612.08,IMPS_TRANSFER,SUCCESS,False,0
TXN18938604,2026-09-15 06:44:06,USR_0034,rahul.shukla53@sbi,Rahul Shukla,USR_0006,varun.patel53@hdfc,Varun Patel,1096.65,UPI_P2P,SUCCESS,False,0
TXN51701149,2026-09-15 06:44:41,USR_0008,deepak.sharma68@pnb,Deepak Sharma,USR_0112,kavya.joshi60@sbi,Kavya Joshi,1295.87,IMPS_TRANSFER,SUCCESS,False,0
TXN59066128,2026-09-15 06:45:49,USR_0049,ishaan.singh17@hdfc,Ishaan Singh,USR_0046,sneha.mehta37@axis,Sneha Mehta,1371.52,UPI_P2P,SUCCESS,False,0
TXN31436829,2026-09-15 06:46:00,USR_0085,sneha.verma52@pnb,Sneha Verma,USR_0015,priya.singh98@pnb,Priya Singh,2151.6,IMPS_TRANSFER,SUCCESS,False,0
TXN79878835,2026-09-15 06:51:42,USR_0032,suresh.mehta31@kotak,Suresh Mehta,USR_0027,pooja.verma90@paytm,Pooja Verma,3318.41,IMPS_TRANSFER,SUCCESS,False,0
TXN35878707,2026-09-15 06:57:28,USR_0108,sunil.iyer79@kotak,Sunil Iyer,USR_0064,karan.sharma91@sbi,Karan Sharma,688.5,IMPS_TRANSFER,SUCCESS,False,0
TXN92590645,2026-09-15 07:02:14,USR_0097,isha.iyer28@hdfc,Isha Iyer,USR_0090,ishaan.iyer84@paytm,Ishaan Iyer,3351.55,NEFT,SUCCESS,False,0
TXN68802221,2026-09-15 07:02:48,USR_0092,deepak.nair94@hdfc,Deepak Nair,USR_0024,suresh.nair97@sbi,Suresh Nair,902.01,IMPS_TRANSFER,SUCCESS,False,0
TXN24217270,2026-09-15 07:09:20,USR_0016,suresh.gupta17@paytm,Suresh Gupta,USR_0003,rahul.joshi13@kotak,Rahul Joshi,264.27,UPI_P2P,SUCCESS,False,0
TXN26377680,2026-09-15 07:09:41,USR_0008,deepak.sharma68@pnb,Deepak Sharma,USR_0037,pooja.shukla95@icici,Pooja Shukla,1574.14,UPI_P2M,SUCCESS,False,0
TXN98723294,2026-09-15 07:10:15,USR_0100,suresh.joshi86@kotak,Suresh Joshi,USR_0050,manish.gupta16@sbi,Manish Gupta,229.97,NEFT,SUCCESS,False,0
TXN32893086,2026-09-15 07:12:18,USR_0057,ananya.verma68@sbi,Ananya Verma,USR_0077,amit.shukla13@hdfc,Amit Shukla,2168.72,NEFT,SUCCESS,False,0
TXN93154172,2026-09-15 07:12:34,USR_0086,suresh.verma48@pnb,Suresh Verma,USR_0029,ananya.mehta24@sbi,Ananya Mehta,58.37,UPI_P2P,SUCCESS,False,0
TXN51890609,2026-09-15 07:18:28,USR_0085,sneha.verma52@pnb,Sneha Verma,USR_0026,aditya.mehta43@sbi,Aditya Mehta,455.99,NEFT,SUCCESS,False,0
TXN61818612,2026-09-15 07:19:07,USR_0040,kabir.rao55@axis,Kabir Rao,USR_0095,aarav.sharma70@hdfc,Aarav Sharma,521.98,NEFT,SUCCESS,False,0
TXN51386492,2026-09-15 07:21:43,USR_0037,pooja.shukla95@icici,Pooja Shukla,USR_0010,suresh.shukla47@paytm,Suresh Shukla,539.39,UPI_P2P,SUCCESS,False,0
TXN55741665,2026-09-15 07:21:45,USR_0031,manish.mehta18@paytm,Manish Mehta,USR_0013,diya.shukla44@pnb,Diya Shukla,405.71,UPI_P2M,SUCCESS,False,0
TXN66388890,2026-09-15 07:23:11,USR_0119,isha.rao82@sbi,Isha Rao,USR_0016,suresh.gupta17@paytm,Suresh Gupta,644.94,IMPS_TRANSFER,SUCCESS,False,0
TXN87004412,2026-09-15 07:23:12,USR_0090,ishaan.iyer84@paytm,Ishaan Iyer,USR_0037,pooja.shukla95@icici,Pooja Shukla,518.76,IMPS_TRANSFER,SUCCESS,False,0
TXN47276794,2026-09-15 07:27:20,USR_0069,rohan.sharma56@icici,Rohan Sharma,USR_0054,kavya.verma94@axis,Kavya Verma,4519.35,UPI_P2M,SUCCESS,False,0
TXN59988144,2026-09-15 07:28:55,USR_0006,varun.patel53@hdfc,Varun Patel,USR_0095,aarav.sharma70@hdfc,Aarav Sharma,988.96,IMPS_TRANSFER,SUCCESS,False,0
TXN90498733,2026-09-15 07:31:08,USR_0024,suresh.nair97@sbi,Suresh Nair,USR_0085,sneha.verma52@pnb,Sneha Verma,2326.35,NEFT,SUCCESS,False,0
TXN75032899,2026-09-15 07:31:35,USR_0051,pooja.joshi17@hdfc,Pooja Joshi,USR_0045,deepak.joshi16@sbi,Deepak Joshi,220.6,NEFT,SUCCESS,False,0
TXN83571770,2026-09-15 07:31:42,USR_0043,ishaan.shukla67@kotak,Ishaan Shukla,USR_0010,suresh.shukla47@paytm,Suresh Shukla,296.25,UPI_P2P,SUCCESS,False,0
TXN68809636,2026-09-15 07:33:03,USR_0061,nikhil.rao27@sbi,Nikhil Rao,USR_0044,aditya.singh41@axis,Aditya Singh,1386.6,UPI_P2P,SUCCESS,False,0
TXN20597167,2026-09-15 07:33:29,USR_0112,kavya.joshi60@sbi,Kavya Joshi,USR_0030,karan.singh17@hdfc,Karan Singh,1684.84,IMPS_TRANSFER,SUCCESS,False,0
TXN70378491,2026-09-15 07:34:41,USR_0104,rahul.iyer29@pnb,Rahul Iyer,USR_0032,suresh.mehta31@kotak,Suresh Mehta,1128.55,UPI_P2P,SUCCESS,False,0
TXN21249805,2026-09-15 07:37:19,USR_0017,varun.verma82@hdfc,Varun Verma,USR_0032,suresh.mehta31@kotak,Suresh Mehta,1229.85,UPI_P2M,SUCCESS,False,0
TXN40728728,2026-09-15 07:39:46,USR_0088,neha.patel63@hdfc,Neha Patel,USR_0016,suresh.gupta17@paytm,Suresh Gupta,1236.31,UPI_P2P,SUCCESS,False,0
TXN18770247,2026-09-15 07:39:53,USR_0032,suresh.mehta31@kotak,Suresh Mehta,USR_0110,priya.gupta96@pnb,Priya Gupta,4094.76,UPI_P2P,SUCCESS,False,0
TXN52111160,2026-09-15 07:42:42,USR_0041,tanvi.nair96@sbi,Tanvi Nair,USR_0084,nikhil.joshi95@pnb,Nikhil Joshi,3455.75,NEFT,SUCCESS,False,0
TXN32924595,2026-09-15 07:43:55,USR_0014,vikram.patel41@kotak,Vikram Patel,USR_0044,aditya.singh41@axis,Aditya Singh,373.1,NEFT,SUCCESS,False,0
TXN91121400,2026-09-15 07:45:06,USR_0095,aarav.sharma70@hdfc,Aarav Sharma,USR_0096,tanvi.iyer83@pnb,Tanvi Iyer,864.21,UPI_P2M,SUCCESS,False,0
TXN89294612,2026-09-15 07:45:32,USR_0086,suresh.verma48@pnb,Suresh Verma,USR_0061,nikhil.rao27@sbi,Nikhil Rao,3148.7,UPI_P2M,SUCCESS,False,0
TXN70725652,2026-09-15 07:46:37,USR_0067,kabir.verma29@pnb,Kabir Verma,USR_0050,manish.gupta16@sbi,Manish Gupta,2637.14,UPI_P2P,SUCCESS,False,0
TXN51818682,2026-09-15 07:47:42,USR_0118,rajesh.sharma29@kotak,Rajesh Sharma,USR_0002,rhea.iyer13@sbi,Rhea Iyer,1878.07,IMPS_TRANSFER,SUCCESS,False,0
TXN41474764,2026-09-15 07:52:43,USR_0088,neha.patel63@hdfc,Neha Patel,USR_0119,isha.rao82@sbi,Isha Rao,941.79,IMPS_TRANSFER,SUCCESS,False,0
TXN55135227,2026-09-15 07:57:24,USR_0087,suresh.iyer61@icici,Suresh Iyer,USR_0013,diya.shukla44@pnb,Diya Shukla,5077.01,UPI_P2P,SUCCESS,False,0
TXN44603983,2026-09-15 07:58:25,USR_0110,priya.gupta96@pnb,Priya Gupta,USR_0003,rahul.joshi13@kotak,Rahul Joshi,162.4,UPI_P2P,SUCCESS,False,0
TXN25188664,2026-09-15 08:04:05,USR_0004,ramesh.rao79@pnb,Ramesh Rao,USR_0072,nikhil.shukla30@paytm,Nikhil Shukla,2479.2,IMPS_TRANSFER,SUCCESS,False,0
TXN55588495,2026-09-15 08:05:40,USR_0048,nikhil.mehta64@icici,Nikhil Mehta,USR_0072,nikhil.shukla30@paytm,Nikhil Shukla,3643.95,UPI_P2M,SUCCESS,False,0
TXN64692890,2026-09-15 08:08:02,USR_0052,kavya.verma40@pnb,Kavya Verma,USR_0008,deepak.sharma68@pnb,Deepak Sharma,2523.74,UPI_P2P,SUCCESS,False,0
TXN89133014,2026-09-15 08:08:09,USR_0027,pooja.verma90@paytm,Pooja Verma,USR_0094,rajesh.shukla49@pnb,Rajesh Shukla,317.28,IMPS_TRANSFER,SUCCESS,False,0
TXN37383505,2026-09-15 08:08:23,USR_0056,rahul.singh26@axis,Rahul Singh,USR_0053,karan.chopra84@hdfc,Karan Chopra,1185.24,NEFT,SUCCESS,False,0
TXN15706527,2026-09-15 08:08:24,USR_0002,rhea.iyer13@sbi,Rhea Iyer,USR_0099,rahul.verma27@axis,Rahul Verma,3366.74,NEFT,SUCCESS,False,0
TXN54619335,2026-09-15 08:08:47,USR_0057,ananya.verma68@sbi,Ananya Verma,USR_0068,rajesh.gupta80@kotak,Rajesh Gupta,1221.56,IMPS_TRANSFER,SUCCESS,False,0
TXN13874790,2026-09-15 08:10:24,USR_0112,kavya.joshi60@sbi,Kavya Joshi,USR_0089,priya.joshi10@paytm,Priya Joshi,5250.98,UPI_P2P,SUCCESS,False,0
TXN27021671,2026-09-15 08:10:36,USR_0003,rahul.joshi13@kotak,Rahul Joshi,USR_0036,ramesh.rao39@sbi,Ramesh Rao,168.33,UPI_P2P,SUCCESS,False,0
TXN19510600,2026-09-15 08:11:55,USR_0100,suresh.joshi86@kotak,Suresh Joshi,USR_0003,rahul.joshi13@kotak,Rahul Joshi,1561.17,UPI_P2P,SUCCESS,False,0
TXN15028557,2026-09-15 08:14:13,USR_0049,ishaan.singh17@hdfc,Ishaan Singh,USR_0083,varun.sharma65@pnb,Varun Sharma,1587.25,NEFT,SUCCESS,False,0
TXN41125867,2026-09-15 08:16:28,USR_0062,karan.verma80@pnb,Karan Verma,USR_0051,pooja.joshi17@hdfc,Pooja Joshi,338.21,NEFT,SUCCESS,False,0
TXN55677542,2026-09-15 08:17:37,USR_0071,alok.joshi62@paytm,Alok Joshi,USR_0028,rohan.gupta30@paytm,Rohan Gupta,175.34,IMPS_TRANSFER,SUCCESS,False,0
TXN10852226,2026-09-15 08:20:15,USR_0002,rhea.iyer13@sbi,Rhea Iyer,USR_0112,kavya.joshi60@sbi,Kavya Joshi,1301.16,UPI_P2P,SUCCESS,False,0
TXN57934299,2026-09-15 08:21:14,USR_0092,deepak.nair94@hdfc,Deepak Nair,USR_0074,deepak.rao41@paytm,Deepak Rao,1449.25,IMPS_TRANSFER,SUCCESS,False,0
TXN37636546,2026-09-15 08:26:20,USR_0012,tanvi.rao56@paytm,Tanvi Rao,USR_0103,ananya.gupta20@kotak,Ananya Gupta,6376.32,UPI_P2P,SUCCESS,False,0
TXN33834879,2026-09-15 08:28:12,USR_0030,karan.singh17@hdfc,Karan Singh,USR_0047,karan.sharma58@hdfc,Karan Sharma,2518.03,NEFT,SUCCESS,False,0
TXN40980376,2026-09-15 08:30:37,USR_0015,priya.singh98@pnb,Priya Singh,USR_0032,suresh.mehta31@kotak,Suresh Mehta,3122.96,NEFT,SUCCESS,False,0
TXN47546086,2026-09-15 08:30:39,USR_0012,tanvi.rao56@paytm,Tanvi Rao,USR_0106,sneha.sharma63@hdfc,Sneha Sharma,927.74,NEFT,SUCCESS,False,0
TXN90124068,2026-09-15 08:31:15,USR_0085,sneha.verma52@pnb,Sneha Verma,USR_0110,priya.gupta96@pnb,Priya Gupta,222.67,IMPS_TRANSFER,SUCCESS,False,0
TXN27368573,2026-09-15 08:31:39,USR_0097,isha.iyer28@hdfc,Isha Iyer,USR_0020,manish.chopra84@axis,Manish Chopra,701.45,UPI_P2P,SUCCESS,False,0
TXN78603195,2026-09-15 08:37:01,USR_0111,manish.patel69@paytm,Manish Patel,USR_0035,neha.shukla38@kotak,Neha Shukla,283.07,UPI_P2M,SUCCESS,False,0
TXN55628196,2026-09-15 08:39:56,USR_0075,deepak.nair58@sbi,Deepak Nair,USR_0005,tanvi.chopra10@icici,Tanvi Chopra,1113.41,UPI_P2P,SUCCESS,False,0
TXN40595926,2026-09-15 08:40:35,USR_0035,neha.shukla38@kotak,Neha Shukla,USR_0107,isha.sharma48@icici,Isha Sharma,559.02,UPI_P2P,SUCCESS,False,0
TXN64923338,2026-09-15 08:44:05,USR_0114,aditya.sharma58@icici,Aditya Sharma,USR_0021,rahul.patel73@kotak,Rahul Patel,706.62,UPI_P2M,SUCCESS,False,0
TXN23044889,2026-09-15 08:44:58,USR_0004,ramesh.rao79@pnb,Ramesh Rao,USR_0038,neha.patel83@pnb,Neha Patel,203.22,UPI_P2P,SUCCESS,False,0
TXN57141449,2026-09-15 08:46:58,USR_0113,vihaan.rao27@axis,Vihaan Rao,USR_0052,kavya.verma40@pnb,Kavya Verma,2085.3,NEFT,SUCCESS,False,0
TXN58438711,2026-09-15 08:51:04,USR_0030,karan.singh17@hdfc,Karan Singh,USR_0101,tanvi.singh41@paytm,Tanvi Singh,4518.27,UPI_P2P,SUCCESS,False,0
TXN85663295,2026-09-15 08:51:29,USR_0098,aditya.nair69@kotak,Aditya Nair,USR_0080,aarav.verma32@icici,Aarav Verma,1356.99,NEFT,SUCCESS,False,0
TXN53334226,2026-09-15 08:54:06,USR_0105,vihaan.iyer52@axis,Vihaan Iyer,USR_0027,pooja.verma90@paytm,Pooja Verma,276.95,IMPS_TRANSFER,SUCCESS,False,0
TXN48352498,2026-09-15 08:54:53,USR_0006,varun.patel53@hdfc,Varun Patel,USR_0036,ramesh.rao39@sbi,Ramesh Rao,173.55,NEFT,SUCCESS,False,0
TXN98930456,2026-09-15 08:57:24,USR_0052,kavya.verma40@pnb,Kavya Verma,USR_0088,neha.patel63@hdfc,Neha Patel,429.87,IMPS_TRANSFER,SUCCESS,False,0
TXN48691113,2026-09-15 08:58:55,USR_0066,manish.mehta64@kotak,Manish Mehta,USR_0017,varun.verma82@hdfc,Varun Verma,2574.23,IMPS_TRANSFER,SUCCESS,False,0
TXN78555983,2026-09-15 09:00:22,USR_0080,aarav.verma32@icici,Aarav Verma,USR_0009,nikhil.iyer80@sbi,Nikhil Iyer,1130.48,NEFT,SUCCESS,False,0
TXN59304469,2026-09-15 09:00:36,USR_0043,ishaan.shukla67@kotak,Ishaan Shukla,USR_0023,priya.chopra77@axis,Priya Chopra,1956.34,NEFT,SUCCESS,False,0
TXN59873103,2026-09-15 09:04:19,USR_0052,kavya.verma40@pnb,Kavya Verma,USR_0011,sunil.shukla22@paytm,Sunil Shukla,1126.82,UPI_P2M,SUCCESS,False,0
TXN92280734,2026-09-15 09:06:29,USR_0067,kabir.verma29@pnb,Kabir Verma,USR_0087,suresh.iyer61@icici,Suresh Iyer,1214.0,UPI_P2M,SUCCESS,False,0
TXN41163805,2026-09-15 09:07:00,USR_0087,suresh.iyer61@icici,Suresh Iyer,USR_0030,karan.singh17@hdfc,Karan Singh,902.52,UPI_P2M,SUCCESS,False,0
TXN97626101,2026-09-15 09:07:09,USR_0002,rhea.iyer13@sbi,Rhea Iyer,USR_0114,aditya.sharma58@icici,Aditya Sharma,56.93,UPI_P2M,SUCCESS,False,0
TXN96155337,2026-09-15 09:08:37,USR_0081,aryan.verma65@kotak,Aryan Verma,USR_0003,rahul.joshi13@kotak,Rahul Joshi,3767.72,IMPS_TRANSFER,SUCCESS,False,0
TXN34037816,2026-09-15 09:09:03,USR_0106,sneha.sharma63@hdfc,Sneha Sharma,USR_0008,deepak.sharma68@pnb,Deepak Sharma,1168.46,UPI_P2P,SUCCESS,False,0
TXN77340900,2026-09-15 09:09:08,USR_0000,vikram.verma45@sbi,Vikram Verma,USR_0073,karan.iyer32@sbi,Karan Iyer,3689.17,UPI_P2M,SUCCESS,False,0
TXN76755908,2026-09-15 09:11:46,USR_0065,aarav.gupta26@paytm,Aarav Gupta,USR_0059,amit.patel79@axis,Amit Patel,2371.04,IMPS_TRANSFER,SUCCESS,False,0
TXN85386435,2026-09-15 09:13:01,USR_0094,rajesh.shukla49@pnb,Rajesh Shukla,USR_0023,priya.chopra77@axis,Priya Chopra,1813.58,NEFT,SUCCESS,False,0
TXN59350218,2026-09-15 09:15:29,USR_0046,sneha.mehta37@axis,Sneha Mehta,USR_0007,priya.verma54@icici,Priya Verma,1413.96,UPI_P2M,SUCCESS,False,0
TXN94180238,2026-09-15 09:16:42,USR_0023,priya.chopra77@axis,Priya Chopra,USR_0091,tanvi.mehta37@pnb,Tanvi Mehta,569.94,UPI_P2P,SUCCESS,False,0
TXN16080513,2026-09-15 09:17:32,USR_0065,aarav.gupta26@paytm,Aarav Gupta,USR_0051,pooja.joshi17@hdfc,Pooja Joshi,613.26,UPI_P2P,SUCCESS,False,0
TXN61226775,2026-09-15 09:19:17,USR_0113,vihaan.rao27@axis,Vihaan Rao,USR_0024,suresh.nair97@sbi,Suresh Nair,561.33,UPI_P2P,SUCCESS,False,0
TXN18304547,2026-09-15 09:23:10,USR_0077,amit.shukla13@hdfc,Amit Shukla,USR_0060,kavya.rao11@kotak,Kavya Rao,1696.83,UPI_P2M,SUCCESS,False,0
TXN34060788,2026-09-15 09:26:52,USR_0036,ramesh.rao39@sbi,Ramesh Rao,USR_0002,rhea.iyer13@sbi,Rhea Iyer,4230.29,NEFT,SUCCESS,False,0
TXN23470708,2026-09-15 09:27:12,USR_0004,ramesh.rao79@pnb,Ramesh Rao,USR_0016,suresh.gupta17@paytm,Suresh Gupta,1267.87,IMPS_TRANSFER,SUCCESS,False,0
TXN25759274,2026-09-15 09:28:12,USR_0051,pooja.joshi17@hdfc,Pooja Joshi,USR_0087,suresh.iyer61@icici,Suresh Iyer,512.88,IMPS_TRANSFER,SUCCESS,False,0
TXN32364326,2026-09-15 09:29:17,USR_0043,ishaan.shukla67@kotak,Ishaan Shukla,USR_0063,amit.chopra53@hdfc,Amit Chopra,121.42,IMPS_TRANSFER,SUCCESS,False,0
TXN32417070,2026-09-15 09:31:46,USR_0013,diya.shukla44@pnb,Diya Shukla,USR_0049,ishaan.singh17@hdfc,Ishaan Singh,285.27,IMPS_TRANSFER,SUCCESS,False,0
TXN35288872,2026-09-15 09:31:58,USR_0027,pooja.verma90@paytm,Pooja Verma,USR_0019,varun.patel81@hdfc,Varun Patel,1739.12,UPI_P2M,SUCCESS,False,0
TXN30073763,2026-09-15 09:36:14,USR_0110,priya.gupta96@pnb,Priya Gupta,USR_0116,rajesh.verma12@axis,Rajesh Verma,1480.01,NEFT,SUCCESS,False,0
TXN25445960,2026-09-15 09:36:31,USR_0065,aarav.gupta26@paytm,Aarav Gupta,USR_0096,tanvi.iyer83@pnb,Tanvi Iyer,410.19,NEFT,SUCCESS,False,0
TXN68104261,2026-09-15 09:37:28,USR_0105,vihaan.iyer52@axis,Vihaan Iyer,USR_0038,neha.patel83@pnb,Neha Patel,1463.82,IMPS_TRANSFER,SUCCESS,False,0
TXN98252435,2026-09-15 09:37:42,USR_0070,karan.gupta97@hdfc,Karan Gupta,USR_0051,pooja.joshi17@hdfc,Pooja Joshi,264.41,IMPS_TRANSFER,SUCCESS,False,0
TXN60090149,2026-09-15 09:42:14,USR_0001,rohan.nair96@sbi,Rohan Nair,USR_0027,pooja.verma90@paytm,Pooja Verma,950.17,NEFT,SUCCESS,False,0
TXN11698142,2026-09-15 09:43:14,USR_0047,karan.sharma58@hdfc,Karan Sharma,USR_0008,deepak.sharma68@pnb,Deepak Sharma,253.55,IMPS_TRANSFER,SUCCESS,False,0
TXN84978145,2026-09-15 09:44:27,USR_0022,vikram.patel97@paytm,Vikram Patel,USR_0052,kavya.verma40@pnb,Kavya Verma,719.86,UPI_P2P,SUCCESS,False,0
TXN57225359,2026-09-15 09:44:52,USR_0089,priya.joshi10@paytm,Priya Joshi,USR_0033,suresh.rao66@icici,Suresh Rao,615.71,UPI_P2P,SUCCESS,False,0
TXN82966824,2026-09-15 09:46:05,USR_0051,pooja.joshi17@hdfc,Pooja Joshi,USR_0068,rajesh.gupta80@kotak,Rajesh Gupta,6883.85,NEFT,SUCCESS,False,0
TXN51662236,2026-09-15 09:49:15,USR_0007,priya.verma54@icici,Priya Verma,USR_0045,deepak.joshi16@sbi,Deepak Joshi,1462.78,UPI_P2P,SUCCESS,False,0
TXN10344303,2026-09-15 09:51:00,USR_0119,isha.rao82@sbi,Isha Rao,USR_0100,suresh.joshi86@kotak,Suresh Joshi,197.78,IMPS_TRANSFER,SUCCESS,False,0
TXN19369750,2026-09-15 09:53:12,USR_0117,rahul.rao93@sbi,Rahul Rao,USR_0076,sunil.mehta35@hdfc,Sunil Mehta,142.32,UPI_P2M,SUCCESS,False,0
TXN12446861,2026-09-15 09:54:17,USR_0085,sneha.verma52@pnb,Sneha Verma,USR_0054,kavya.verma94@axis,Kavya Verma,888.12,IMPS_TRANSFER,SUCCESS,False,0
TXN62579931,2026-09-15 09:58:48,USR_0066,manish.mehta64@kotak,Manish Mehta,USR_0077,amit.shukla13@hdfc,Amit Shukla,602.38,UPI_P2M,SUCCESS,False,0
TXN63255602,2026-09-15 10:02:41,USR_0059,amit.patel79@axis,Amit Patel,USR_0064,karan.sharma91@sbi,Karan Sharma,1631.13,UPI_P2P,SUCCESS,False,0
TXN69831384,2026-09-15 10:03:50,USR_0033,suresh.rao66@icici,Suresh Rao,USR_0028,rohan.gupta30@paytm,Rohan Gupta,768.59,UPI_P2M,SUCCESS,False,0
TXN23594977,2026-09-15 10:08:20,USR_0011,sunil.shukla22@paytm,Sunil Shukla,USR_0099,rahul.verma27@axis,Rahul Verma,1034.2,UPI_P2P,SUCCESS,False,0
TXN67190488,2026-09-15 10:10:46,USR_0005,tanvi.chopra10@icici,Tanvi Chopra,USR_0059,amit.patel79@axis,Amit Patel,323.44,IMPS_TRANSFER,SUCCESS,False,0
TXN47101128,2026-09-15 10:13:05,USR_0107,isha.sharma48@icici,Isha Sharma,USR_0064,karan.sharma91@sbi,Karan Sharma,1258.06,UPI_P2P,SUCCESS,False,0
TXN11194267,2026-09-15 10:15:13,USR_0083,varun.sharma65@pnb,Varun Sharma,USR_0052,kavya.verma40@pnb,Kavya Verma,248.61,UPI_P2P,SUCCESS,False,0
TXN60626689,2026-09-15 10:17:41,USR_0022,vikram.patel97@paytm,Vikram Patel,USR_0094,rajesh.shukla49@pnb,Rajesh Shukla,434.34,UPI_P2P,SUCCESS,False,0
TXN37726346,2026-09-15 10:18:37,USR_0079,vikram.joshi96@axis,Vikram Joshi,USR_0071,alok.joshi62@paytm,Alok Joshi,2505.21,UPI_P2P,SUCCESS,False,0
TXN52831009,2026-09-15 10:22:38,USR_0097,isha.iyer28@hdfc,Isha Iyer,USR_0047,karan.sharma58@hdfc,Karan Sharma,578.02,UPI_P2P,SUCCESS,False,0
TXN74174787,2026-09-15 10:24:24,USR_0073,karan.iyer32@sbi,Karan Iyer,USR_0000,vikram.verma45@sbi,Vikram Verma,655.36,NEFT,SUCCESS,False,0
TXN63811222,2026-09-15 10:26:07,USR_0028,rohan.gupta30@paytm,Rohan Gupta,USR_0102,tanvi.verma46@pnb,Tanvi Verma,591.34,UPI_P2P,SUCCESS,False,0
TXN89727494,2026-09-15 10:28:42,USR_0020,manish.chopra84@axis,Manish Chopra,USR_0031,manish.mehta18@paytm,Manish Mehta,1905.21,UPI_P2M,SUCCESS,False,0
TXN26143959,2026-09-15 10:30:40,USR_0073,karan.iyer32@sbi,Karan Iyer,USR_0115,tanvi.gupta58@icici,Tanvi Gupta,1062.46,UPI_P2M,SUCCESS,False,0
TXN50512501,2026-09-15 10:34:08,USR_0076,sunil.mehta35@hdfc,Sunil Mehta,USR_0002,rhea.iyer13@sbi,Rhea Iyer,433.02,UPI_P2M,SUCCESS,False,0
TXN17693044,2026-09-15 10:34:26,USR_0047,karan.sharma58@hdfc,Karan Sharma,USR_0001,rohan.nair96@sbi,Rohan Nair,785.65,UPI_P2M,SUCCESS,False,0
TXN62088975,2026-09-15 10:35:20,USR_0085,sneha.verma52@pnb,Sneha Verma,USR_0026,aditya.mehta43@sbi,Aditya Mehta,856.66,IMPS_TRANSFER,SUCCESS,False,0
TXN36138432,2026-09-15 10:36:30,USR_0119,isha.rao82@sbi,Isha Rao,USR_0102,tanvi.verma46@pnb,Tanvi Verma,1655.38,IMPS_TRANSFER,SUCCESS,False,0
TXN85280948,2026-09-15 10:38:49,USR_0090,ishaan.iyer84@paytm,Ishaan Iyer,USR_0017,varun.verma82@hdfc,Varun Verma,996.58,UPI_P2M,SUCCESS,False,0
TXN68095862,2026-09-15 10:40:38,USR_0111,manish.patel69@paytm,Manish Patel,USR_0043,ishaan.shukla67@kotak,Ishaan Shukla,181.92,UPI_P2P,SUCCESS,False,0
TXN21087928,2026-09-15 10:41:25,USR_0118,rajesh.sharma29@kotak,Rajesh Sharma,USR_0102,tanvi.verma46@pnb,Tanvi Verma,2698.79,IMPS_TRANSFER,SUCCESS,False,0
TXN76102828,2026-09-15 10:43:17,USR_0072,nikhil.shukla30@paytm,Nikhil Shukla,USR_0063,amit.chopra53@hdfc,Amit Chopra,139.92,NEFT,SUCCESS,False,0
TXN60335658,2026-09-15 10:43:32,USR_0066,manish.mehta64@kotak,Manish Mehta,USR_0015,priya.singh98@pnb,Priya Singh,368.26,UPI_P2P,SUCCESS,False,0
TXN72548391,2026-09-15 10:44:21,USR_0084,nikhil.joshi95@pnb,Nikhil Joshi,USR_0096,tanvi.iyer83@pnb,Tanvi Iyer,887.95,NEFT,SUCCESS,False,0
TXN34148004,2026-09-15 10:44:22,USR_0098,aditya.nair69@kotak,Aditya Nair,USR_0024,suresh.nair97@sbi,Suresh Nair,1336.99,IMPS_TRANSFER,SUCCESS,False,0
TXN68205561,2026-09-15 10:45:50,USR_0058,neha.shukla43@kotak,Neha Shukla,USR_0093,pooja.rao89@pnb,Pooja Rao,243.14,IMPS_TRANSFER,SUCCESS,False,0
TXN25601471,2026-09-15 10:46:04,USR_0041,tanvi.nair96@sbi,Tanvi Nair,USR_0109,isha.shukla65@icici,Isha Shukla,1249.08,NEFT,SUCCESS,False,0
TXN65564671,2026-09-15 10:48:40,USR_0095,aarav.sharma70@hdfc,Aarav Sharma,USR_0075,deepak.nair58@sbi,Deepak Nair,680.02,NEFT,SUCCESS,False,0
TXN90191410,2026-09-15 10:48:58,USR_0078,priya.gupta18@icici,Priya Gupta,USR_0083,varun.sharma65@pnb,Varun Sharma,1804.64,IMPS_TRANSFER,SUCCESS,False,0
TXN95320264,2026-09-15 10:50:25,USR_0070,karan.gupta97@hdfc,Karan Gupta,USR_0039,rahul.mehta62@paytm,Rahul Mehta,53.87,IMPS_TRANSFER,SUCCESS,False,0
TXN39050434,2026-09-15 10:52:18,USR_0052,kavya.verma40@pnb,Kavya Verma,USR_0109,isha.shukla65@icici,Isha Shukla,1008.81,NEFT,SUCCESS,False,0
TXN26001148,2026-09-15 10:56:12,USR_0050,manish.gupta16@sbi,Manish Gupta,USR_0056,rahul.singh26@axis,Rahul Singh,278.7,UPI_P2P,SUCCESS,False,0
TXN32409388,2026-09-15 10:57:42,USR_0063,amit.chopra53@hdfc,Amit Chopra,USR_0044,aditya.singh41@axis,Aditya Singh,335.07,IMPS_TRANSFER,SUCCESS,False,0
TXN42914388,2026-09-15 10:59:14,USR_0066,manish.mehta64@kotak,Manish Mehta,USR_0010,suresh.shukla47@paytm,Suresh Shukla,855.3,UPI_P2P,SUCCESS,False,0
TXN78674708,2026-09-15 11:01:15,USR_0046,sneha.mehta37@axis,Sneha Mehta,USR_0010,suresh.shukla47@paytm,Suresh Shukla,150.21,NEFT,SUCCESS,False,0
TXN18873909,2026-09-15 11:07:44,USR_0060,kavya.rao11@kotak,Kavya Rao,USR_0111,manish.patel69@paytm,Manish Patel,1029.15,IMPS_TRANSFER,SUCCESS,False,0
TXN57572279,2026-09-15 11:12:47,USR_0024,suresh.nair97@sbi,Suresh Nair,USR_0079,vikram.joshi96@axis,Vikram Joshi,1241.15,IMPS_TRANSFER,SUCCESS,False,0
TXN73104323,2026-09-15 11:13:46,USR_0062,karan.verma80@pnb,Karan Verma,USR_0064,karan.sharma91@sbi,Karan Sharma,2433.55,UPI_P2P,SUCCESS,False,0
TXN56016278,2026-09-15 11:16:51,USR_0023,priya.chopra77@axis,Priya Chopra,USR_0102,tanvi.verma46@pnb,Tanvi Verma,2235.05,UPI_P2P,SUCCESS,False,0
TXN58465780,2026-09-15 11:20:47,USR_0076,sunil.mehta35@hdfc,Sunil Mehta,USR_0009,nikhil.iyer80@sbi,Nikhil Iyer,94.85,UPI_P2P,SUCCESS,False,0
TXN66640491,2026-09-15 11:20:52,USR_0091,tanvi.mehta37@pnb,Tanvi Mehta,USR_0007,priya.verma54@icici,Priya Verma,895.91,UPI_P2P,SUCCESS,False,0
TXN88381665,2026-09-15 11:25:47,USR_0103,ananya.gupta20@kotak,Ananya Gupta,USR_0060,kavya.rao11@kotak,Kavya Rao,516.96,IMPS_TRANSFER,SUCCESS,False,0
TXN66346728,2026-09-15 11:27:27,USR_0013,diya.shukla44@pnb,Diya Shukla,USR_0026,aditya.mehta43@sbi,Aditya Mehta,388.77,UPI_P2M,SUCCESS,False,0
TXN71472671,2026-09-15 11:28:59,USR_0085,sneha.verma52@pnb,Sneha Verma,USR_0089,priya.joshi10@paytm,Priya Joshi,1475.5,NEFT,SUCCESS,False,0
TXN56892354,2026-09-15 11:30:54,USR_0081,aryan.verma65@kotak,Aryan Verma,USR_0014,vikram.patel41@kotak,Vikram Patel,2795.88,UPI_P2M,SUCCESS,False,0
TXN95623471,2026-09-15 11:32:49,USR_0085,sneha.verma52@pnb,Sneha Verma,USR_0115,tanvi.gupta58@icici,Tanvi Gupta,2071.44,UPI_P2M,SUCCESS,False,0
TXN65419020,2026-09-15 11:36:45,USR_0083,varun.sharma65@pnb,Varun Sharma,USR_0095,aarav.sharma70@hdfc,Aarav Sharma,1417.85,IMPS_TRANSFER,SUCCESS,False,0
TXN85982862,2026-09-15 11:40:09,USR_0119,isha.rao82@sbi,Isha Rao,USR_0081,aryan.verma65@kotak,Aryan Verma,1196.1,NEFT,SUCCESS,False,0
TXN85177493,2026-09-15 11:41:07,USR_0088,neha.patel63@hdfc,Neha Patel,USR_0086,suresh.verma48@pnb,Suresh Verma,562.04,IMPS_TRANSFER,SUCCESS,False,0
TXN34714210,2026-09-15 11:41:12,USR_0008,deepak.sharma68@pnb,Deepak Sharma,USR_0071,alok.joshi62@paytm,Alok Joshi,1205.29,UPI_P2P,SUCCESS,False,0
TXN94145533,2026-09-15 11:42:16,USR_0098,aditya.nair69@kotak,Aditya Nair,USR_0068,rajesh.gupta80@kotak,Rajesh Gupta,1159.04,UPI_P2P,SUCCESS,False,0
TXN26306114,2026-09-15 11:44:11,USR_0069,rohan.sharma56@icici,Rohan Sharma,USR_0020,manish.chopra84@axis,Manish Chopra,149.3,IMPS_TRANSFER,SUCCESS,False,0
TXN39448924,2026-09-15 11:44:23,USR_0030,karan.singh17@hdfc,Karan Singh,USR_0034,rahul.shukla53@sbi,Rahul Shukla,402.67,UPI_P2P,SUCCESS,False,0
TXN50350996,2026-09-15 11:46:08,USR_0020,manish.chopra84@axis,Manish Chopra,USR_0094,rajesh.shukla49@pnb,Rajesh Shukla,1790.43,UPI_P2P,SUCCESS,False,0
TXN86635858,2026-09-15 11:46:56,USR_0048,nikhil.mehta64@icici,Nikhil Mehta,USR_0080,aarav.verma32@icici,Aarav Verma,2821.55,UPI_P2M,SUCCESS,False,0
TXN76025948,2026-09-15 11:50:32,USR_0036,ramesh.rao39@sbi,Ramesh Rao,USR_0060,kavya.rao11@kotak,Kavya Rao,2580.69,UPI_P2P,SUCCESS,False,0
TXN33496796,2026-09-15 11:50:46,USR_0073,karan.iyer32@sbi,Karan Iyer,USR_0029,ananya.mehta24@sbi,Ananya Mehta,2002.39,UPI_P2P,SUCCESS,False,0
TXN35708194,2026-09-15 11:53:53,USR_0015,priya.singh98@pnb,Priya Singh,USR_0095,aarav.sharma70@hdfc,Aarav Sharma,1895.52,UPI_P2M,SUCCESS,False,0
TXN37868462,2026-09-15 11:54:09,USR_0052,kavya.verma40@pnb,Kavya Verma,USR_0015,priya.singh98@pnb,Priya Singh,4236.87,IMPS_TRANSFER,SUCCESS,False,0
TXN23245372,2026-09-15 11:59:24,USR_0115,tanvi.gupta58@icici,Tanvi Gupta,USR_0096,tanvi.iyer83@pnb,Tanvi Iyer,2338.0,UPI_P2P,SUCCESS,False,0
TXN62163160,2026-09-15 12:01:14,USR_0030,karan.singh17@hdfc,Karan Singh,USR_0113,vihaan.rao27@axis,Vihaan Rao,544.29,UPI_P2M,SUCCESS,False,0
TXN72394301,2026-09-15 12:03:58,USR_0103,ananya.gupta20@kotak,Ananya Gupta,USR_0117,rahul.rao93@sbi,Rahul Rao,1152.9,NEFT,SUCCESS,False,0
TXN21555280,2026-09-15 12:05:46,USR_0109,isha.shukla65@icici,Isha Shukla,USR_0101,tanvi.singh41@paytm,Tanvi Singh,995.02,UPI_P2M,SUCCESS,False,0
TXN53440052,2026-09-15 12:06:34,USR_0035,neha.shukla38@kotak,Neha Shukla,USR_0076,sunil.mehta35@hdfc,Sunil Mehta,1254.18,UPI_P2M,SUCCESS,False,0
TXN73875700,2026-09-15 12:09:18,USR_0070,karan.gupta97@hdfc,Karan Gupta,USR_0087,suresh.iyer61@icici,Suresh Iyer,4101.41,NEFT,SUCCESS,False,0
TXN68755000,2026-09-15 12:11:52,USR_0034,rahul.shukla53@sbi,Rahul Shukla,USR_0064,karan.sharma91@sbi,Karan Sharma,3416.11,NEFT,SUCCESS,False,0
TXN13315946,2026-09-15 12:12:59,USR_0049,ishaan.singh17@hdfc,Ishaan Singh,USR_0032,suresh.mehta31@kotak,Suresh Mehta,928.06,IMPS_TRANSFER,SUCCESS,False,0
TXN16808353,2026-09-15 12:14:29,USR_0114,aditya.sharma58@icici,Aditya Sharma,USR_0043,ishaan.shukla67@kotak,Ishaan Shukla,1128.59,NEFT,SUCCESS,False,0
TXN83624500,2026-09-15 12:14:30,USR_0059,amit.patel79@axis,Amit Patel,USR_0111,manish.patel69@paytm,Manish Patel,836.07,IMPS_TRANSFER,SUCCESS,False,0
TXN29784909,2026-09-15 12:16:57,USR_0074,deepak.rao41@paytm,Deepak Rao,USR_0113,vihaan.rao27@axis,Vihaan Rao,991.1,UPI_P2M,SUCCESS,False,0
TXN19263592,2026-09-15 12:17:02,USR_0089,priya.joshi10@paytm,Priya Joshi,USR_0008,deepak.sharma68@pnb,Deepak Sharma,1920.6,UPI_P2P,SUCCESS,False,0
TXN80322629,2026-09-15 12:21:17,USR_0117,rahul.rao93@sbi,Rahul Rao,USR_0113,vihaan.rao27@axis,Vihaan Rao,64.67,UPI_P2P,SUCCESS,False,0
TXN82548572,2026-09-15 12:22:36,USR_0064,karan.sharma91@sbi,Karan Sharma,USR_0033,suresh.rao66@icici,Suresh Rao,239.91,IMPS_TRANSFER,SUCCESS,False,0
TXN71115319,2026-09-15 12:26:56,USR_0070,karan.gupta97@hdfc,Karan Gupta,USR_0097,isha.iyer28@hdfc,Isha Iyer,532.18,NEFT,SUCCESS,False,0
TXN97766064,2026-09-15 12:27:07,USR_0070,karan.gupta97@hdfc,Karan Gupta,USR_0033,suresh.rao66@icici,Suresh Rao,295.68,NEFT,SUCCESS,False,0
TXN81394920,2026-09-15 12:31:23,USR_0086,suresh.verma48@pnb,Suresh Verma,USR_0092,deepak.nair94@hdfc,Deepak Nair,199.41,NEFT,SUCCESS,False,0
TXN18126895,2026-09-15 12:31:28,USR_0087,suresh.iyer61@icici,Suresh Iyer,USR_0047,karan.sharma58@hdfc,Karan Sharma,4331.36,IMPS_TRANSFER,SUCCESS,False,0
TXN33231136,2026-09-15 12:31:44,USR_0100,suresh.joshi86@kotak,Suresh Joshi,USR_0043,ishaan.shukla67@kotak,Ishaan Shukla,1202.12,UPI_P2M,SUCCESS,False,0
TXN53112268,2026-09-15 12:35:52,USR_0105,vihaan.iyer52@axis,Vihaan Iyer,USR_0023,priya.chopra77@axis,Priya Chopra,615.12,IMPS_TRANSFER,SUCCESS,False,0
TXN54796219,2026-09-15 12:38:17,USR_0046,sneha.mehta37@axis,Sneha Mehta,USR_0004,ramesh.rao79@pnb,Ramesh Rao,654.96,UPI_P2M,SUCCESS,False,0
TXN73218512,2026-09-15 12:39:44,USR_0053,karan.chopra84@hdfc,Karan Chopra,USR_0046,sneha.mehta37@axis,Sneha Mehta,1549.39,UPI_P2M,SUCCESS,False,0
TXN34702473,2026-09-15 12:40:33,USR_0017,varun.verma82@hdfc,Varun Verma,USR_0092,deepak.nair94@hdfc,Deepak Nair,4013.44,NEFT,SUCCESS,False,0
TXN30208677,2026-09-15 12:40:37,USR_0093,pooja.rao89@pnb,Pooja Rao,USR_0115,tanvi.gupta58@icici,Tanvi Gupta,1167.0,UPI_P2M,SUCCESS,False,0
TXN55358959,2026-09-15 12:42:44,USR_0093,pooja.rao89@pnb,Pooja Rao,USR_0009,nikhil.iyer80@sbi,Nikhil Iyer,888.32,UPI_P2P,SUCCESS,False,0
TXN19068358,2026-09-15 12:44:53,USR_0000,vikram.verma45@sbi,Vikram Verma,USR_0015,priya.singh98@pnb,Priya Singh,527.34,IMPS_TRANSFER,SUCCESS,False,0
TXN74743230,2026-09-15 12:46:41,USR_0079,vikram.joshi96@axis,Vikram Joshi,USR_0031,manish.mehta18@paytm,Manish Mehta,2168.49,UPI_P2M,SUCCESS,False,0
TXN37876214,2026-09-15 12:47:31,USR_0020,manish.chopra84@axis,Manish Chopra,USR_0005,tanvi.chopra10@icici,Tanvi Chopra,774.6,NEFT,SUCCESS,False,0
TXN46379997,2026-09-15 12:52:52,USR_0069,rohan.sharma56@icici,Rohan Sharma,USR_0044,aditya.singh41@axis,Aditya Singh,757.2,IMPS_TRANSFER,SUCCESS,False,0
TXN30614492,2026-09-15 12:54:10,USR_0050,manish.gupta16@sbi,Manish Gupta,USR_0073,karan.iyer32@sbi,Karan Iyer,1224.56,NEFT,SUCCESS,False,0
TXN49010740,2026-09-15 12:54:11,USR_0059,amit.patel79@axis,Amit Patel,USR_0082,sneha.chopra24@kotak,Sneha Chopra,1613.18,UPI_P2P,SUCCESS,False,0
TXN59891348,2026-09-15 12:56:00,USR_0115,tanvi.gupta58@icici,Tanvi Gupta,USR_0040,kabir.rao55@axis,Kabir Rao,1469.76,IMPS_TRANSFER,SUCCESS,False,0
TXN22713811,2026-09-15 12:56:10,USR_0071,alok.joshi62@paytm,Alok Joshi,USR_0095,aarav.sharma70@hdfc,Aarav Sharma,1026.38,UPI_P2M,SUCCESS,False,0
TXN19781894,2026-09-15 12:56:21,USR_0101,tanvi.singh41@paytm,Tanvi Singh,USR_0073,karan.iyer32@sbi,Karan Iyer,226.65,IMPS_TRANSFER,SUCCESS,False,0
TXN64126921,2026-09-15 12:57:49,USR_0064,karan.sharma91@sbi,Karan Sharma,USR_0028,rohan.gupta30@paytm,Rohan Gupta,1587.31,NEFT,SUCCESS,False,0
TXN51350093,2026-09-15 12:59:50,USR_0017,varun.verma82@hdfc,Varun Verma,USR_0086,suresh.verma48@pnb,Suresh Verma,136.34,UPI_P2P,SUCCESS,False,0
TXN31009452,2026-09-15 13:04:21,USR_0030,karan.singh17@hdfc,Karan Singh,USR_0022,vikram.patel97@paytm,Vikram Patel,2930.51,UPI_P2P,SUCCESS,False,0
TXN61635535,2026-09-15 13:04:36,USR_0065,aarav.gupta26@paytm,Aarav Gupta,USR_0054,kavya.verma94@axis,Kavya Verma,4076.97,NEFT,SUCCESS,False,0
TXN67961650,2026-09-15 13:08:55,USR_0029,ananya.mehta24@sbi,Ananya Mehta,USR_0045,deepak.joshi16@sbi,Deepak Joshi,1487.44,NEFT,SUCCESS,False,0
TXN11069604,2026-09-15 13:09:09,USR_0041,tanvi.nair96@sbi,Tanvi Nair,USR_0011,sunil.shukla22@paytm,Sunil Shukla,1064.94,NEFT,SUCCESS,False,0
TXN45950066,2026-09-15 13:09:52,USR_0073,karan.iyer32@sbi,Karan Iyer,USR_0040,kabir.rao55@axis,Kabir Rao,2254.38,UPI_P2P,SUCCESS,False,0
TXN49620038,2026-09-15 13:10:07,USR_0002,rhea.iyer13@sbi,Rhea Iyer,USR_0033,suresh.rao66@icici,Suresh Rao,1100.66,NEFT,SUCCESS,False,0
TXN26948946,2026-09-15 13:10:19,USR_0005,tanvi.chopra10@icici,Tanvi Chopra,USR_0006,varun.patel53@hdfc,Varun Patel,1172.4,IMPS_TRANSFER,SUCCESS,False,0
TXN13600310,2026-09-15 13:10:29,USR_0010,suresh.shukla47@paytm,Suresh Shukla,USR_0031,manish.mehta18@paytm,Manish Mehta,845.2,IMPS_TRANSFER,SUCCESS,False,0
TXN98663948,2026-09-15 13:13:37,USR_0052,kavya.verma40@pnb,Kavya Verma,USR_0089,priya.joshi10@paytm,Priya Joshi,991.14,IMPS_TRANSFER,SUCCESS,False,0
TXN90117857,2026-09-15 13:14:05,USR_0011,sunil.shukla22@paytm,Sunil Shukla,USR_0045,deepak.joshi16@sbi,Deepak Joshi,1602.32,UPI_P2P,SUCCESS,False,0
TXN61561575,2026-09-15 13:15:12,USR_0025,alok.rao24@icici,Alok Rao,USR_0022,vikram.patel97@paytm,Vikram Patel,141.22,UPI_P2P,SUCCESS,False,0
TXN44061458,2026-09-15 13:17:06,USR_0047,karan.sharma58@hdfc,Karan Sharma,USR_0071,alok.joshi62@paytm,Alok Joshi,3407.59,NEFT,SUCCESS,False,0
TXN26540343,2026-09-15 13:17:48,USR_0070,karan.gupta97@hdfc,Karan Gupta,USR_0111,manish.patel69@paytm,Manish Patel,873.09,UPI_P2M,SUCCESS,False,0
TXN15609238,2026-09-15 13:18:09,USR_0054,kavya.verma94@axis,Kavya Verma,USR_0116,rajesh.verma12@axis,Rajesh Verma,150.84,NEFT,SUCCESS,False,0
TXN61121302,2026-09-15 13:18:59,USR_0102,tanvi.verma46@pnb,Tanvi Verma,USR_0030,karan.singh17@hdfc,Karan Singh,1478.95,NEFT,SUCCESS,False,0
TXN58357021,2026-09-15 13:19:20,USR_0017,varun.verma82@hdfc,Varun Verma,USR_0024,suresh.nair97@sbi,Suresh Nair,772.21,NEFT,SUCCESS,False,0
TXN16292676,2026-09-15 13:21:12,USR_0086,suresh.verma48@pnb,Suresh Verma,USR_0054,kavya.verma94@axis,Kavya Verma,612.61,NEFT,SUCCESS,False,0
TXN32031067,2026-09-15 13:24:46,USR_0004,ramesh.rao79@pnb,Ramesh Rao,USR_0022,vikram.patel97@paytm,Vikram Patel,224.26,IMPS_TRANSFER,SUCCESS,False,0
TXN12433447,2026-09-15 13:25:29,USR_0030,karan.singh17@hdfc,Karan Singh,USR_0026,aditya.mehta43@sbi,Aditya Mehta,61.25,UPI_P2P,SUCCESS,False,0
TXN22120246,2026-09-15 13:27:36,USR_0108,sunil.iyer79@kotak,Sunil Iyer,USR_0102,tanvi.verma46@pnb,Tanvi Verma,360.42,IMPS_TRANSFER,SUCCESS,False,0
TXN91378577,2026-09-15 13:30:55,USR_0031,manish.mehta18@paytm,Manish Mehta,USR_0015,priya.singh98@pnb,Priya Singh,173.33,NEFT,SUCCESS,False,0
TXN11562947,2026-09-15 13:32:06,USR_0107,isha.sharma48@icici,Isha Sharma,USR_0105,vihaan.iyer52@axis,Vihaan Iyer,1319.24,UPI_P2P,SUCCESS,False,0
TXN21942232,2026-09-15 13:32:55,USR_0002,rhea.iyer13@sbi,Rhea Iyer,USR_0118,rajesh.sharma29@kotak,Rajesh Sharma,97.02,UPI_P2M,SUCCESS,False,0
TXN66015266,2026-09-15 13:33:28,USR_0101,tanvi.singh41@paytm,Tanvi Singh,USR_0114,aditya.sharma58@icici,Aditya Sharma,213.96,UPI_P2P,SUCCESS,False,0
TXN82844534,2026-09-15 13:35:04,USR_0090,ishaan.iyer84@paytm,Ishaan Iyer,USR_0056,rahul.singh26@axis,Rahul Singh,179.78,IMPS_TRANSFER,SUCCESS,False,0
TXN40134594,2026-09-15 13:36:12,USR_0038,neha.patel83@pnb,Neha Patel,USR_0063,amit.chopra53@hdfc,Amit Chopra,281.29,NEFT,SUCCESS,False,0
TXN72015859,2026-09-15 13:38:41,USR_0020,manish.chopra84@axis,Manish Chopra,USR_0042,aryan.iyer53@pnb,Aryan Iyer,931.53,NEFT,SUCCESS,False,0
TXN48626436,2026-09-15 13:41:28,USR_0061,nikhil.rao27@sbi,Nikhil Rao,USR_0044,aditya.singh41@axis,Aditya Singh,177.47,IMPS_TRANSFER,SUCCESS,False,0
TXN63472598,2026-09-15 13:48:41,USR_0038,neha.patel83@pnb,Neha Patel,USR_0032,suresh.mehta31@kotak,Suresh Mehta,354.04,UPI_P2P,SUCCESS,False,0
TXN88222933,2026-09-15 13:49:18,USR_0097,isha.iyer28@hdfc,Isha Iyer,USR_0045,deepak.joshi16@sbi,Deepak Joshi,714.51,NEFT,SUCCESS,False,0
TXN65902739,2026-09-15 13:49:46,USR_0117,rahul.rao93@sbi,Rahul Rao,USR_0007,priya.verma54@icici,Priya Verma,1729.88,NEFT,SUCCESS,False,0
TXN21432787,2026-09-15 13:51:45,USR_0019,varun.patel81@hdfc,Varun Patel,USR_0103,ananya.gupta20@kotak,Ananya Gupta,485.95,IMPS_TRANSFER,SUCCESS,False,0
TXN76065552,2026-09-15 13:52:55,USR_0072,nikhil.shukla30@paytm,Nikhil Shukla,USR_0018,vikram.mehta92@axis,Vikram Mehta,686.91,UPI_P2M,SUCCESS,False,0
TXN60340113,2026-09-15 13:53:05,USR_0077,amit.shukla13@hdfc,Amit Shukla,USR_0030,karan.singh17@hdfc,Karan Singh,153.17,UPI_P2M,SUCCESS,False,0
TXN40314047,2026-09-15 14:01:11,USR_0051,pooja.joshi17@hdfc,Pooja Joshi,USR_0058,neha.shukla43@kotak,Neha Shukla,777.35,UPI_P2M,SUCCESS,False,0
TXN39598969,2026-09-15 14:02:55,USR_0021,rahul.patel73@kotak,Rahul Patel,USR_0010,suresh.shukla47@paytm,Suresh Shukla,915.83,UPI_P2P,SUCCESS,False,0
TXN76596831,2026-09-15 14:03:35,USR_0028,rohan.gupta30@paytm,Rohan Gupta,USR_0081,aryan.verma65@kotak,Aryan Verma,265.33,UPI_P2P,SUCCESS,False,0
TXN74894729,2026-09-15 14:07:07,USR_0020,manish.chopra84@axis,Manish Chopra,USR_0022,vikram.patel97@paytm,Vikram Patel,1464.26,UPI_P2M,SUCCESS,False,0
TXN52457517,2026-09-15 14:09:19,USR_0019,varun.patel81@hdfc,Varun Patel,USR_0072,nikhil.shukla30@paytm,Nikhil Shukla,1977.83,IMPS_TRANSFER,SUCCESS,False,0
TXN54968591,2026-09-15 14:14:07,USR_0001,rohan.nair96@sbi,Rohan Nair,USR_0038,neha.patel83@pnb,Neha Patel,2023.05,UPI_P2P,SUCCESS,False,0
TXN32881048,2026-09-15 14:19:06,USR_0111,manish.patel69@paytm,Manish Patel,USR_0035,neha.shukla38@kotak,Neha Shukla,127.64,NEFT,SUCCESS,False,0
TXN80206603,2026-09-15 14:22:36,USR_0033,suresh.rao66@icici,Suresh Rao,USR_0119,isha.rao82@sbi,Isha Rao,962.22,UPI_P2M,SUCCESS,False,0
TXN84950330,2026-09-15 14:23:09,USR_0084,nikhil.joshi95@pnb,Nikhil Joshi,USR_0031,manish.mehta18@paytm,Manish Mehta,433.63,UPI_P2M,SUCCESS,False,0
TXN81441519,2026-09-15 14:23:21,USR_0103,ananya.gupta20@kotak,Ananya Gupta,USR_0007,priya.verma54@icici,Priya Verma,528.34,IMPS_TRANSFER,SUCCESS,False,0
TXN60554391,2026-09-15 14:23:44,USR_0074,deepak.rao41@paytm,Deepak Rao,USR_0069,rohan.sharma56@icici,Rohan Sharma,3510.16,UPI_P2M,SUCCESS,False,0
TXN22655004,2026-09-15 14:25:57,USR_0065,aarav.gupta26@paytm,Aarav Gupta,USR_0071,alok.joshi62@paytm,Alok Joshi,729.47,UPI_P2M,SUCCESS,False,0
TXN74916146,2026-09-15 14:29:00,USR_0007,priya.verma54@icici,Priya Verma,USR_0013,diya.shukla44@pnb,Diya Shukla,4466.77,UPI_P2P,SUCCESS,False,0
TXN26025721,2026-09-15 14:29:44,USR_0105,vihaan.iyer52@axis,Vihaan Iyer,USR_0009,nikhil.iyer80@sbi,Nikhil Iyer,213.78,IMPS_TRANSFER,SUCCESS,False,0
TXN53154591,2026-09-15 14:30:16,USR_0116,rajesh.verma12@axis,Rajesh Verma,USR_0103,ananya.gupta20@kotak,Ananya Gupta,522.36,UPI_P2M,SUCCESS,False,0
TXN79880338,2026-09-15 14:31:29,USR_0078,priya.gupta18@icici,Priya Gupta,USR_0095,aarav.sharma70@hdfc,Aarav Sharma,182.54,UPI_P2P,SUCCESS,False,0
TXN61100987,2026-09-15 14:31:35,USR_0115,tanvi.gupta58@icici,Tanvi Gupta,USR_0031,manish.mehta18@paytm,Manish Mehta,3288.82,UPI_P2M,SUCCESS,False,0
TXN92961108,2026-09-15 14:32:22,USR_0026,aditya.mehta43@sbi,Aditya Mehta,USR_0098,aditya.nair69@kotak,Aditya Nair,444.09,NEFT,SUCCESS,False,0
TXN45955440,2026-09-15 14:34:53,USR_0065,aarav.gupta26@paytm,Aarav Gupta,USR_0014,vikram.patel41@kotak,Vikram Patel,2429.77,UPI_P2P,SUCCESS,False,0
TXN82095327,2026-09-15 14:34:54,USR_0005,tanvi.chopra10@icici,Tanvi Chopra,USR_0000,vikram.verma45@sbi,Vikram Verma,1140.11,NEFT,SUCCESS,False,0
TXN95918360,2026-09-15 14:37:53,USR_0073,karan.iyer32@sbi,Karan Iyer,USR_0054,kavya.verma94@axis,Kavya Verma,1603.36,NEFT,SUCCESS,False,0
TXN66072388,2026-09-15 14:39:12,USR_0019,varun.patel81@hdfc,Varun Patel,USR_0116,rajesh.verma12@axis,Rajesh Verma,1154.39,UPI_P2P,SUCCESS,False,0
TXN73001391,2026-09-15 14:40:47,USR_0111,manish.patel69@paytm,Manish Patel,USR_0001,rohan.nair96@sbi,Rohan Nair,130.72,IMPS_TRANSFER,SUCCESS,False,0
TXN49625201,2026-09-15 14:44:03,USR_0073,karan.iyer32@sbi,Karan Iyer,USR_0045,deepak.joshi16@sbi,Deepak Joshi,460.57,IMPS_TRANSFER,SUCCESS,False,0
TXN69427400,2026-09-15 14:44:24,USR_0104,rahul.iyer29@pnb,Rahul Iyer,USR_0101,tanvi.singh41@paytm,Tanvi Singh,345.47,IMPS_TRANSFER,SUCCESS,False,0
TXN45045256,2026-09-15 14:44:28,USR_0119,isha.rao82@sbi,Isha Rao,USR_0051,pooja.joshi17@hdfc,Pooja Joshi,5329.97,UPI_P2P,SUCCESS,False,0
TXN24875109,2026-09-15 14:48:24,USR_0039,rahul.mehta62@paytm,Rahul Mehta,USR_0040,kabir.rao55@axis,Kabir Rao,3780.27,UPI_P2P,SUCCESS,False,0
TXN48199537,2026-09-15 14:48:47,USR_0025,alok.rao24@icici,Alok Rao,USR_0073,karan.iyer32@sbi,Karan Iyer,420.44,UPI_P2M,SUCCESS,False,0
TXN25103503,2026-09-15 14:49:19,USR_0087,suresh.iyer61@icici,Suresh Iyer,USR_0118,rajesh.sharma29@kotak,Rajesh Sharma,1230.91,UPI_P2P,SUCCESS,False,0
TXN86536905,2026-09-15 14:52:59,USR_0079,vikram.joshi96@axis,Vikram Joshi,USR_0069,rohan.sharma56@icici,Rohan Sharma,201.13,UPI_P2P,SUCCESS,False,0
TXN92279159,2026-09-15 14:53:25,USR_0108,sunil.iyer79@kotak,Sunil Iyer,USR_0059,amit.patel79@axis,Amit Patel,9794.26,UPI_P2P,SUCCESS,True,1
TXN43438309,2026-09-15 14:54:21,USR_0059,amit.patel79@axis,Amit Patel,USR_0077,amit.shukla13@hdfc,Amit Shukla,9694.26,UPI_P2P,SUCCESS,True,1
TXN67992341,2026-09-15 14:54:24,USR_0108,sunil.iyer79@kotak,Sunil Iyer,USR_0089,priya.joshi10@paytm,Priya Joshi,9334.68,UPI_P2P,SUCCESS,True,1
TXN98460225,2026-09-15 14:55:18,USR_0089,priya.joshi10@paytm,Priya Joshi,USR_0095,aarav.sharma70@hdfc,Aarav Sharma,9234.68,UPI_P2P,SUCCESS,True,1
TXN22822379,2026-09-15 14:55:20,USR_0108,sunil.iyer79@kotak,Sunil Iyer,USR_0032,suresh.mehta31@kotak,Suresh Mehta,9337.58,UPI_P2P,SUCCESS,True,1
TXN94263610,2026-09-15 14:55:28,USR_0062,karan.verma80@pnb,Karan Verma,USR_0018,vikram.mehta92@axis,Vikram Mehta,229.35,IMPS_TRANSFER,SUCCESS,False,0
TXN46745629,2026-09-15 14:55:50,USR_0108,sunil.iyer79@kotak,Sunil Iyer,USR_0098,aditya.nair69@kotak,Aditya Nair,9379.77,UPI_P2P,SUCCESS,True,1
TXN39159454,2026-09-15 14:56:14,USR_0108,sunil.iyer79@kotak,Sunil Iyer,USR_0047,karan.sharma58@hdfc,Karan Sharma,9699.99,UPI_P2P,SUCCESS,True,1
TXN15860545,2026-09-15 14:56:34,USR_0032,suresh.mehta31@kotak,Suresh Mehta,USR_0095,aarav.sharma70@hdfc,Aarav Sharma,9237.58,UPI_P2P,SUCCESS,True,1
TXN49176757,2026-09-15 14:56:54,USR_0098,aditya.nair69@kotak,Aditya Nair,USR_0091,tanvi.mehta37@pnb,Tanvi Mehta,9279.77,UPI_P2P,SUCCESS,True,1
TXN20272170,2026-09-15 14:56:57,USR_0108,sunil.iyer79@kotak,Sunil Iyer,USR_0021,rahul.patel73@kotak,Rahul Patel,9290.92,UPI_P2P,SUCCESS,True,1
TXN84198767,2026-09-15 14:57:10,USR_0047,karan.sharma58@hdfc,Karan Sharma,USR_0095,aarav.sharma70@hdfc,Aarav Sharma,9599.99,UPI_P2P,SUCCESS,True,1
TXN53756742,2026-09-15 14:57:59,USR_0021,rahul.patel73@kotak,Rahul Patel,USR_0077,amit.shukla13@hdfc,Amit Shukla,9190.92,UPI_P2P,SUCCESS,True,1
TXN19824132,2026-09-15 14:59:00,USR_0091,tanvi.mehta37@pnb,Tanvi Mehta,USR_0014,vikram.patel41@kotak,Vikram Patel,35027.53,IMPS_TRANSFER,SUCCESS,True,1
TXN77922837,2026-09-15 14:59:23,USR_0095,aarav.sharma70@hdfc,Aarav Sharma,USR_0014,vikram.patel41@kotak,Vikram Patel,28490.99,IMPS_TRANSFER,SUCCESS,True,1
TXN70523603,2026-09-15 14:59:49,USR_0077,amit.shukla13@hdfc,Amit Shukla,USR_0014,vikram.patel41@kotak,Vikram Patel,29813.23,IMPS_TRANSFER,SUCCESS,True,1
TXN19668169,2026-09-15 15:03:52,USR_0019,varun.patel81@hdfc,Varun Patel,USR_0094,rajesh.shukla49@pnb,Rajesh Shukla,81.17,UPI_P2M,SUCCESS,False,0
TXN89426243,2026-09-15 15:04:23,USR_0041,tanvi.nair96@sbi,Tanvi Nair,USR_0055,nikhil.singh95@hdfc,Nikhil Singh,3679.04,UPI_P2M,SUCCESS,False,0
TXN92280717,2026-09-15 15:05:06,USR_0069,rohan.sharma56@icici,Rohan Sharma,USR_0102,tanvi.verma46@pnb,Tanvi Verma,230.5,IMPS_TRANSFER,SUCCESS,False,0
TXN76632538,2026-09-15 15:08:33,USR_0085,sneha.verma52@pnb,Sneha Verma,USR_0106,sneha.sharma63@hdfc,Sneha Sharma,411.02,IMPS_TRANSFER,SUCCESS,False,0
TXN77837366,2026-09-15 15:10:05,USR_0095,aarav.sharma70@hdfc,Aarav Sharma,USR_0010,suresh.shukla47@paytm,Suresh Shukla,278.48,UPI_P2P,SUCCESS,False,0
TXN22501261,2026-09-15 15:15:16,USR_0062,karan.verma80@pnb,Karan Verma,USR_0041,tanvi.nair96@sbi,Tanvi Nair,2775.17,UPI_P2P,SUCCESS,False,0
TXN20064609,2026-09-15 15:16:52,USR_0082,sneha.chopra24@kotak,Sneha Chopra,USR_0010,suresh.shukla47@paytm,Suresh Shukla,298.49,IMPS_TRANSFER,SUCCESS,False,0
TXN47302753,2026-09-15 15:21:43,USR_0082,sneha.chopra24@kotak,Sneha Chopra,USR_0024,suresh.nair97@sbi,Suresh Nair,1983.47,UPI_P2M,SUCCESS,False,0
TXN41667072,2026-09-15 15:25:37,USR_0042,aryan.iyer53@pnb,Aryan Iyer,USR_0106,sneha.sharma63@hdfc,Sneha Sharma,226.96,NEFT,SUCCESS,False,0
TXN88322404,2026-09-15 15:31:31,USR_0114,aditya.sharma58@icici,Aditya Sharma,USR_0084,nikhil.joshi95@pnb,Nikhil Joshi,1809.56,UPI_P2M,SUCCESS,False,0
TXN21501669,2026-09-15 15:32:23,USR_0023,priya.chopra77@axis,Priya Chopra,USR_0087,suresh.iyer61@icici,Suresh Iyer,971.69,NEFT,SUCCESS,False,0
TXN79490249,2026-09-15 15:33:17,USR_0050,manish.gupta16@sbi,Manish Gupta,USR_0051,pooja.joshi17@hdfc,Pooja Joshi,471.7,UPI_P2M,SUCCESS,False,0
TXN99927658,2026-09-15 15:34:58,USR_0071,alok.joshi62@paytm,Alok Joshi,USR_0007,priya.verma54@icici,Priya Verma,99.96,IMPS_TRANSFER,SUCCESS,False,0
TXN24887509,2026-09-15 15:35:36,USR_0002,rhea.iyer13@sbi,Rhea Iyer,USR_0018,vikram.mehta92@axis,Vikram Mehta,1625.06,UPI_P2M,SUCCESS,False,0
TXN56204319,2026-09-15 15:36:47,USR_0111,manish.patel69@paytm,Manish Patel,USR_0060,kavya.rao11@kotak,Kavya Rao,3277.99,IMPS_TRANSFER,SUCCESS,False,0
TXN63458386,2026-09-15 15:37:27,USR_0002,rhea.iyer13@sbi,Rhea Iyer,USR_0026,aditya.mehta43@sbi,Aditya Mehta,439.85,UPI_P2M,SUCCESS,False,0
TXN81869344,2026-09-15 15:38:43,USR_0097,isha.iyer28@hdfc,Isha Iyer,USR_0078,priya.gupta18@icici,Priya Gupta,770.11,UPI_P2M,SUCCESS,False,0
TXN24496399,2026-09-15 15:40:51,USR_0066,manish.mehta64@kotak,Manish Mehta,USR_0042,aryan.iyer53@pnb,Aryan Iyer,1038.52,UPI_P2M,SUCCESS,False,0
TXN52481834,2026-09-15 15:41:37,USR_0089,priya.joshi10@paytm,Priya Joshi,USR_0060,kavya.rao11@kotak,Kavya Rao,788.98,UPI_P2P,SUCCESS,False,0
TXN70465703,2026-09-15 15:45:13,USR_0107,isha.sharma48@icici,Isha Sharma,USR_0086,suresh.verma48@pnb,Suresh Verma,623.05,UPI_P2P,SUCCESS,False,0
TXN76951647,2026-09-15 15:47:25,USR_0058,neha.shukla43@kotak,Neha Shukla,USR_0084,nikhil.joshi95@pnb,Nikhil Joshi,1120.78,UPI_P2M,SUCCESS,False,0
TXN27969238,2026-09-15 15:48:40,USR_0114,aditya.sharma58@icici,Aditya Sharma,USR_0098,aditya.nair69@kotak,Aditya Nair,2525.77,IMPS_TRANSFER,SUCCESS,False,0
TXN26530521,2026-09-15 15:49:04,USR_0093,pooja.rao89@pnb,Pooja Rao,USR_0002,rhea.iyer13@sbi,Rhea Iyer,887.06,UPI_P2M,SUCCESS,False,0
TXN93914843,2026-09-15 15:51:07,USR_0055,nikhil.singh95@hdfc,Nikhil Singh,USR_0089,priya.joshi10@paytm,Priya Joshi,3360.06,NEFT,SUCCESS,False,0
TXN27978165,2026-09-15 15:51:09,USR_0117,rahul.rao93@sbi,Rahul Rao,USR_0078,priya.gupta18@icici,Priya Gupta,1212.08,UPI_P2P,SUCCESS,False,0
TXN53424580,2026-09-15 15:51:53,USR_0050,manish.gupta16@sbi,Manish Gupta,USR_0047,karan.sharma58@hdfc,Karan Sharma,205.29,UPI_P2P,SUCCESS,False,0
TXN27206452,2026-09-15 15:52:26,USR_0007,priya.verma54@icici,Priya Verma,USR_0003,rahul.joshi13@kotak,Rahul Joshi,744.74,UPI_P2P,SUCCESS,False,0
TXN42021033,2026-09-15 15:52:45,USR_0059,amit.patel79@axis,Amit Patel,USR_0051,pooja.joshi17@hdfc,Pooja Joshi,543.18,NEFT,SUCCESS,False,0
TXN92804241,2026-09-15 15:54:58,USR_0033,suresh.rao66@icici,Suresh Rao,USR_0063,amit.chopra53@hdfc,Amit Chopra,498.44,NEFT,SUCCESS,False,0
TXN32978158,2026-09-15 15:58:19,USR_0082,sneha.chopra24@kotak,Sneha Chopra,USR_0021,rahul.patel73@kotak,Rahul Patel,395.61,UPI_P2M,SUCCESS,False,0
TXN43609390,2026-09-15 16:01:28,USR_0103,ananya.gupta20@kotak,Ananya Gupta,USR_0003,rahul.joshi13@kotak,Rahul Joshi,4824.89,IMPS_TRANSFER,SUCCESS,False,0
TXN47822197,2026-09-15 16:03:36,USR_0022,vikram.patel97@paytm,Vikram Patel,USR_0087,suresh.iyer61@icici,Suresh Iyer,740.66,IMPS_TRANSFER,SUCCESS,False,0
TXN18470495,2026-09-15 16:12:09,USR_0014,vikram.patel41@kotak,Vikram Patel,USR_0063,amit.chopra53@hdfc,Amit Chopra,1173.5,UPI_P2M,SUCCESS,False,0
TXN68942178,2026-09-15 16:12:27,USR_0101,tanvi.singh41@paytm,Tanvi Singh,USR_0039,rahul.mehta62@paytm,Rahul Mehta,4241.37,IMPS_TRANSFER,SUCCESS,False,0
TXN52916049,2026-09-15 16:12:28,USR_0018,vikram.mehta92@axis,Vikram Mehta,USR_0106,sneha.sharma63@hdfc,Sneha Sharma,2116.17,IMPS_TRANSFER,SUCCESS,False,0
TXN89575878,2026-09-15 16:13:01,USR_0013,diya.shukla44@pnb,Diya Shukla,USR_0001,rohan.nair96@sbi,Rohan Nair,939.27,UPI_P2P,SUCCESS,False,0
TXN76565050,2026-09-15 16:14:38,USR_0010,suresh.shukla47@paytm,Suresh Shukla,USR_0018,vikram.mehta92@axis,Vikram Mehta,3522.12,UPI_P2M,SUCCESS,False,0
TXN80532309,2026-09-15 16:15:49,USR_0087,suresh.iyer61@icici,Suresh Iyer,USR_0096,tanvi.iyer83@pnb,Tanvi Iyer,511.58,UPI_P2P,SUCCESS,False,0
TXN92720444,2026-09-15 16:17:09,USR_0022,vikram.patel97@paytm,Vikram Patel,USR_0090,ishaan.iyer84@paytm,Ishaan Iyer,4234.59,NEFT,SUCCESS,False,0
TXN84597009,2026-09-15 16:17:18,USR_0035,neha.shukla38@kotak,Neha Shukla,USR_0112,kavya.joshi60@sbi,Kavya Joshi,293.13,IMPS_TRANSFER,SUCCESS,False,0
TXN87149161,2026-09-15 16:18:29,USR_0049,ishaan.singh17@hdfc,Ishaan Singh,USR_0053,karan.chopra84@hdfc,Karan Chopra,225.94,UPI_P2M,SUCCESS,False,0
TXN23492385,2026-09-15 16:20:05,USR_0097,isha.iyer28@hdfc,Isha Iyer,USR_0067,kabir.verma29@pnb,Kabir Verma,916.43,IMPS_TRANSFER,SUCCESS,False,0
TXN10968781,2026-09-15 16:21:00,USR_0102,tanvi.verma46@pnb,Tanvi Verma,USR_0037,pooja.shukla95@icici,Pooja Shukla,1339.12,UPI_P2M,SUCCESS,False,0
TXN76166580,2026-09-15 16:21:01,USR_0030,karan.singh17@hdfc,Karan Singh,USR_0096,tanvi.iyer83@pnb,Tanvi Iyer,3439.76,UPI_P2M,SUCCESS,False,0
TXN35020518,2026-09-15 16:21:27,USR_0062,karan.verma80@pnb,Karan Verma,USR_0110,priya.gupta96@pnb,Priya Gupta,778.85,UPI_P2P,SUCCESS,False,0
TXN88147469,2026-09-15 16:25:04,USR_0009,nikhil.iyer80@sbi,Nikhil Iyer,USR_0057,ananya.verma68@sbi,Ananya Verma,9856.93,NEFT,SUCCESS,False,0
TXN90048179,2026-09-15 16:26:30,USR_0051,pooja.joshi17@hdfc,Pooja Joshi,USR_0008,deepak.sharma68@pnb,Deepak Sharma,94.83,UPI_P2P,SUCCESS,False,0
TXN19244458,2026-09-15 16:28:20,USR_0111,manish.patel69@paytm,Manish Patel,USR_0106,sneha.sharma63@hdfc,Sneha Sharma,134.3,UPI_P2M,SUCCESS,False,0
TXN92569402,2026-09-15 16:31:59,USR_0004,ramesh.rao79@pnb,Ramesh Rao,USR_0100,suresh.joshi86@kotak,Suresh Joshi,377.39,UPI_P2M,SUCCESS,False,0
TXN57288136,2026-09-15 16:33:44,USR_0020,manish.chopra84@axis,Manish Chopra,USR_0068,rajesh.gupta80@kotak,Rajesh Gupta,1950.58,NEFT,SUCCESS,False,0
TXN47979220,2026-09-15 16:34:28,USR_0109,isha.shukla65@icici,Isha Shukla,USR_0026,aditya.mehta43@sbi,Aditya Mehta,132.77,UPI_P2M,SUCCESS,False,0
TXN21830043,2026-09-15 16:35:10,USR_0060,kavya.rao11@kotak,Kavya Rao,USR_0118,rajesh.sharma29@kotak,Rajesh Sharma,1235.04,NEFT,SUCCESS,False,0
TXN22109438,2026-09-15 16:35:35,USR_0034,rahul.shukla53@sbi,Rahul Shukla,USR_0072,nikhil.shukla30@paytm,Nikhil Shukla,214.49,NEFT,SUCCESS,False,0
TXN77660514,2026-09-15 16:36:29,USR_0049,ishaan.singh17@hdfc,Ishaan Singh,USR_0084,nikhil.joshi95@pnb,Nikhil Joshi,737.51,IMPS_TRANSFER,SUCCESS,False,0
TXN92058189,2026-09-15 16:44:32,USR_0004,ramesh.rao79@pnb,Ramesh Rao,USR_0023,priya.chopra77@axis,Priya Chopra,264.46,IMPS_TRANSFER,SUCCESS,False,0
TXN49065941,2026-09-15 16:48:39,USR_0060,kavya.rao11@kotak,Kavya Rao,USR_0039,rahul.mehta62@paytm,Rahul Mehta,152.31,IMPS_TRANSFER,SUCCESS,False,0
TXN35970823,2026-09-15 16:48:54,USR_0069,rohan.sharma56@icici,Rohan Sharma,USR_0094,rajesh.shukla49@pnb,Rajesh Shukla,200.34,UPI_P2M,SUCCESS,False,0
TXN58190104,2026-09-15 16:49:27,USR_0115,tanvi.gupta58@icici,Tanvi Gupta,USR_0087,suresh.iyer61@icici,Suresh Iyer,1704.34,UPI_P2M,SUCCESS,False,0
TXN95630804,2026-09-15 16:49:59,USR_0113,vihaan.rao27@axis,Vihaan Rao,USR_0037,pooja.shukla95@icici,Pooja Shukla,842.92,UPI_P2M,SUCCESS,False,0
TXN67318164,2026-09-15 16:54:58,USR_0092,deepak.nair94@hdfc,Deepak Nair,USR_0088,neha.patel63@hdfc,Neha Patel,1310.9,IMPS_TRANSFER,SUCCESS,False,0
TXN98882124,2026-09-15 16:59:30,USR_0082,sneha.chopra24@kotak,Sneha Chopra,USR_0115,tanvi.gupta58@icici,Tanvi Gupta,852.97,UPI_P2P,SUCCESS,False,0
TXN11756387,2026-09-15 17:00:07,USR_0046,sneha.mehta37@axis,Sneha Mehta,USR_0028,rohan.gupta30@paytm,Rohan Gupta,1753.89,UPI_P2P,SUCCESS,False,0
TXN14670638,2026-09-15 17:07:11,USR_0018,vikram.mehta92@axis,Vikram Mehta,USR_0108,sunil.iyer79@kotak,Sunil Iyer,87.17,NEFT,SUCCESS,False,0
TXN41927492,2026-09-15 17:08:59,USR_0103,ananya.gupta20@kotak,Ananya Gupta,USR_0000,vikram.verma45@sbi,Vikram Verma,124.7,NEFT,SUCCESS,False,0
TXN51512209,2026-09-15 17:12:41,USR_0058,neha.shukla43@kotak,Neha Shukla,USR_0078,priya.gupta18@icici,Priya Gupta,618.4,UPI_P2P,SUCCESS,False,0
TXN50060760,2026-09-15 17:13:38,USR_0082,sneha.chopra24@kotak,Sneha Chopra,USR_0076,sunil.mehta35@hdfc,Sunil Mehta,194.21,IMPS_TRANSFER,SUCCESS,False,0
TXN33898911,2026-09-15 17:15:19,USR_0027,pooja.verma90@paytm,Pooja Verma,USR_0118,rajesh.sharma29@kotak,Rajesh Sharma,943.74,NEFT,SUCCESS,False,0
TXN93176117,2026-09-15 17:15:34,USR_0022,vikram.patel97@paytm,Vikram Patel,USR_0010,suresh.shukla47@paytm,Suresh Shukla,502.88,NEFT,SUCCESS,False,0
TXN37888820,2026-09-15 17:16:11,USR_0079,vikram.joshi96@axis,Vikram Joshi,USR_0007,priya.verma54@icici,Priya Verma,870.26,UPI_P2P,SUCCESS,False,0
TXN85493830,2026-09-15 17:20:17,USR_0013,diya.shukla44@pnb,Diya Shukla,USR_0100,suresh.joshi86@kotak,Suresh Joshi,1021.85,UPI_P2P,SUCCESS,False,0
TXN35171649,2026-09-15 17:21:31,USR_0013,diya.shukla44@pnb,Diya Shukla,USR_0032,suresh.mehta31@kotak,Suresh Mehta,2728.24,UPI_P2M,SUCCESS,False,0
TXN39681939,2026-09-15 17:32:50,USR_0011,sunil.shukla22@paytm,Sunil Shukla,USR_0104,rahul.iyer29@pnb,Rahul Iyer,1849.14,IMPS_TRANSFER,SUCCESS,False,0
TXN53805532,2026-09-15 17:34:41,USR_0077,amit.shukla13@hdfc,Amit Shukla,USR_0098,aditya.nair69@kotak,Aditya Nair,4447.95,NEFT,SUCCESS,False,0
TXN77454225,2026-09-15 17:37:08,USR_0080,aarav.verma32@icici,Aarav Verma,USR_0038,neha.patel83@pnb,Neha Patel,254.14,UPI_P2P,SUCCESS,False,0
TXN43322272,2026-09-15 17:41:17,USR_0049,ishaan.singh17@hdfc,Ishaan Singh,USR_0110,priya.gupta96@pnb,Priya Gupta,198.06,NEFT,SUCCESS,False,0
TXN93642093,2026-09-15 17:44:58,USR_0021,rahul.patel73@kotak,Rahul Patel,USR_0044,aditya.singh41@axis,Aditya Singh,3093.66,NEFT,SUCCESS,False,0
TXN71453148,2026-09-15 17:46:56,USR_0063,amit.chopra53@hdfc,Amit Chopra,USR_0076,sunil.mehta35@hdfc,Sunil Mehta,2046.38,UPI_P2M,SUCCESS,False,0
TXN15813974,2026-09-15 17:47:35,USR_0032,suresh.mehta31@kotak,Suresh Mehta,USR_0042,aryan.iyer53@pnb,Aryan Iyer,497.55,NEFT,SUCCESS,False,0
TXN36082023,2026-09-15 17:47:52,USR_0023,priya.chopra77@axis,Priya Chopra,USR_0028,rohan.gupta30@paytm,Rohan Gupta,185.26,IMPS_TRANSFER,SUCCESS,False,0
TXN96876236,2026-09-15 17:48:16,USR_0078,priya.gupta18@icici,Priya Gupta,USR_0079,vikram.joshi96@axis,Vikram Joshi,1094.54,UPI_P2M,SUCCESS,False,0
TXN69857441,2026-09-15 17:50:39,USR_0003,rahul.joshi13@kotak,Rahul Joshi,USR_0051,pooja.joshi17@hdfc,Pooja Joshi,928.41,UPI_P2M,SUCCESS,False,0
TXN43328672,2026-09-15 17:51:21,USR_0033,suresh.rao66@icici,Suresh Rao,USR_0030,karan.singh17@hdfc,Karan Singh,1654.7,NEFT,SUCCESS,False,0
TXN47944260,2026-09-15 17:51:25,USR_0065,aarav.gupta26@paytm,Aarav Gupta,USR_0092,deepak.nair94@hdfc,Deepak Nair,816.54,UPI_P2P,SUCCESS,False,0
TXN80138498,2026-09-15 17:54:34,USR_0076,sunil.mehta35@hdfc,Sunil Mehta,USR_0101,tanvi.singh41@paytm,Tanvi Singh,1433.3,UPI_P2M,SUCCESS,False,0
TXN82440371,2026-09-15 17:56:46,USR_0067,kabir.verma29@pnb,Kabir Verma,USR_0012,tanvi.rao56@paytm,Tanvi Rao,406.11,IMPS_TRANSFER,SUCCESS,False,0
TXN50601849,2026-09-15 17:59:59,USR_0032,suresh.mehta31@kotak,Suresh Mehta,USR_0064,karan.sharma91@sbi,Karan Sharma,138.71,NEFT,SUCCESS,False,0
TXN54230340,2026-09-15 18:02:19,USR_0042,aryan.iyer53@pnb,Aryan Iyer,USR_0107,isha.sharma48@icici,Isha Sharma,245.61,NEFT,SUCCESS,False,0
TXN15352233,2026-09-15 18:06:25,USR_0078,priya.gupta18@icici,Priya Gupta,USR_0117,rahul.rao93@sbi,Rahul Rao,701.13,UPI_P2M,SUCCESS,False,0
TXN91737913,2026-09-15 18:09:01,USR_0098,aditya.nair69@kotak,Aditya Nair,USR_0104,rahul.iyer29@pnb,Rahul Iyer,279.93,UPI_P2P,SUCCESS,False,0
TXN20269972,2026-09-15 18:15:36,USR_0038,neha.patel83@pnb,Neha Patel,USR_0079,vikram.joshi96@axis,Vikram Joshi,280.61,UPI_P2P,SUCCESS,False,0
TXN70987778,2026-09-15 18:15:40,USR_0119,isha.rao82@sbi,Isha Rao,USR_0054,kavya.verma94@axis,Kavya Verma,5227.7,UPI_P2M,SUCCESS,False,0
TXN16588161,2026-09-15 18:18:50,USR_0062,karan.verma80@pnb,Karan Verma,USR_0067,kabir.verma29@pnb,Kabir Verma,217.23,IMPS_TRANSFER,SUCCESS,False,0
TXN61124122,2026-09-15 18:20:21,USR_0016,suresh.gupta17@paytm,Suresh Gupta,USR_0035,neha.shukla38@kotak,Neha Shukla,375.6,IMPS_TRANSFER,SUCCESS,False,0
TXN83492593,2026-09-15 18:23:10,USR_0051,pooja.joshi17@hdfc,Pooja Joshi,USR_0032,suresh.mehta31@kotak,Suresh Mehta,904.61,NEFT,SUCCESS,False,0
TXN79338228,2026-09-15 18:24:44,USR_0010,suresh.shukla47@paytm,Suresh Shukla,USR_0054,kavya.verma94@axis,Kavya Verma,2226.9,UPI_P2M,SUCCESS,False,0
TXN12185246,2026-09-15 18:28:29,USR_0005,tanvi.chopra10@icici,Tanvi Chopra,USR_0012,tanvi.rao56@paytm,Tanvi Rao,272.06,NEFT,SUCCESS,False,0
TXN18830219,2026-09-15 18:28:30,USR_0038,neha.patel83@pnb,Neha Patel,USR_0078,priya.gupta18@icici,Priya Gupta,566.03,NEFT,SUCCESS,False,0
TXN20120010,2026-09-15 18:30:24,USR_0093,pooja.rao89@pnb,Pooja Rao,USR_0113,vihaan.rao27@axis,Vihaan Rao,226.56,UPI_P2P,SUCCESS,False,0
TXN40368869,2026-09-15 18:30:42,USR_0086,suresh.verma48@pnb,Suresh Verma,USR_0000,vikram.verma45@sbi,Vikram Verma,65.82,UPI_P2M,SUCCESS,False,0
TXN61657620,2026-09-15 18:33:24,USR_0000,vikram.verma45@sbi,Vikram Verma,USR_0110,priya.gupta96@pnb,Priya Gupta,374.39,UPI_P2P,SUCCESS,False,0
TXN51464269,2026-09-15 18:34:04,USR_0012,tanvi.rao56@paytm,Tanvi Rao,USR_0115,tanvi.gupta58@icici,Tanvi Gupta,2003.56,UPI_P2P,SUCCESS,False,0
TXN22684736,2026-09-15 18:36:34,USR_0024,suresh.nair97@sbi,Suresh Nair,USR_0098,aditya.nair69@kotak,Aditya Nair,5918.79,UPI_P2M,SUCCESS,False,0
TXN89752745,2026-09-15 18:37:59,USR_0061,nikhil.rao27@sbi,Nikhil Rao,USR_0058,neha.shukla43@kotak,Neha Shukla,1838.03,IMPS_TRANSFER,SUCCESS,False,0
TXN66851305,2026-09-15 18:38:56,USR_0064,karan.sharma91@sbi,Karan Sharma,USR_0036,ramesh.rao39@sbi,Ramesh Rao,961.44,NEFT,SUCCESS,False,0
TXN87596783,2026-09-15 18:42:07,USR_0033,suresh.rao66@icici,Suresh Rao,USR_0007,priya.verma54@icici,Priya Verma,1392.94,NEFT,SUCCESS,False,0
TXN96046825,2026-09-15 18:45:51,USR_0082,sneha.chopra24@kotak,Sneha Chopra,USR_0023,priya.chopra77@axis,Priya Chopra,1894.63,NEFT,SUCCESS,False,0
TXN22475197,2026-09-15 18:48:10,USR_0023,priya.chopra77@axis,Priya Chopra,USR_0055,nikhil.singh95@hdfc,Nikhil Singh,3208.7,NEFT,SUCCESS,False,0
TXN52065724,2026-09-15 18:49:41,USR_0062,karan.verma80@pnb,Karan Verma,USR_0042,aryan.iyer53@pnb,Aryan Iyer,232.18,UPI_P2M,SUCCESS,False,0
TXN80257585,2026-09-15 18:49:45,USR_0076,sunil.mehta35@hdfc,Sunil Mehta,USR_0058,neha.shukla43@kotak,Neha Shukla,2139.38,NEFT,SUCCESS,False,0
TXN28099607,2026-09-15 18:52:45,USR_0089,priya.joshi10@paytm,Priya Joshi,USR_0061,nikhil.rao27@sbi,Nikhil Rao,2043.59,UPI_P2M,SUCCESS,False,0
TXN56124957,2026-09-15 18:53:24,USR_0102,tanvi.verma46@pnb,Tanvi Verma,USR_0099,rahul.verma27@axis,Rahul Verma,9762.3,UPI_P2P,SUCCESS,True,2
TXN29270557,2026-09-15 18:53:43,USR_0068,rajesh.gupta80@kotak,Rajesh Gupta,USR_0002,rhea.iyer13@sbi,Rhea Iyer,231.1,UPI_P2M,SUCCESS,False,0
TXN43635732,2026-09-15 18:53:44,USR_0102,tanvi.verma46@pnb,Tanvi Verma,USR_0104,rahul.iyer29@pnb,Rahul Iyer,9497.51,UPI_P2P,SUCCESS,True,2
TXN75063283,2026-09-15 18:54:33,USR_0102,tanvi.verma46@pnb,Tanvi Verma,USR_0020,manish.chopra84@axis,Manish Chopra,9445.33,UPI_P2P,SUCCESS,True,2
TXN36092407,2026-09-15 18:54:48,USR_0099,rahul.verma27@axis,Rahul Verma,USR_0003,rahul.joshi13@kotak,Rahul Joshi,9662.3,UPI_P2P,SUCCESS,True,2
TXN28318112,2026-09-15 18:54:59,USR_0104,rahul.iyer29@pnb,Rahul Iyer,USR_0074,deepak.rao41@paytm,Deepak Rao,9397.51,UPI_P2P,SUCCESS,True,2
TXN21079489,2026-09-15 18:55:07,USR_0020,manish.chopra84@axis,Manish Chopra,USR_0003,rahul.joshi13@kotak,Rahul Joshi,9345.33,UPI_P2P,SUCCESS,True,2
TXN68750274,2026-09-15 18:55:08,USR_0102,tanvi.verma46@pnb,Tanvi Verma,USR_0039,rahul.mehta62@paytm,Rahul Mehta,9611.32,UPI_P2P,SUCCESS,True,2
TXN12424794,2026-09-15 18:55:38,USR_0102,tanvi.verma46@pnb,Tanvi Verma,USR_0013,diya.shukla44@pnb,Diya Shukla,9831.17,UPI_P2P,SUCCESS,True,2
TXN47465789,2026-09-15 18:56:08,USR_0039,rahul.mehta62@paytm,Rahul Mehta,USR_0074,deepak.rao41@paytm,Deepak Rao,9511.32,UPI_P2P,SUCCESS,True,2
TXN49479427,2026-09-15 18:56:19,USR_0013,diya.shukla44@pnb,Diya Shukla,USR_0074,deepak.rao41@paytm,Deepak Rao,9731.17,UPI_P2P,SUCCESS,True,2
TXN81760022,2026-09-15 18:57:53,USR_0074,deepak.rao41@paytm,Deepak Rao,USR_0118,rajesh.sharma29@kotak,Rajesh Sharma,36155.91,IMPS_TRANSFER,SUCCESS,True,2
TXN20413322,2026-09-15 18:57:59,USR_0003,rahul.joshi13@kotak,Rahul Joshi,USR_0118,rajesh.sharma29@kotak,Rajesh Sharma,35385.31,IMPS_TRANSFER,SUCCESS,True,2
TXN53412847,2026-09-15 18:59:20,USR_0052,kavya.verma40@pnb,Kavya Verma,USR_0097,isha.iyer28@hdfc,Isha Iyer,349.34,NEFT,SUCCESS,False,0
TXN64142556,2026-09-15 19:00:24,USR_0078,priya.gupta18@icici,Priya Gupta,USR_0055,nikhil.singh95@hdfc,Nikhil Singh,3005.95,NEFT,SUCCESS,False,0
TXN40860700,2026-09-15 19:01:10,USR_0008,deepak.sharma68@pnb,Deepak Sharma,USR_0048,nikhil.mehta64@icici,Nikhil Mehta,698.68,UPI_P2M,SUCCESS,False,0
TXN83509785,2026-09-15 19:01:10,USR_0045,deepak.joshi16@sbi,Deepak Joshi,USR_0106,sneha.sharma63@hdfc,Sneha Sharma,290.24,IMPS_TRANSFER,SUCCESS,False,0
TXN22246348,2026-09-15 19:06:05,USR_0074,deepak.rao41@paytm,Deepak Rao,USR_0055,nikhil.singh95@hdfc,Nikhil Singh,105.54,NEFT,SUCCESS,False,0
TXN18500100,2026-09-15 19:06:19,USR_0093,pooja.rao89@pnb,Pooja Rao,USR_0058,neha.shukla43@kotak,Neha Shukla,820.86,IMPS_TRANSFER,SUCCESS,False,0
TXN30534124,2026-09-15 19:09:34,USR_0055,nikhil.singh95@hdfc,Nikhil Singh,USR_0046,sneha.mehta37@axis,Sneha Mehta,121.81,NEFT,SUCCESS,False,0
TXN54965270,2026-09-15 19:11:08,USR_0069,rohan.sharma56@icici,Rohan Sharma,USR_0044,aditya.singh41@axis,Aditya Singh,178.81,UPI_P2P,SUCCESS,False,0
TXN69066531,2026-09-15 19:13:24,USR_0074,deepak.rao41@paytm,Deepak Rao,USR_0063,amit.chopra53@hdfc,Amit Chopra,427.36,NEFT,SUCCESS,False,0
TXN25489430,2026-09-15 19:15:13,USR_0069,rohan.sharma56@icici,Rohan Sharma,USR_0088,neha.patel63@hdfc,Neha Patel,1980.46,IMPS_TRANSFER,SUCCESS,False,0
TXN92910238,2026-09-15 19:15:17,USR_0037,pooja.shukla95@icici,Pooja Shukla,USR_0014,vikram.patel41@kotak,Vikram Patel,1726.66,NEFT,SUCCESS,False,0
TXN67953319,2026-09-15 19:17:36,USR_0117,rahul.rao93@sbi,Rahul Rao,USR_0068,rajesh.gupta80@kotak,Rajesh Gupta,1340.64,IMPS_TRANSFER,SUCCESS,False,0
TXN11516293,2026-09-15 19:17:57,USR_0071,alok.joshi62@paytm,Alok Joshi,USR_0103,ananya.gupta20@kotak,Ananya Gupta,1608.68,UPI_P2M,SUCCESS,False,0
TXN98487646,2026-09-15 19:18:56,USR_0007,priya.verma54@icici,Priya Verma,USR_0079,vikram.joshi96@axis,Vikram Joshi,5998.19,NEFT,SUCCESS,False,0
TXN24890990,2026-09-15 19:22:02,USR_0025,alok.rao24@icici,Alok Rao,USR_0105,vihaan.iyer52@axis,Vihaan Iyer,91.03,NEFT,SUCCESS,False,0
TXN24541967,2026-09-15 19:22:31,USR_0048,nikhil.mehta64@icici,Nikhil Mehta,USR_0105,vihaan.iyer52@axis,Vihaan Iyer,2415.61,IMPS_TRANSFER,SUCCESS,False,0
TXN65635129,2026-09-15 19:23:39,USR_0000,vikram.verma45@sbi,Vikram Verma,USR_0052,kavya.verma40@pnb,Kavya Verma,801.05,IMPS_TRANSFER,SUCCESS,False,0
TXN58442674,2026-09-15 19:24:08,USR_0059,amit.patel79@axis,Amit Patel,USR_0102,tanvi.verma46@pnb,Tanvi Verma,76.85,UPI_P2P,SUCCESS,False,0
TXN78969993,2026-09-15 19:24:15,USR_0037,pooja.shukla95@icici,Pooja Shukla,USR_0067,kabir.verma29@pnb,Kabir Verma,248.44,UPI_P2P,SUCCESS,False,0
TXN20071854,2026-09-15 19:26:33,USR_0055,nikhil.singh95@hdfc,Nikhil Singh,USR_0035,neha.shukla38@kotak,Neha Shukla,988.75,UPI_P2P,SUCCESS,False,0
TXN28012011,2026-09-15 19:34:36,USR_0036,ramesh.rao39@sbi,Ramesh Rao,USR_0058,neha.shukla43@kotak,Neha Shukla,5638.41,NEFT,SUCCESS,False,0
TXN29952062,2026-09-15 19:35:00,USR_0084,nikhil.joshi95@pnb,Nikhil Joshi,USR_0086,suresh.verma48@pnb,Suresh Verma,286.01,NEFT,SUCCESS,False,0
TXN34814337,2026-09-15 19:37:01,USR_0033,suresh.rao66@icici,Suresh Rao,USR_0011,sunil.shukla22@paytm,Sunil Shukla,1946.0,NEFT,SUCCESS,False,0
TXN38389345,2026-09-15 19:44:03,USR_0009,nikhil.iyer80@sbi,Nikhil Iyer,USR_0065,aarav.gupta26@paytm,Aarav Gupta,3015.04,IMPS_TRANSFER,SUCCESS,False,0
TXN27152188,2026-09-15 19:44:07,USR_0071,alok.joshi62@paytm,Alok Joshi,USR_0048,nikhil.mehta64@icici,Nikhil Mehta,1246.8,IMPS_TRANSFER,SUCCESS,False,0
TXN35827078,2026-09-15 19:45:58,USR_0082,sneha.chopra24@kotak,Sneha Chopra,USR_0015,priya.singh98@pnb,Priya Singh,1898.18,UPI_P2P,SUCCESS,False,0
TXN71304112,2026-09-15 19:47:49,USR_0115,tanvi.gupta58@icici,Tanvi Gupta,USR_0032,suresh.mehta31@kotak,Suresh Mehta,252.44,UPI_P2M,SUCCESS,False,0
TXN81988124,2026-09-15 19:48:51,USR_0007,priya.verma54@icici,Priya Verma,USR_0045,deepak.joshi16@sbi,Deepak Joshi,985.14,UPI_P2M,SUCCESS,False,0
TXN49126722,2026-09-15 19:49:20,USR_0056,rahul.singh26@axis,Rahul Singh,USR_0094,rajesh.shukla49@pnb,Rajesh Shukla,1133.09,UPI_P2P,SUCCESS,False,0
TXN74625235,2026-09-15 19:53:33,USR_0102,tanvi.verma46@pnb,Tanvi Verma,USR_0004,ramesh.rao79@pnb,Ramesh Rao,2471.17,UPI_P2M,SUCCESS,False,0
TXN44419684,2026-09-15 19:55:16,USR_0105,vihaan.iyer52@axis,Vihaan Iyer,USR_0036,ramesh.rao39@sbi,Ramesh Rao,218.09,UPI_P2M,SUCCESS,False,0
TXN49017499,2026-09-15 20:00:26,USR_0067,kabir.verma29@pnb,Kabir Verma,USR_0080,aarav.verma32@icici,Aarav Verma,728.92,UPI_P2P,SUCCESS,False,0
TXN24877375,2026-09-15 20:03:24,USR_0097,isha.iyer28@hdfc,Isha Iyer,USR_0115,tanvi.gupta58@icici,Tanvi Gupta,1659.35,UPI_P2M,SUCCESS,False,0
TXN32059232,2026-09-15 20:03:41,USR_0108,sunil.iyer79@kotak,Sunil Iyer,USR_0043,ishaan.shukla67@kotak,Ishaan Shukla,194.65,UPI_P2P,SUCCESS,False,0
TXN89528254,2026-09-15 20:04:11,USR_0031,manish.mehta18@paytm,Manish Mehta,USR_0030,karan.singh17@hdfc,Karan Singh,1209.8,IMPS_TRANSFER,SUCCESS,False,0
TXN85263692,2026-09-15 20:04:34,USR_0046,sneha.mehta37@axis,Sneha Mehta,USR_0022,vikram.patel97@paytm,Vikram Patel,170.49,UPI_P2P,SUCCESS,False,0
TXN25174194,2026-09-15 20:07:31,USR_0102,tanvi.verma46@pnb,Tanvi Verma,USR_0053,karan.chopra84@hdfc,Karan Chopra,253.74,UPI_P2M,SUCCESS,False,0
TXN16950770,2026-09-15 20:07:48,USR_0085,sneha.verma52@pnb,Sneha Verma,USR_0115,tanvi.gupta58@icici,Tanvi Gupta,327.31,UPI_P2M,SUCCESS,False,0
TXN29602406,2026-09-15 20:12:23,USR_0107,isha.sharma48@icici,Isha Sharma,USR_0091,tanvi.mehta37@pnb,Tanvi Mehta,272.86,IMPS_TRANSFER,SUCCESS,False,0
TXN60357475,2026-09-15 20:14:55,USR_0046,sneha.mehta37@axis,Sneha Mehta,USR_0091,tanvi.mehta37@pnb,Tanvi Mehta,1135.78,UPI_P2P,SUCCESS,False,0
TXN52991650,2026-09-15 20:19:14,USR_0037,pooja.shukla95@icici,Pooja Shukla,USR_0114,aditya.sharma58@icici,Aditya Sharma,1657.45,UPI_P2M,SUCCESS,False,0
TXN50884443,2026-09-15 20:19:20,USR_0097,isha.iyer28@hdfc,Isha Iyer,USR_0071,alok.joshi62@paytm,Alok Joshi,1997.29,UPI_P2M,SUCCESS,False,0
TXN54958564,2026-09-15 20:21:35,USR_0078,priya.gupta18@icici,Priya Gupta,USR_0117,rahul.rao93@sbi,Rahul Rao,650.78,IMPS_TRANSFER,SUCCESS,False,0
TXN87984620,2026-09-15 20:23:21,USR_0016,suresh.gupta17@paytm,Suresh Gupta,USR_0026,aditya.mehta43@sbi,Aditya Mehta,382.56,UPI_P2M,SUCCESS,False,0
TXN73394367,2026-09-15 20:23:29,USR_0106,sneha.sharma63@hdfc,Sneha Sharma,USR_0086,suresh.verma48@pnb,Suresh Verma,2529.34,IMPS_TRANSFER,SUCCESS,False,0
TXN64913082,2026-09-15 20:25:58,USR_0071,alok.joshi62@paytm,Alok Joshi,USR_0064,karan.sharma91@sbi,Karan Sharma,2864.07,NEFT,SUCCESS,False,0
TXN51523026,2026-09-15 20:33:40,USR_0019,varun.patel81@hdfc,Varun Patel,USR_0010,suresh.shukla47@paytm,Suresh Shukla,1429.6,NEFT,SUCCESS,False,0
TXN23427820,2026-09-15 20:36:28,USR_0016,suresh.gupta17@paytm,Suresh Gupta,USR_0085,sneha.verma52@pnb,Sneha Verma,734.75,UPI_P2M,SUCCESS,False,0
TXN74300930,2026-09-15 20:38:39,USR_0118,rajesh.sharma29@kotak,Rajesh Sharma,USR_0056,rahul.singh26@axis,Rahul Singh,138.62,IMPS_TRANSFER,SUCCESS,False,0
TXN54743095,2026-09-15 20:41:14,USR_0092,deepak.nair94@hdfc,Deepak Nair,USR_0109,isha.shukla65@icici,Isha Shukla,385.64,UPI_P2M,SUCCESS,False,0
TXN51273379,2026-09-15 20:44:28,USR_0000,vikram.verma45@sbi,Vikram Verma,USR_0097,isha.iyer28@hdfc,Isha Iyer,249.07,NEFT,SUCCESS,False,0
TXN17143361,2026-09-15 20:44:58,USR_0109,isha.shukla65@icici,Isha Shukla,USR_0118,rajesh.sharma29@kotak,Rajesh Sharma,174.3,NEFT,SUCCESS,False,0
TXN32325574,2026-09-15 20:45:46,USR_0098,aditya.nair69@kotak,Aditya Nair,USR_0031,manish.mehta18@paytm,Manish Mehta,3525.41,IMPS_TRANSFER,SUCCESS,False,0
TXN26031369,2026-09-15 20:47:44,USR_0085,sneha.verma52@pnb,Sneha Verma,USR_0094,rajesh.shukla49@pnb,Rajesh Shukla,74.33,UPI_P2M,SUCCESS,False,0
TXN46840133,2026-09-15 20:48:30,USR_0002,rhea.iyer13@sbi,Rhea Iyer,USR_0106,sneha.sharma63@hdfc,Sneha Sharma,260.97,NEFT,SUCCESS,False,0
TXN35483846,2026-09-15 20:48:46,USR_0092,deepak.nair94@hdfc,Deepak Nair,USR_0008,deepak.sharma68@pnb,Deepak Sharma,559.36,NEFT,SUCCESS,False,0
TXN15875684,2026-09-15 20:51:24,USR_0012,tanvi.rao56@paytm,Tanvi Rao,USR_0066,manish.mehta64@kotak,Manish Mehta,2512.54,UPI_P2P,SUCCESS,False,0
TXN59629263,2026-09-15 20:52:33,USR_0094,rajesh.shukla49@pnb,Rajesh Shukla,USR_0019,varun.patel81@hdfc,Varun Patel,283.98,NEFT,SUCCESS,False,0
TXN40839382,2026-09-15 20:53:07,USR_0109,isha.shukla65@icici,Isha Shukla,USR_0110,priya.gupta96@pnb,Priya Gupta,7468.63,UPI_P2P,SUCCESS,False,0
TXN70899748,2026-09-15 20:53:56,USR_0027,pooja.verma90@paytm,Pooja Verma,USR_0075,deepak.nair58@sbi,Deepak Nair,390.59,NEFT,SUCCESS,False,0
TXN18772554,2026-09-15 20:55:32,USR_0070,karan.gupta97@hdfc,Karan Gupta,USR_0024,suresh.nair97@sbi,Suresh Nair,2892.95,UPI_P2M,SUCCESS,False,0
TXN92533595,2026-09-15 20:57:06,USR_0004,ramesh.rao79@pnb,Ramesh Rao,USR_0103,ananya.gupta20@kotak,Ananya Gupta,1205.49,NEFT,SUCCESS,False,0
TXN66278204,2026-09-15 20:57:49,USR_0091,tanvi.mehta37@pnb,Tanvi Mehta,USR_0102,tanvi.verma46@pnb,Tanvi Verma,6780.5,IMPS_TRANSFER,SUCCESS,False,0
TXN73617549,2026-09-15 20:59:24,USR_0050,manish.gupta16@sbi,Manish Gupta,USR_0105,vihaan.iyer52@axis,Vihaan Iyer,88.02,UPI_P2P,SUCCESS,False,0
TXN45961754,2026-09-15 20:59:46,USR_0063,amit.chopra53@hdfc,Amit Chopra,USR_0027,pooja.verma90@paytm,Pooja Verma,2068.22,NEFT,SUCCESS,False,0
TXN75840632,2026-09-15 21:04:30,USR_0078,priya.gupta18@icici,Priya Gupta,USR_0107,isha.sharma48@icici,Isha Sharma,63.27,IMPS_TRANSFER,SUCCESS,False,0
TXN75184410,2026-09-15 21:04:43,USR_0034,rahul.shukla53@sbi,Rahul Shukla,USR_0056,rahul.singh26@axis,Rahul Singh,407.99,NEFT,SUCCESS,False,0
TXN36799898,2026-09-15 21:05:04,USR_0037,pooja.shukla95@icici,Pooja Shukla,USR_0105,vihaan.iyer52@axis,Vihaan Iyer,3422.74,NEFT,SUCCESS,False,0
TXN20746107,2026-09-15 21:05:05,USR_0093,pooja.rao89@pnb,Pooja Rao,USR_0030,karan.singh17@hdfc,Karan Singh,410.93,IMPS_TRANSFER,SUCCESS,False,0
TXN75800289,2026-09-15 21:05:23,USR_0025,alok.rao24@icici,Alok Rao,USR_0037,pooja.shukla95@icici,Pooja Shukla,660.32,NEFT,SUCCESS,False,0
TXN54112109,2026-09-15 21:10:54,USR_0109,isha.shukla65@icici,Isha Shukla,USR_0017,varun.verma82@hdfc,Varun Verma,428.88,UPI_P2M,SUCCESS,False,0
TXN44286770,2026-09-15 21:11:39,USR_0074,deepak.rao41@paytm,Deepak Rao,USR_0115,tanvi.gupta58@icici,Tanvi Gupta,861.77,UPI_P2P,SUCCESS,False,0
TXN56952151,2026-09-15 21:12:01,USR_0010,suresh.shukla47@paytm,Suresh Shukla,USR_0074,deepak.rao41@paytm,Deepak Rao,4384.77,UPI_P2M,SUCCESS,False,0
TXN61973818,2026-09-15 21:15:55,USR_0102,tanvi.verma46@pnb,Tanvi Verma,USR_0079,vikram.joshi96@axis,Vikram Joshi,7736.57,NEFT,SUCCESS,False,0
TXN60689435,2026-09-15 21:26:29,USR_0038,neha.patel83@pnb,Neha Patel,USR_0036,ramesh.rao39@sbi,Ramesh Rao,130.46,UPI_P2M,SUCCESS,False,0
TXN19673809,2026-09-15 21:31:24,USR_0071,alok.joshi62@paytm,Alok Joshi,USR_0106,sneha.sharma63@hdfc,Sneha Sharma,1253.2,IMPS_TRANSFER,SUCCESS,False,0
TXN30017834,2026-09-15 21:35:40,USR_0106,sneha.sharma63@hdfc,Sneha Sharma,USR_0073,karan.iyer32@sbi,Karan Iyer,664.52,NEFT,SUCCESS,False,0
TXN66936428,2026-09-15 21:41:24,USR_0008,deepak.sharma68@pnb,Deepak Sharma,USR_0026,aditya.mehta43@sbi,Aditya Mehta,387.8,UPI_P2M,SUCCESS,False,0
TXN88831486,2026-09-15 21:42:03,USR_0058,neha.shukla43@kotak,Neha Shukla,USR_0047,karan.sharma58@hdfc,Karan Sharma,3485.75,NEFT,SUCCESS,False,0
TXN83665549,2026-09-15 21:44:12,USR_0014,vikram.patel41@kotak,Vikram Patel,USR_0023,priya.chopra77@axis,Priya Chopra,143.73,UPI_P2P,SUCCESS,False,0
TXN80392240,2026-09-15 21:45:48,USR_0044,aditya.singh41@axis,Aditya Singh,USR_0082,sneha.chopra24@kotak,Sneha Chopra,605.67,NEFT,SUCCESS,False,0
TXN24821786,2026-09-15 21:47:04,USR_0000,vikram.verma45@sbi,Vikram Verma,USR_0001,rohan.nair96@sbi,Rohan Nair,747.42,UPI_P2P,SUCCESS,False,0
TXN63270351,2026-09-15 21:47:14,USR_0114,aditya.sharma58@icici,Aditya Sharma,USR_0046,sneha.mehta37@axis,Sneha Mehta,695.74,UPI_P2P,SUCCESS,False,0
TXN92019078,2026-09-15 21:49:04,USR_0022,vikram.patel97@paytm,Vikram Patel,USR_0020,manish.chopra84@axis,Manish Chopra,291.24,IMPS_TRANSFER,SUCCESS,False,0
TXN41796721,2026-09-15 21:51:00,USR_0076,sunil.mehta35@hdfc,Sunil Mehta,USR_0098,aditya.nair69@kotak,Aditya Nair,151.82,IMPS_TRANSFER,SUCCESS,False,0
TXN69985944,2026-09-15 21:53:53,USR_0045,deepak.joshi16@sbi,Deepak Joshi,USR_0041,tanvi.nair96@sbi,Tanvi Nair,216.45,NEFT,SUCCESS,False,0
TXN19768947,2026-09-15 21:55:59,USR_0034,rahul.shukla53@sbi,Rahul Shukla,USR_0048,nikhil.mehta64@icici,Nikhil Mehta,1030.83,UPI_P2P,SUCCESS,False,0
TXN24115931,2026-09-15 21:58:06,USR_0022,vikram.patel97@paytm,Vikram Patel,USR_0001,rohan.nair96@sbi,Rohan Nair,668.97,NEFT,SUCCESS,False,0
TXN99287317,2026-09-15 21:59:34,USR_0073,karan.iyer32@sbi,Karan Iyer,USR_0045,deepak.joshi16@sbi,Deepak Joshi,716.53,NEFT,SUCCESS,False,0
TXN43059986,2026-09-15 22:02:12,USR_0070,karan.gupta97@hdfc,Karan Gupta,USR_0075,deepak.nair58@sbi,Deepak Nair,297.1,UPI_P2P,SUCCESS,False,0
TXN92386462,2026-09-15 22:05:20,USR_0117,rahul.rao93@sbi,Rahul Rao,USR_0010,suresh.shukla47@paytm,Suresh Shukla,1172.99,NEFT,SUCCESS,False,0
TXN69619341,2026-09-15 22:07:44,USR_0052,kavya.verma40@pnb,Kavya Verma,USR_0046,sneha.mehta37@axis,Sneha Mehta,283.92,UPI_P2M,SUCCESS,False,0
TXN62953249,2026-09-15 22:08:52,USR_0015,priya.singh98@pnb,Priya Singh,USR_0073,karan.iyer32@sbi,Karan Iyer,72.07,NEFT,SUCCESS,False,0
TXN37539747,2026-09-15 22:09:17,USR_0105,vihaan.iyer52@axis,Vihaan Iyer,USR_0066,manish.mehta64@kotak,Manish Mehta,1559.8,UPI_P2M,SUCCESS,False,0
TXN67176108,2026-09-15 22:09:30,USR_0046,sneha.mehta37@axis,Sneha Mehta,USR_0102,tanvi.verma46@pnb,Tanvi Verma,3555.09,IMPS_TRANSFER,SUCCESS,False,0
TXN44918995,2026-09-15 22:11:19,USR_0065,aarav.gupta26@paytm,Aarav Gupta,USR_0006,varun.patel53@hdfc,Varun Patel,1375.47,IMPS_TRANSFER,SUCCESS,False,0
TXN11496555,2026-09-15 22:11:47,USR_0018,vikram.mehta92@axis,Vikram Mehta,USR_0038,neha.patel83@pnb,Neha Patel,113.35,IMPS_TRANSFER,SUCCESS,False,0
TXN63238057,2026-09-15 22:12:02,USR_0039,rahul.mehta62@paytm,Rahul Mehta,USR_0073,karan.iyer32@sbi,Karan Iyer,613.12,NEFT,SUCCESS,False,0
TXN60858151,2026-09-15 22:12:30,USR_0002,rhea.iyer13@sbi,Rhea Iyer,USR_0106,sneha.sharma63@hdfc,Sneha Sharma,530.96,UPI_P2M,SUCCESS,False,0
TXN46115786,2026-09-15 22:13:33,USR_0082,sneha.chopra24@kotak,Sneha Chopra,USR_0028,rohan.gupta30@paytm,Rohan Gupta,1524.08,UPI_P2M,SUCCESS,False,0
TXN99904987,2026-09-15 22:14:34,USR_0090,ishaan.iyer84@paytm,Ishaan Iyer,USR_0111,manish.patel69@paytm,Manish Patel,73.89,UPI_P2M,SUCCESS,False,0
TXN80723898,2026-09-15 22:15:50,USR_0014,vikram.patel41@kotak,Vikram Patel,USR_0036,ramesh.rao39@sbi,Ramesh Rao,1022.16,NEFT,SUCCESS,False,0
TXN70663511,2026-09-15 22:16:14,USR_0090,ishaan.iyer84@paytm,Ishaan Iyer,USR_0068,rajesh.gupta80@kotak,Rajesh Gupta,343.15,IMPS_TRANSFER,SUCCESS,False,0
TXN17907267,2026-09-15 22:17:33,USR_0039,rahul.mehta62@paytm,Rahul Mehta,USR_0052,kavya.verma40@pnb,Kavya Verma,79.39,UPI_P2M,SUCCESS,False,0
TXN94676162,2026-09-15 22:18:48,USR_0099,rahul.verma27@axis,Rahul Verma,USR_0043,ishaan.shukla67@kotak,Ishaan Shukla,168.03,UPI_P2P,SUCCESS,False,0
TXN30499966,2026-09-15 22:20:09,USR_0048,nikhil.mehta64@icici,Nikhil Mehta,USR_0077,amit.shukla13@hdfc,Amit Shukla,1786.83,IMPS_TRANSFER,SUCCESS,False,0
TXN14179623,2026-09-15 22:21:03,USR_0102,tanvi.verma46@pnb,Tanvi Verma,USR_0095,aarav.sharma70@hdfc,Aarav Sharma,1122.36,UPI_P2M,SUCCESS,False,0
TXN68348074,2026-09-15 22:21:42,USR_0101,tanvi.singh41@paytm,Tanvi Singh,USR_0116,rajesh.verma12@axis,Rajesh Verma,2482.41,IMPS_TRANSFER,SUCCESS,False,0
TXN11246473,2026-09-15 22:23:33,USR_0028,rohan.gupta30@paytm,Rohan Gupta,USR_0066,manish.mehta64@kotak,Manish Mehta,98.13,NEFT,SUCCESS,False,0
TXN52103461,2026-09-15 22:27:26,USR_0051,pooja.joshi17@hdfc,Pooja Joshi,USR_0113,vihaan.rao27@axis,Vihaan Rao,601.23,IMPS_TRANSFER,SUCCESS,False,0
TXN88762521,2026-09-15 22:30:35,USR_0099,rahul.verma27@axis,Rahul Verma,USR_0058,neha.shukla43@kotak,Neha Shukla,1902.07,NEFT,SUCCESS,False,0
TXN32814819,2026-09-15 22:31:29,USR_0052,kavya.verma40@pnb,Kavya Verma,USR_0072,nikhil.shukla30@paytm,Nikhil Shukla,1264.08,UPI_P2M,SUCCESS,False,0
TXN33193791,2026-09-15 22:37:40,USR_0003,rahul.joshi13@kotak,Rahul Joshi,USR_0048,nikhil.mehta64@icici,Nikhil Mehta,196.38,NEFT,SUCCESS,False,0
TXN21507650,2026-09-15 22:42:16,USR_0047,karan.sharma58@hdfc,Karan Sharma,USR_0074,deepak.rao41@paytm,Deepak Rao,911.47,NEFT,SUCCESS,False,0
TXN43373708,2026-09-15 22:42:28,USR_0019,varun.patel81@hdfc,Varun Patel,USR_0016,suresh.gupta17@paytm,Suresh Gupta,1189.01,IMPS_TRANSFER,SUCCESS,False,0
TXN73155598,2026-09-15 22:43:11,USR_0058,neha.shukla43@kotak,Neha Shukla,USR_0039,rahul.mehta62@paytm,Rahul Mehta,1831.87,NEFT,SUCCESS,False,0
TXN31573890,2026-09-15 22:43:34,USR_0078,priya.gupta18@icici,Priya Gupta,USR_0089,priya.joshi10@paytm,Priya Joshi,666.86,UPI_P2P,SUCCESS,False,0
TXN46434606,2026-09-15 22:45:20,USR_0105,vihaan.iyer52@axis,Vihaan Iyer,USR_0108,sunil.iyer79@kotak,Sunil Iyer,981.72,IMPS_TRANSFER,SUCCESS,False,0
TXN50415166,2026-09-15 22:48:42,USR_0026,aditya.mehta43@sbi,Aditya Mehta,USR_0088,neha.patel63@hdfc,Neha Patel,325.51,UPI_P2P,SUCCESS,False,0
TXN86868410,2026-09-15 22:54:30,USR_0053,karan.chopra84@hdfc,Karan Chopra,USR_0068,rajesh.gupta80@kotak,Rajesh Gupta,392.8,NEFT,SUCCESS,False,0
TXN31831387,2026-09-15 22:54:54,USR_0083,varun.sharma65@pnb,Varun Sharma,USR_0097,isha.iyer28@hdfc,Isha Iyer,617.74,UPI_P2M,SUCCESS,False,0
TXN64874257,2026-09-15 22:57:33,USR_0083,varun.sharma65@pnb,Varun Sharma,USR_0026,aditya.mehta43@sbi,Aditya Mehta,79.64,IMPS_TRANSFER,SUCCESS,False,0
TXN50924657,2026-09-15 22:58:32,USR_0010,suresh.shukla47@paytm,Suresh Shukla,USR_0116,rajesh.verma12@axis,Rajesh Verma,1310.48,UPI_P2P,SUCCESS,False,0
TXN22862542,2026-09-15 23:00:05,USR_0087,suresh.iyer61@icici,Suresh Iyer,USR_0089,priya.joshi10@paytm,Priya Joshi,2264.45,IMPS_TRANSFER,SUCCESS,False,0
TXN27092408,2026-09-15 23:00:45,USR_0039,rahul.mehta62@paytm,Rahul Mehta,USR_0093,pooja.rao89@pnb,Pooja Rao,1953.26,IMPS_TRANSFER,SUCCESS,False,0
TXN31217198,2026-09-15 23:01:15,USR_0058,neha.shukla43@kotak,Neha Shukla,USR_0009,nikhil.iyer80@sbi,Nikhil Iyer,1019.88,UPI_P2P,SUCCESS,False,0
TXN64023778,2026-09-15 23:01:32,USR_0015,priya.singh98@pnb,Priya Singh,USR_0059,amit.patel79@axis,Amit Patel,1840.69,IMPS_TRANSFER,SUCCESS,False,0
TXN72220513,2026-09-15 23:07:07,USR_0117,rahul.rao93@sbi,Rahul Rao,USR_0006,varun.patel53@hdfc,Varun Patel,985.22,UPI_P2M,SUCCESS,False,0
TXN44147341,2026-09-15 23:07:23,USR_0081,aryan.verma65@kotak,Aryan Verma,USR_0025,alok.rao24@icici,Alok Rao,1679.05,IMPS_TRANSFER,SUCCESS,False,0
TXN52552488,2026-09-15 23:08:22,USR_0090,ishaan.iyer84@paytm,Ishaan Iyer,USR_0026,aditya.mehta43@sbi,Aditya Mehta,136.26,NEFT,SUCCESS,False,0
TXN96691619,2026-09-15 23:09:59,USR_0097,isha.iyer28@hdfc,Isha Iyer,USR_0030,karan.singh17@hdfc,Karan Singh,728.64,NEFT,SUCCESS,False,0
TXN43954789,2026-09-15 23:10:18,USR_0102,tanvi.verma46@pnb,Tanvi Verma,USR_0006,varun.patel53@hdfc,Varun Patel,189.48,UPI_P2M,SUCCESS,False,0
TXN90030269,2026-09-15 23:14:38,USR_0022,vikram.patel97@paytm,Vikram Patel,USR_0078,priya.gupta18@icici,Priya Gupta,3319.67,UPI_P2P,SUCCESS,False,0
TXN44539133,2026-09-15 23:17:01,USR_0098,aditya.nair69@kotak,Aditya Nair,USR_0054,kavya.verma94@axis,Kavya Verma,525.27,IMPS_TRANSFER,SUCCESS,False,0
TXN18338186,2026-09-15 23:19:25,USR_0083,varun.sharma65@pnb,Varun Sharma,USR_0046,sneha.mehta37@axis,Sneha Mehta,894.45,UPI_P2M,SUCCESS,False,0
TXN57967465,2026-09-15 23:21:39,USR_0059,amit.patel79@axis,Amit Patel,USR_0112,kavya.joshi60@sbi,Kavya Joshi,3193.68,UPI_P2M,SUCCESS,False,0
TXN78561753,2026-09-15 23:22:20,USR_0023,priya.chopra77@axis,Priya Chopra,USR_0047,karan.sharma58@hdfc,Karan Sharma,337.38,UPI_P2M,SUCCESS,False,0
TXN15205303,2026-09-15 23:23:19,USR_0077,amit.shukla13@hdfc,Amit Shukla,USR_0087,suresh.iyer61@icici,Suresh Iyer,1279.81,NEFT,SUCCESS,False,0
TXN50952251,2026-09-15 23:23:54,USR_0001,rohan.nair96@sbi,Rohan Nair,USR_0043,ishaan.shukla67@kotak,Ishaan Shukla,199.73,UPI_P2P,SUCCESS,False,0
TXN40410305,2026-09-15 23:25:51,USR_0016,suresh.gupta17@paytm,Suresh Gupta,USR_0109,isha.shukla65@icici,Isha Shukla,416.38,UPI_P2M,SUCCESS,False,0
TXN87293208,2026-09-15 23:28:59,USR_0037,pooja.shukla95@icici,Pooja Shukla,USR_0094,rajesh.shukla49@pnb,Rajesh Shukla,2265.1,NEFT,SUCCESS,False,0
TXN60547291,2026-09-15 23:29:28,USR_0093,pooja.rao89@pnb,Pooja Rao,USR_0018,vikram.mehta92@axis,Vikram Mehta,318.56,UPI_P2P,SUCCESS,False,0
TXN54325223,2026-09-15 23:37:37,USR_0047,karan.sharma58@hdfc,Karan Sharma,USR_0059,amit.patel79@axis,Amit Patel,539.78,UPI_P2P,SUCCESS,False,0
TXN28102047,2026-09-15 23:41:42,USR_0055,nikhil.singh95@hdfc,Nikhil Singh,USR_0099,rahul.verma27@axis,Rahul Verma,1848.53,UPI_P2M,SUCCESS,False,0
TXN52365995,2026-09-15 23:43:20,USR_0058,neha.shukla43@kotak,Neha Shukla,USR_0015,priya.singh98@pnb,Priya Singh,567.17,NEFT,SUCCESS,False,0
TXN28743541,2026-09-15 23:44:09,USR_0011,sunil.shukla22@paytm,Sunil Shukla,USR_0050,manish.gupta16@sbi,Manish Gupta,257.67,UPI_P2P,SUCCESS,False,0
TXN27307598,2026-09-15 23:44:22,USR_0039,rahul.mehta62@paytm,Rahul Mehta,USR_0083,varun.sharma65@pnb,Varun Sharma,649.26,NEFT,SUCCESS,False,0
TXN23459168,2026-09-15 23:48:00,USR_0057,ananya.verma68@sbi,Ananya Verma,USR_0100,suresh.joshi86@kotak,Suresh Joshi,568.25,UPI_P2M,SUCCESS,False,0
TXN53588695,2026-09-15 23:49:19,USR_0050,manish.gupta16@sbi,Manish Gupta,USR_0023,priya.chopra77@axis,Priya Chopra,4250.73,IMPS_TRANSFER,SUCCESS,False,0
TXN52478561,2026-09-15 23:49:20,USR_0068,rajesh.gupta80@kotak,Rajesh Gupta,USR_0047,karan.sharma58@hdfc,Karan Sharma,381.22,UPI_P2P,SUCCESS,False,0
TXN71114408,2026-09-15 23:50:20,USR_0084,nikhil.joshi95@pnb,Nikhil Joshi,USR_0088,neha.patel63@hdfc,Neha Patel,1921.06,UPI_P2M,SUCCESS,False,0
TXN35204672,2026-09-15 23:53:04,USR_0057,ananya.verma68@sbi,Ananya Verma,USR_0034,rahul.shukla53@sbi,Rahul Shukla,257.23,NEFT,SUCCESS,False,0
TXN86188876,2026-09-15 23:53:27,USR_0003,rahul.joshi13@kotak,Rahul Joshi,USR_0090,ishaan.iyer84@paytm,Ishaan Iyer,815.43,IMPS_TRANSFER,SUCCESS,False,0
TXN43320572,2026-09-15 23:54:35,USR_0068,rajesh.gupta80@kotak,Rajesh Gupta,USR_0001,rohan.nair96@sbi,Rohan Nair,3524.67,IMPS_TRANSFER,SUCCESS,False,0
TXN16144233,2026-09-16 00:00:10,USR_0066,manish.mehta64@kotak,Manish Mehta,USR_0047,karan.sharma58@hdfc,Karan Sharma,1099.72,UPI_P2P,SUCCESS,False,0
TXN55610493,2026-09-16 00:02:48,USR_0023,priya.chopra77@axis,Priya Chopra,USR_0034,rahul.shukla53@sbi,Rahul Shukla,636.75,IMPS_TRANSFER,SUCCESS,False,0
TXN21097943,2026-09-16 00:03:26,USR_0081,aryan.verma65@kotak,Aryan Verma,USR_0001,rohan.nair96@sbi,Rohan Nair,105.81,UPI_P2M,SUCCESS,False,0
TXN42847661,2026-09-16 00:05:22,USR_0076,sunil.mehta35@hdfc,Sunil Mehta,USR_0086,suresh.verma48@pnb,Suresh Verma,1498.65,UPI_P2P,SUCCESS,False,0
TXN86555214,2026-09-16 00:05:27,USR_0039,rahul.mehta62@paytm,Rahul Mehta,USR_0020,manish.chopra84@axis,Manish Chopra,685.25,NEFT,SUCCESS,False,0
TXN24723458,2026-09-16 00:05:40,USR_0006,varun.patel53@hdfc,Varun Patel,USR_0000,vikram.verma45@sbi,Vikram Verma,120.54,IMPS_TRANSFER,SUCCESS,False,0
TXN49641367,2026-09-16 00:06:01,USR_0025,alok.rao24@icici,Alok Rao,USR_0045,deepak.joshi16@sbi,Deepak Joshi,1842.8,NEFT,SUCCESS,False,0
TXN22101856,2026-09-16 00:06:50,USR_0001,rohan.nair96@sbi,Rohan Nair,USR_0094,rajesh.shukla49@pnb,Rajesh Shukla,369.27,UPI_P2P,SUCCESS,False,0
TXN10145801,2026-09-16 00:07:10,USR_0083,varun.sharma65@pnb,Varun Sharma,USR_0011,sunil.shukla22@paytm,Sunil Shukla,890.01,UPI_P2P,SUCCESS,False,0
TXN20482769,2026-09-16 00:07:28,USR_0057,ananya.verma68@sbi,Ananya Verma,USR_0067,kabir.verma29@pnb,Kabir Verma,3646.37,IMPS_TRANSFER,SUCCESS,False,0
TXN88971743,2026-09-16 00:11:14,USR_0116,rajesh.verma12@axis,Rajesh Verma,USR_0081,aryan.verma65@kotak,Aryan Verma,2998.27,IMPS_TRANSFER,SUCCESS,False,0
TXN67722252,2026-09-16 00:13:27,USR_0039,rahul.mehta62@paytm,Rahul Mehta,USR_0088,neha.patel63@hdfc,Neha Patel,234.47,UPI_P2M,SUCCESS,False,0
TXN95103759,2026-09-16 00:18:13,USR_0011,sunil.shukla22@paytm,Sunil Shukla,USR_0014,vikram.patel41@kotak,Vikram Patel,2073.75,NEFT,SUCCESS,False,0
TXN99329049,2026-09-16 00:22:11,USR_0026,aditya.mehta43@sbi,Aditya Mehta,USR_0071,alok.joshi62@paytm,Alok Joshi,1086.4,UPI_P2P,SUCCESS,False,0
TXN21594582,2026-09-16 00:26:17,USR_0081,aryan.verma65@kotak,Aryan Verma,USR_0015,priya.singh98@pnb,Priya Singh,1880.04,UPI_P2P,SUCCESS,False,0
TXN31643241,2026-09-16 00:26:27,USR_0022,vikram.patel97@paytm,Vikram Patel,USR_0107,isha.sharma48@icici,Isha Sharma,214.9,UPI_P2M,SUCCESS,False,0
TXN77900294,2026-09-16 00:26:40,USR_0093,pooja.rao89@pnb,Pooja Rao,USR_0037,pooja.shukla95@icici,Pooja Shukla,299.94,NEFT,SUCCESS,False,0
TXN71439467,2026-09-16 00:30:27,USR_0056,rahul.singh26@axis,Rahul Singh,USR_0045,deepak.joshi16@sbi,Deepak Joshi,75.4,NEFT,SUCCESS,False,0
TXN87576121,2026-09-16 00:30:59,USR_0024,suresh.nair97@sbi,Suresh Nair,USR_0000,vikram.verma45@sbi,Vikram Verma,1198.11,UPI_P2P,SUCCESS,False,0
TXN35704262,2026-09-16 00:31:11,USR_0087,suresh.iyer61@icici,Suresh Iyer,USR_0117,rahul.rao93@sbi,Rahul Rao,766.84,IMPS_TRANSFER,SUCCESS,False,0
TXN56442431,2026-09-16 00:31:47,USR_0041,tanvi.nair96@sbi,Tanvi Nair,USR_0119,isha.rao82@sbi,Isha Rao,1478.77,UPI_P2M,SUCCESS,False,0
TXN15360735,2026-09-16 00:33:20,USR_0042,aryan.iyer53@pnb,Aryan Iyer,USR_0059,amit.patel79@axis,Amit Patel,2174.53,UPI_P2M,SUCCESS,False,0
TXN81659221,2026-09-16 00:35:14,USR_0073,karan.iyer32@sbi,Karan Iyer,USR_0085,sneha.verma52@pnb,Sneha Verma,77.27,NEFT,SUCCESS,False,0
TXN91253395,2026-09-16 00:36:35,USR_0083,varun.sharma65@pnb,Varun Sharma,USR_0037,pooja.shukla95@icici,Pooja Shukla,1010.5,IMPS_TRANSFER,SUCCESS,False,0
TXN48260510,2026-09-16 00:40:49,USR_0119,isha.rao82@sbi,Isha Rao,USR_0013,diya.shukla44@pnb,Diya Shukla,4131.01,UPI_P2P,SUCCESS,False,0
TXN65304811,2026-09-16 00:41:52,USR_0012,tanvi.rao56@paytm,Tanvi Rao,USR_0018,vikram.mehta92@axis,Vikram Mehta,1036.98,NEFT,SUCCESS,False,0
TXN58518659,2026-09-16 00:42:36,USR_0108,sunil.iyer79@kotak,Sunil Iyer,USR_0020,manish.chopra84@axis,Manish Chopra,1267.44,UPI_P2M,SUCCESS,False,0
TXN34465275,2026-09-16 00:42:37,USR_0118,rajesh.sharma29@kotak,Rajesh Sharma,USR_0020,manish.chopra84@axis,Manish Chopra,5737.26,IMPS_TRANSFER,SUCCESS,False,0
TXN36962876,2026-09-16 00:42:53,USR_0110,priya.gupta96@pnb,Priya Gupta,USR_0040,kabir.rao55@axis,Kabir Rao,2484.21,UPI_P2M,SUCCESS,False,0
TXN47135338,2026-09-16 00:44:18,USR_0100,suresh.joshi86@kotak,Suresh Joshi,USR_0028,rohan.gupta30@paytm,Rohan Gupta,431.18,NEFT,SUCCESS,False,0
TXN66882385,2026-09-16 00:46:40,USR_0103,ananya.gupta20@kotak,Ananya Gupta,USR_0039,rahul.mehta62@paytm,Rahul Mehta,712.25,IMPS_TRANSFER,SUCCESS,False,0
TXN66813149,2026-09-16 00:49:16,USR_0087,suresh.iyer61@icici,Suresh Iyer,USR_0027,pooja.verma90@paytm,Pooja Verma,101.08,NEFT,SUCCESS,False,0
TXN21783073,2026-09-16 00:49:25,USR_0022,vikram.patel97@paytm,Vikram Patel,USR_0115,tanvi.gupta58@icici,Tanvi Gupta,113.68,NEFT,SUCCESS,False,0
TXN35574404,2026-09-16 00:50:16,USR_0015,priya.singh98@pnb,Priya Singh,USR_0028,rohan.gupta30@paytm,Rohan Gupta,2755.9,UPI_P2M,SUCCESS,False,0
TXN73584863,2026-09-16 00:50:23,USR_0004,ramesh.rao79@pnb,Ramesh Rao,USR_0017,varun.verma82@hdfc,Varun Verma,1229.75,IMPS_TRANSFER,SUCCESS,False,0
TXN76481027,2026-09-16 00:50:35,USR_0082,sneha.chopra24@kotak,Sneha Chopra,USR_0087,suresh.iyer61@icici,Suresh Iyer,608.58,UPI_P2M,SUCCESS,False,0
TXN40133935,2026-09-16 00:52:16,USR_0102,tanvi.verma46@pnb,Tanvi Verma,USR_0116,rajesh.verma12@axis,Rajesh Verma,1691.86,NEFT,SUCCESS,False,0
TXN56344519,2026-09-16 00:53:51,USR_0026,aditya.mehta43@sbi,Aditya Mehta,USR_0079,vikram.joshi96@axis,Vikram Joshi,851.98,IMPS_TRANSFER,SUCCESS,False,0
TXN11101134,2026-09-16 00:57:24,USR_0034,rahul.shukla53@sbi,Rahul Shukla,USR_0016,suresh.gupta17@paytm,Suresh Gupta,85.62,NEFT,SUCCESS,False,0
TXN27603804,2026-09-16 00:57:25,USR_0109,isha.shukla65@icici,Isha Shukla,USR_0107,isha.sharma48@icici,Isha Sharma,1048.95,NEFT,SUCCESS,False,0
TXN73586743,2026-09-16 00:59:23,USR_0088,neha.patel63@hdfc,Neha Patel,USR_0061,nikhil.rao27@sbi,Nikhil Rao,876.54,NEFT,SUCCESS,False,0
TXN20846331,2026-09-16 00:59:28,USR_0040,kabir.rao55@axis,Kabir Rao,USR_0110,priya.gupta96@pnb,Priya Gupta,772.74,UPI_P2M,SUCCESS,False,0
TXN22205980,2026-09-16 01:04:55,USR_0087,suresh.iyer61@icici,Suresh Iyer,USR_0026,aditya.mehta43@sbi,Aditya Mehta,764.02,NEFT,SUCCESS,False,0
TXN80557676,2026-09-16 01:04:59,USR_0039,rahul.mehta62@paytm,Rahul Mehta,USR_0050,manish.gupta16@sbi,Manish Gupta,1952.78,NEFT,SUCCESS,False,0
TXN32366682,2026-09-16 01:08:11,USR_0057,ananya.verma68@sbi,Ananya Verma,USR_0077,amit.shukla13@hdfc,Amit Shukla,1086.1,NEFT,SUCCESS,False,0
TXN89438729,2026-09-16 01:08:22,USR_0095,aarav.sharma70@hdfc,Aarav Sharma,USR_0011,sunil.shukla22@paytm,Sunil Shukla,205.29,UPI_P2P,SUCCESS,False,0
TXN11890348,2026-09-16 01:12:16,USR_0082,sneha.chopra24@kotak,Sneha Chopra,USR_0032,suresh.mehta31@kotak,Suresh Mehta,1847.55,UPI_P2M,SUCCESS,False,0
TXN28592146,2026-09-16 01:18:32,USR_0060,kavya.rao11@kotak,Kavya Rao,USR_0106,sneha.sharma63@hdfc,Sneha Sharma,349.1,UPI_P2M,SUCCESS,False,0
TXN74628070,2026-09-16 01:19:30,USR_0103,ananya.gupta20@kotak,Ananya Gupta,USR_0042,aryan.iyer53@pnb,Aryan Iyer,473.47,UPI_P2P,SUCCESS,False,0
TXN88598977,2026-09-16 01:19:38,USR_0000,vikram.verma45@sbi,Vikram Verma,USR_0082,sneha.chopra24@kotak,Sneha Chopra,1357.6,UPI_P2P,SUCCESS,False,0
TXN85647532,2026-09-16 01:21:09,USR_0084,nikhil.joshi95@pnb,Nikhil Joshi,USR_0079,vikram.joshi96@axis,Vikram Joshi,1006.15,IMPS_TRANSFER,SUCCESS,False,0
TXN52352128,2026-09-16 01:24:00,USR_0029,ananya.mehta24@sbi,Ananya Mehta,USR_0015,priya.singh98@pnb,Priya Singh,780.72,UPI_P2M,SUCCESS,False,0
TXN98305426,2026-09-16 01:24:14,USR_0002,rhea.iyer13@sbi,Rhea Iyer,USR_0018,vikram.mehta92@axis,Vikram Mehta,899.27,NEFT,SUCCESS,False,0
TXN89551741,2026-09-16 01:24:31,USR_0114,aditya.sharma58@icici,Aditya Sharma,USR_0030,karan.singh17@hdfc,Karan Singh,431.97,NEFT,SUCCESS,False,0
TXN81905550,2026-09-16 01:27:58,USR_0002,rhea.iyer13@sbi,Rhea Iyer,USR_0067,kabir.verma29@pnb,Kabir Verma,1018.53,IMPS_TRANSFER,SUCCESS,False,0
TXN45105069,2026-09-16 01:30:59,USR_0038,neha.patel83@pnb,Neha Patel,USR_0074,deepak.rao41@paytm,Deepak Rao,2844.13,UPI_P2P,SUCCESS,False,0
TXN65950146,2026-09-16 01:31:28,USR_0113,vihaan.rao27@axis,Vihaan Rao,USR_0037,pooja.shukla95@icici,Pooja Shukla,1451.11,NEFT,SUCCESS,False,0
TXN76588957,2026-09-16 01:37:45,USR_0055,nikhil.singh95@hdfc,Nikhil Singh,USR_0105,vihaan.iyer52@axis,Vihaan Iyer,383.14,NEFT,SUCCESS,False,0
TXN63773642,2026-09-16 01:38:01,USR_0077,amit.shukla13@hdfc,Amit Shukla,USR_0004,ramesh.rao79@pnb,Ramesh Rao,5018.48,NEFT,SUCCESS,False,0
TXN84514623,2026-09-16 01:40:05,USR_0038,neha.patel83@pnb,Neha Patel,USR_0072,nikhil.shukla30@paytm,Nikhil Shukla,1600.31,IMPS_TRANSFER,SUCCESS,False,0
TXN79856260,2026-09-16 01:40:40,USR_0042,aryan.iyer53@pnb,Aryan Iyer,USR_0049,ishaan.singh17@hdfc,Ishaan Singh,688.5,UPI_P2M,SUCCESS,False,0
TXN43808923,2026-09-16 01:41:20,USR_0044,aditya.singh41@axis,Aditya Singh,USR_0028,rohan.gupta30@paytm,Rohan Gupta,4585.84,IMPS_TRANSFER,SUCCESS,False,0
TXN38300713,2026-09-16 01:44:36,USR_0084,nikhil.joshi95@pnb,Nikhil Joshi,USR_0056,rahul.singh26@axis,Rahul Singh,875.02,UPI_P2M,SUCCESS,False,0
TXN56637316,2026-09-16 01:45:12,USR_0070,karan.gupta97@hdfc,Karan Gupta,USR_0036,ramesh.rao39@sbi,Ramesh Rao,101.61,IMPS_TRANSFER,SUCCESS,False,0
TXN31393688,2026-09-16 01:46:24,USR_0016,suresh.gupta17@paytm,Suresh Gupta,USR_0089,priya.joshi10@paytm,Priya Joshi,1560.42,UPI_P2P,SUCCESS,False,0
TXN69845276,2026-09-16 01:51:21,USR_0009,nikhil.iyer80@sbi,Nikhil Iyer,USR_0073,karan.iyer32@sbi,Karan Iyer,993.6,IMPS_TRANSFER,SUCCESS,False,0
TXN65782199,2026-09-16 01:52:42,USR_0011,sunil.shukla22@paytm,Sunil Shukla,USR_0027,pooja.verma90@paytm,Pooja Verma,535.96,NEFT,SUCCESS,False,0
TXN70835762,2026-09-16 01:58:43,USR_0053,karan.chopra84@hdfc,Karan Chopra,USR_0077,amit.shukla13@hdfc,Amit Shukla,651.99,IMPS_TRANSFER,SUCCESS,False,0
TXN17772004,2026-09-16 02:01:54,USR_0089,priya.joshi10@paytm,Priya Joshi,USR_0055,nikhil.singh95@hdfc,Nikhil Singh,383.23,UPI_P2M,SUCCESS,False,0
TXN11889398,2026-09-16 02:04:57,USR_0068,rajesh.gupta80@kotak,Rajesh Gupta,USR_0025,alok.rao24@icici,Alok Rao,1092.68,IMPS_TRANSFER,SUCCESS,False,0
TXN23851475,2026-09-16 02:05:25,USR_0049,ishaan.singh17@hdfc,Ishaan Singh,USR_0011,sunil.shukla22@paytm,Sunil Shukla,152.35,UPI_P2P,SUCCESS,False,0
TXN53258988,2026-09-16 02:06:34,USR_0055,nikhil.singh95@hdfc,Nikhil Singh,USR_0105,vihaan.iyer52@axis,Vihaan Iyer,1527.5,IMPS_TRANSFER,SUCCESS,False,0
TXN15379569,2026-09-16 02:09:15,USR_0088,neha.patel63@hdfc,Neha Patel,USR_0014,vikram.patel41@kotak,Vikram Patel,576.2,NEFT,SUCCESS,False,0
TXN46953423,2026-09-16 02:12:34,USR_0044,aditya.singh41@axis,Aditya Singh,USR_0041,tanvi.nair96@sbi,Tanvi Nair,1447.26,NEFT,SUCCESS,False,0
TXN88101741,2026-09-16 02:14:56,USR_0044,aditya.singh41@axis,Aditya Singh,USR_0030,karan.singh17@hdfc,Karan Singh,584.59,UPI_P2P,SUCCESS,False,0
TXN44834491,2026-09-16 02:15:00,USR_0047,karan.sharma58@hdfc,Karan Sharma,USR_0065,aarav.gupta26@paytm,Aarav Gupta,1362.03,UPI_P2P,SUCCESS,False,0
TXN67136170,2026-09-16 02:17:16,USR_0005,tanvi.chopra10@icici,Tanvi Chopra,USR_0060,kavya.rao11@kotak,Kavya Rao,2102.36,UPI_P2P,SUCCESS,False,0
TXN12512536,2026-09-16 02:18:03,USR_0064,karan.sharma91@sbi,Karan Sharma,USR_0048,nikhil.mehta64@icici,Nikhil Mehta,133.67,UPI_P2M,SUCCESS,False,0
TXN92666356,2026-09-16 02:18:40,USR_0055,nikhil.singh95@hdfc,Nikhil Singh,USR_0022,vikram.patel97@paytm,Vikram Patel,2463.48,IMPS_TRANSFER,SUCCESS,False,0
TXN80055957,2026-09-16 02:21:39,USR_0014,vikram.patel41@kotak,Vikram Patel,USR_0073,karan.iyer32@sbi,Karan Iyer,73.25,UPI_P2P,SUCCESS,False,0
TXN44987861,2026-09-16 02:24:40,USR_0061,nikhil.rao27@sbi,Nikhil Rao,USR_0111,manish.patel69@paytm,Manish Patel,1448.22,UPI_P2M,SUCCESS,False,0
TXN84252780,2026-09-16 02:29:14,USR_0000,vikram.verma45@sbi,Vikram Verma,USR_0067,kabir.verma29@pnb,Kabir Verma,424.47,UPI_P2P,SUCCESS,False,0
TXN70820382,2026-09-16 02:32:03,USR_0038,neha.patel83@pnb,Neha Patel,USR_0073,karan.iyer32@sbi,Karan Iyer,836.96,UPI_P2P,SUCCESS,False,0
TXN14968366,2026-09-16 02:33:00,USR_0108,sunil.iyer79@kotak,Sunil Iyer,USR_0063,amit.chopra53@hdfc,Amit Chopra,2093.08,IMPS_TRANSFER,SUCCESS,False,0
TXN69479985,2026-09-16 02:35:15,USR_0029,ananya.mehta24@sbi,Ananya Mehta,USR_0031,manish.mehta18@paytm,Manish Mehta,145.02,IMPS_TRANSFER,SUCCESS,False,0
TXN36837617,2026-09-16 02:35:56,USR_0012,tanvi.rao56@paytm,Tanvi Rao,USR_0030,karan.singh17@hdfc,Karan Singh,289.82,NEFT,SUCCESS,False,0
TXN27463800,2026-09-16 02:40:30,USR_0012,tanvi.rao56@paytm,Tanvi Rao,USR_0095,aarav.sharma70@hdfc,Aarav Sharma,297.72,IMPS_TRANSFER,SUCCESS,False,0
TXN70362235,2026-09-16 02:41:03,USR_0070,karan.gupta97@hdfc,Karan Gupta,USR_0101,tanvi.singh41@paytm,Tanvi Singh,374.99,UPI_P2P,SUCCESS,False,0
TXN71851421,2026-09-16 02:44:00,USR_0092,deepak.nair94@hdfc,Deepak Nair,USR_0082,sneha.chopra24@kotak,Sneha Chopra,2485.4,NEFT,SUCCESS,False,0
TXN85031958,2026-09-16 02:49:47,USR_0060,kavya.rao11@kotak,Kavya Rao,USR_0016,suresh.gupta17@paytm,Suresh Gupta,55.57,IMPS_TRANSFER,SUCCESS,False,0
TXN95052118,2026-09-16 02:53:08,USR_0060,kavya.rao11@kotak,Kavya Rao,USR_0080,aarav.verma32@icici,Aarav Verma,1369.05,UPI_P2P,SUCCESS,False,0
TXN68548403,2026-09-16 02:54:41,USR_0050,manish.gupta16@sbi,Manish Gupta,USR_0110,priya.gupta96@pnb,Priya Gupta,546.86,UPI_P2P,SUCCESS,False,0
TXN37455861,2026-09-16 02:56:06,USR_0052,kavya.verma40@pnb,Kavya Verma,USR_0028,rohan.gupta30@paytm,Rohan Gupta,1055.92,UPI_P2M,SUCCESS,False,0
TXN47733231,2026-09-16 02:59:30,USR_0001,rohan.nair96@sbi,Rohan Nair,USR_0028,rohan.gupta30@paytm,Rohan Gupta,1759.53,UPI_P2P,SUCCESS,False,0
TXN61894582,2026-09-16 03:00:13,USR_0113,vihaan.rao27@axis,Vihaan Rao,USR_0051,pooja.joshi17@hdfc,Pooja Joshi,1502.66,NEFT,SUCCESS,False,0
TXN83438064,2026-09-16 03:02:22,USR_0102,tanvi.verma46@pnb,Tanvi Verma,USR_0007,priya.verma54@icici,Priya Verma,4198.89,UPI_P2P,SUCCESS,False,0
TXN41943272,2026-09-16 03:09:07,USR_0018,vikram.mehta92@axis,Vikram Mehta,USR_0042,aryan.iyer53@pnb,Aryan Iyer,2072.12,UPI_P2P,SUCCESS,False,0
TXN30395330,2026-09-16 03:10:17,USR_0038,neha.patel83@pnb,Neha Patel,USR_0056,rahul.singh26@axis,Rahul Singh,61.78,IMPS_TRANSFER,SUCCESS,False,0
TXN73920651,2026-09-16 03:10:31,USR_0067,kabir.verma29@pnb,Kabir Verma,USR_0014,vikram.patel41@kotak,Vikram Patel,378.63,UPI_P2P,SUCCESS,False,0
TXN39738898,2026-09-16 03:11:08,USR_0111,manish.patel69@paytm,Manish Patel,USR_0039,rahul.mehta62@paytm,Rahul Mehta,155.47,IMPS_TRANSFER,SUCCESS,False,0
TXN27103487,2026-09-16 03:11:52,USR_0075,deepak.nair58@sbi,Deepak Nair,USR_0016,suresh.gupta17@paytm,Suresh Gupta,229.93,UPI_P2P,SUCCESS,False,0
TXN60491958,2026-09-16 03:12:28,USR_0003,rahul.joshi13@kotak,Rahul Joshi,USR_0011,sunil.shukla22@paytm,Sunil Shukla,550.56,UPI_P2M,SUCCESS,False,0
TXN13188066,2026-09-16 03:15:52,USR_0104,rahul.iyer29@pnb,Rahul Iyer,USR_0009,nikhil.iyer80@sbi,Nikhil Iyer,458.78,UPI_P2M,SUCCESS,False,0
TXN24271459,2026-09-16 03:16:29,USR_0023,priya.chopra77@axis,Priya Chopra,USR_0010,suresh.shukla47@paytm,Suresh Shukla,3064.88,IMPS_TRANSFER,SUCCESS,False,0
TXN65813853,2026-09-16 03:19:34,USR_0019,varun.patel81@hdfc,Varun Patel,USR_0058,neha.shukla43@kotak,Neha Shukla,63.08,IMPS_TRANSFER,SUCCESS,False,0
TXN83525272,2026-09-16 03:22:35,USR_0089,priya.joshi10@paytm,Priya Joshi,USR_0113,vihaan.rao27@axis,Vihaan Rao,231.15,IMPS_TRANSFER,SUCCESS,False,0
TXN25845304,2026-09-16 03:28:29,USR_0047,karan.sharma58@hdfc,Karan Sharma,USR_0016,suresh.gupta17@paytm,Suresh Gupta,526.1,IMPS_TRANSFER,SUCCESS,False,0
TXN85597784,2026-09-16 03:29:11,USR_0106,sneha.sharma63@hdfc,Sneha Sharma,USR_0021,rahul.patel73@kotak,Rahul Patel,470.23,IMPS_TRANSFER,SUCCESS,False,0
TXN77463037,2026-09-16 03:31:54,USR_0066,manish.mehta64@kotak,Manish Mehta,USR_0024,suresh.nair97@sbi,Suresh Nair,682.97,NEFT,SUCCESS,False,0
TXN17521339,2026-09-16 03:31:57,USR_0010,suresh.shukla47@paytm,Suresh Shukla,USR_0107,isha.sharma48@icici,Isha Sharma,1682.79,UPI_P2M,SUCCESS,False,0
TXN21503440,2026-09-16 03:39:13,USR_0007,priya.verma54@icici,Priya Verma,USR_0019,varun.patel81@hdfc,Varun Patel,1914.79,UPI_P2P,SUCCESS,False,0
TXN87490324,2026-09-16 03:39:37,USR_0026,aditya.mehta43@sbi,Aditya Mehta,USR_0035,neha.shukla38@kotak,Neha Shukla,1037.74,UPI_P2P,SUCCESS,False,0
TXN41407343,2026-09-16 03:39:54,USR_0078,priya.gupta18@icici,Priya Gupta,USR_0036,ramesh.rao39@sbi,Ramesh Rao,3435.3,NEFT,SUCCESS,False,0
TXN23769080,2026-09-16 03:41:39,USR_0081,aryan.verma65@kotak,Aryan Verma,USR_0111,manish.patel69@paytm,Manish Patel,274.35,NEFT,SUCCESS,False,0
TXN63339667,2026-09-16 03:47:36,USR_0009,nikhil.iyer80@sbi,Nikhil Iyer,USR_0018,vikram.mehta92@axis,Vikram Mehta,189.91,UPI_P2M,SUCCESS,False,0
TXN28808678,2026-09-16 03:48:37,USR_0069,rohan.sharma56@icici,Rohan Sharma,USR_0027,pooja.verma90@paytm,Pooja Verma,2120.22,UPI_P2P,SUCCESS,False,0
TXN20949687,2026-09-16 03:48:50,USR_0019,varun.patel81@hdfc,Varun Patel,USR_0020,manish.chopra84@axis,Manish Chopra,2568.0,UPI_P2P,SUCCESS,False,0
TXN58404738,2026-09-16 03:50:38,USR_0047,karan.sharma58@hdfc,Karan Sharma,USR_0091,tanvi.mehta37@pnb,Tanvi Mehta,93.14,NEFT,SUCCESS,False,0
TXN17049544,2026-09-16 03:53:25,USR_0082,sneha.chopra24@kotak,Sneha Chopra,USR_0033,suresh.rao66@icici,Suresh Rao,2488.2,UPI_P2P,SUCCESS,False,0
TXN20526386,2026-09-16 03:53:58,USR_0042,aryan.iyer53@pnb,Aryan Iyer,USR_0049,ishaan.singh17@hdfc,Ishaan Singh,573.14,UPI_P2M,SUCCESS,False,0
TXN86207390,2026-09-16 03:54:33,USR_0010,suresh.shukla47@paytm,Suresh Shukla,USR_0118,rajesh.sharma29@kotak,Rajesh Sharma,1333.11,NEFT,SUCCESS,False,0
TXN53106399,2026-09-16 03:55:17,USR_0083,varun.sharma65@pnb,Varun Sharma,USR_0025,alok.rao24@icici,Alok Rao,2569.3,IMPS_TRANSFER,SUCCESS,False,0
TXN21871327,2026-09-16 03:56:10,USR_0119,isha.rao82@sbi,Isha Rao,USR_0075,deepak.nair58@sbi,Deepak Nair,1624.09,NEFT,SUCCESS,False,0
TXN12404661,2026-09-16 03:59:23,USR_0114,aditya.sharma58@icici,Aditya Sharma,USR_0041,tanvi.nair96@sbi,Tanvi Nair,1250.47,UPI_P2M,SUCCESS,False,0
TXN69890694,2026-09-16 04:00:57,USR_0087,suresh.iyer61@icici,Suresh Iyer,USR_0021,rahul.patel73@kotak,Rahul Patel,1340.29,UPI_P2M,SUCCESS,False,0
TXN93726413,2026-09-16 04:01:35,USR_0092,deepak.nair94@hdfc,Deepak Nair,USR_0058,neha.shukla43@kotak,Neha Shukla,2421.14,NEFT,SUCCESS,False,0
TXN83882978,2026-09-16 04:06:21,USR_0104,rahul.iyer29@pnb,Rahul Iyer,USR_0008,deepak.sharma68@pnb,Deepak Sharma,1022.6,NEFT,SUCCESS,False,0
TXN98607345,2026-09-16 04:09:37,USR_0007,priya.verma54@icici,Priya Verma,USR_0050,manish.gupta16@sbi,Manish Gupta,487.66,UPI_P2P,SUCCESS,False,0
TXN22549425,2026-09-16 04:11:20,USR_0109,isha.shukla65@icici,Isha Shukla,USR_0083,varun.sharma65@pnb,Varun Sharma,1103.39,UPI_P2P,SUCCESS,False,0
TXN33776150,2026-09-16 04:14:05,USR_0077,amit.shukla13@hdfc,Amit Shukla,USR_0019,varun.patel81@hdfc,Varun Patel,178.4,UPI_P2P,SUCCESS,False,0
TXN39508245,2026-09-16 04:14:38,USR_0053,karan.chopra84@hdfc,Karan Chopra,USR_0021,rahul.patel73@kotak,Rahul Patel,4003.84,IMPS_TRANSFER,SUCCESS,False,0
TXN69549527,2026-09-16 04:14:46,USR_0055,nikhil.singh95@hdfc,Nikhil Singh,USR_0012,tanvi.rao56@paytm,Tanvi Rao,719.38,UPI_P2P,SUCCESS,False,0
TXN96945247,2026-09-16 04:15:08,USR_0107,isha.sharma48@icici,Isha Sharma,USR_0058,neha.shukla43@kotak,Neha Shukla,359.39,IMPS_TRANSFER,SUCCESS,False,0
TXN71045700,2026-09-16 04:15:20,USR_0051,pooja.joshi17@hdfc,Pooja Joshi,USR_0104,rahul.iyer29@pnb,Rahul Iyer,2167.47,UPI_P2P,SUCCESS,False,0
TXN74343201,2026-09-16 04:20:34,USR_0024,suresh.nair97@sbi,Suresh Nair,USR_0102,tanvi.verma46@pnb,Tanvi Verma,712.44,UPI_P2M,SUCCESS,False,0
TXN96083599,2026-09-16 04:21:47,USR_0088,neha.patel63@hdfc,Neha Patel,USR_0003,rahul.joshi13@kotak,Rahul Joshi,788.19,UPI_P2P,SUCCESS,False,0
TXN20433455,2026-09-16 04:26:22,USR_0054,kavya.verma94@axis,Kavya Verma,USR_0088,neha.patel63@hdfc,Neha Patel,160.07,UPI_P2P,SUCCESS,False,0
TXN87030477,2026-09-16 04:26:38,USR_0047,karan.sharma58@hdfc,Karan Sharma,USR_0056,rahul.singh26@axis,Rahul Singh,585.9,UPI_P2P,SUCCESS,False,0
TXN73149551,2026-09-16 04:26:44,USR_0073,karan.iyer32@sbi,Karan Iyer,USR_0005,tanvi.chopra10@icici,Tanvi Chopra,161.19,UPI_P2M,SUCCESS,False,0
TXN84581396,2026-09-16 04:29:12,USR_0094,rajesh.shukla49@pnb,Rajesh Shukla,USR_0062,karan.verma80@pnb,Karan Verma,279.55,UPI_P2M,SUCCESS,False,0
TXN93932889,2026-09-16 04:31:03,USR_0079,vikram.joshi96@axis,Vikram Joshi,USR_0056,rahul.singh26@axis,Rahul Singh,1049.8,UPI_P2P,SUCCESS,False,0
TXN46219821,2026-09-16 04:32:59,USR_0004,ramesh.rao79@pnb,Ramesh Rao,USR_0052,kavya.verma40@pnb,Kavya Verma,220.87,UPI_P2P,SUCCESS,False,0
TXN35481281,2026-09-16 04:35:42,USR_0049,ishaan.singh17@hdfc,Ishaan Singh,USR_0066,manish.mehta64@kotak,Manish Mehta,88.51,UPI_P2P,SUCCESS,False,0
TXN11638498,2026-09-16 04:36:43,USR_0000,vikram.verma45@sbi,Vikram Verma,USR_0079,vikram.joshi96@axis,Vikram Joshi,1628.29,IMPS_TRANSFER,SUCCESS,False,0
TXN17620167,2026-09-16 04:37:04,USR_0019,varun.patel81@hdfc,Varun Patel,USR_0066,manish.mehta64@kotak,Manish Mehta,3093.57,UPI_P2M,SUCCESS,False,0
TXN83782999,2026-09-16 04:39:01,USR_0095,aarav.sharma70@hdfc,Aarav Sharma,USR_0098,aditya.nair69@kotak,Aditya Nair,1217.71,NEFT,SUCCESS,False,0
TXN96413557,2026-09-16 04:39:15,USR_0097,isha.iyer28@hdfc,Isha Iyer,USR_0091,tanvi.mehta37@pnb,Tanvi Mehta,2124.41,IMPS_TRANSFER,SUCCESS,False,0
TXN13017249,2026-09-16 04:40:09,USR_0013,diya.shukla44@pnb,Diya Shukla,USR_0066,manish.mehta64@kotak,Manish Mehta,4315.01,IMPS_TRANSFER,SUCCESS,False,0
TXN90161060,2026-09-16 04:40:42,USR_0043,ishaan.shukla67@kotak,Ishaan Shukla,USR_0112,kavya.joshi60@sbi,Kavya Joshi,445.49,UPI_P2M,SUCCESS,False,0
TXN53014471,2026-09-16 04:41:25,USR_0086,suresh.verma48@pnb,Suresh Verma,USR_0045,deepak.joshi16@sbi,Deepak Joshi,896.61,IMPS_TRANSFER,SUCCESS,False,0
TXN65890810,2026-09-16 04:43:04,USR_0000,vikram.verma45@sbi,Vikram Verma,USR_0067,kabir.verma29@pnb,Kabir Verma,1225.92,UPI_P2M,SUCCESS,False,0
TXN25278911,2026-09-16 04:43:52,USR_0070,karan.gupta97@hdfc,Karan Gupta,USR_0041,tanvi.nair96@sbi,Tanvi Nair,559.46,UPI_P2P,SUCCESS,False,0
TXN98203489,2026-09-16 04:45:33,USR_0042,aryan.iyer53@pnb,Aryan Iyer,USR_0071,alok.joshi62@paytm,Alok Joshi,157.26,NEFT,SUCCESS,False,0
TXN26745522,2026-09-16 04:47:57,USR_0022,vikram.patel97@paytm,Vikram Patel,USR_0107,isha.sharma48@icici,Isha Sharma,394.49,UPI_P2P,SUCCESS,False,0
TXN30700047,2026-09-16 04:49:26,USR_0023,priya.chopra77@axis,Priya Chopra,USR_0032,suresh.mehta31@kotak,Suresh Mehta,81.86,UPI_P2P,SUCCESS,False,0
TXN48759467,2026-09-16 04:50:51,USR_0039,rahul.mehta62@paytm,Rahul Mehta,USR_0093,pooja.rao89@pnb,Pooja Rao,1287.97,NEFT,SUCCESS,False,0
TXN64069715,2026-09-16 04:51:58,USR_0101,tanvi.singh41@paytm,Tanvi Singh,USR_0112,kavya.joshi60@sbi,Kavya Joshi,290.9,UPI_P2P,SUCCESS,False,0
TXN67723010,2026-09-16 04:52:18,USR_0083,varun.sharma65@pnb,Varun Sharma,USR_0112,kavya.joshi60@sbi,Kavya Joshi,1250.6,UPI_P2M,SUCCESS,False,0
TXN14919926,2026-09-16 04:53:21,USR_0074,deepak.rao41@paytm,Deepak Rao,USR_0051,pooja.joshi17@hdfc,Pooja Joshi,758.72,UPI_P2M,SUCCESS,False,0
TXN84762274,2026-09-16 04:54:06,USR_0100,suresh.joshi86@kotak,Suresh Joshi,USR_0045,deepak.joshi16@sbi,Deepak Joshi,665.98,UPI_P2P,SUCCESS,False,0
TXN30858851,2026-09-16 04:57:29,USR_0017,varun.verma82@hdfc,Varun Verma,USR_0099,rahul.verma27@axis,Rahul Verma,192.59,UPI_P2P,SUCCESS,False,0
TXN41936764,2026-09-16 04:58:27,USR_0096,tanvi.iyer83@pnb,Tanvi Iyer,USR_0052,kavya.verma40@pnb,Kavya Verma,1429.56,NEFT,SUCCESS,False,0
TXN43382936,2026-09-16 05:00:19,USR_0019,varun.patel81@hdfc,Varun Patel,USR_0047,karan.sharma58@hdfc,Karan Sharma,185.78,UPI_P2P,SUCCESS,False,0
TXN80327779,2026-09-16 05:00:55,USR_0006,varun.patel53@hdfc,Varun Patel,USR_0003,rahul.joshi13@kotak,Rahul Joshi,151.42,NEFT,SUCCESS,False,0
TXN79946108,2026-09-16 05:01:11,USR_0058,neha.shukla43@kotak,Neha Shukla,USR_0094,rajesh.shukla49@pnb,Rajesh Shukla,57.69,UPI_P2P,SUCCESS,False,0
TXN97393186,2026-09-16 05:01:18,USR_0005,tanvi.chopra10@icici,Tanvi Chopra,USR_0082,sneha.chopra24@kotak,Sneha Chopra,1345.27,IMPS_TRANSFER,SUCCESS,False,0
TXN91883092,2026-09-16 05:05:32,USR_0045,deepak.joshi16@sbi,Deepak Joshi,USR_0086,suresh.verma48@pnb,Suresh Verma,3948.91,IMPS_TRANSFER,SUCCESS,False,0
TXN87029205,2026-09-16 05:11:23,USR_0020,manish.chopra84@axis,Manish Chopra,USR_0032,suresh.mehta31@kotak,Suresh Mehta,1918.05,UPI_P2P,SUCCESS,False,0
TXN87346846,2026-09-16 05:12:19,USR_0026,aditya.mehta43@sbi,Aditya Mehta,USR_0097,isha.iyer28@hdfc,Isha Iyer,877.87,UPI_P2M,SUCCESS,False,0
TXN69897763,2026-09-16 05:18:32,USR_0015,priya.singh98@pnb,Priya Singh,USR_0033,suresh.rao66@icici,Suresh Rao,341.74,IMPS_TRANSFER,SUCCESS,False,0
TXN18359252,2026-09-16 05:18:34,USR_0052,kavya.verma40@pnb,Kavya Verma,USR_0064,karan.sharma91@sbi,Karan Sharma,785.55,NEFT,SUCCESS,False,0
TXN14963880,2026-09-16 05:23:53,USR_0008,deepak.sharma68@pnb,Deepak Sharma,USR_0091,tanvi.mehta37@pnb,Tanvi Mehta,2471.54,NEFT,SUCCESS,False,0
TXN91594977,2026-09-16 05:24:00,USR_0054,kavya.verma94@axis,Kavya Verma,USR_0051,pooja.joshi17@hdfc,Pooja Joshi,318.0,UPI_P2P,SUCCESS,False,0
TXN53407575,2026-09-16 05:26:26,USR_0009,nikhil.iyer80@sbi,Nikhil Iyer,USR_0034,rahul.shukla53@sbi,Rahul Shukla,1767.67,NEFT,SUCCESS,False,0
TXN22429114,2026-09-16 05:30:53,USR_0100,suresh.joshi86@kotak,Suresh Joshi,USR_0004,ramesh.rao79@pnb,Ramesh Rao,1220.51,UPI_P2M,SUCCESS,False,0
TXN80215481,2026-09-16 05:31:37,USR_0077,amit.shukla13@hdfc,Amit Shukla,USR_0025,alok.rao24@icici,Alok Rao,131.56,IMPS_TRANSFER,SUCCESS,False,0
TXN77498993,2026-09-16 05:32:20,USR_0098,aditya.nair69@kotak,Aditya Nair,USR_0036,ramesh.rao39@sbi,Ramesh Rao,604.74,NEFT,SUCCESS,False,0
TXN62756521,2026-09-16 05:34:59,USR_0014,vikram.patel41@kotak,Vikram Patel,USR_0023,priya.chopra77@axis,Priya Chopra,2507.24,UPI_P2M,SUCCESS,False,0
TXN26089818,2026-09-16 05:35:54,USR_0045,deepak.joshi16@sbi,Deepak Joshi,USR_0019,varun.patel81@hdfc,Varun Patel,1308.58,UPI_P2P,SUCCESS,False,0
TXN39709238,2026-09-16 05:39:47,USR_0109,isha.shukla65@icici,Isha Shukla,USR_0073,karan.iyer32@sbi,Karan Iyer,3118.96,UPI_P2M,SUCCESS,False,0
TXN85920319,2026-09-16 05:43:46,USR_0036,ramesh.rao39@sbi,Ramesh Rao,USR_0021,rahul.patel73@kotak,Rahul Patel,656.1,NEFT,SUCCESS,False,0
TXN98010774,2026-09-16 05:44:12,USR_0045,deepak.joshi16@sbi,Deepak Joshi,USR_0110,priya.gupta96@pnb,Priya Gupta,1971.14,UPI_P2P,SUCCESS,False,0
TXN55356673,2026-09-16 05:46:44,USR_0058,neha.shukla43@kotak,Neha Shukla,USR_0105,vihaan.iyer52@axis,Vihaan Iyer,551.93,UPI_P2M,SUCCESS,False,0
TXN36480587,2026-09-16 05:47:22,USR_0113,vihaan.rao27@axis,Vihaan Rao,USR_0103,ananya.gupta20@kotak,Ananya Gupta,1128.86,NEFT,SUCCESS,False,0
TXN25102023,2026-09-16 05:47:54,USR_0075,deepak.nair58@sbi,Deepak Nair,USR_0066,manish.mehta64@kotak,Manish Mehta,657.58,NEFT,SUCCESS,False,0
TXN82146810,2026-09-16 05:49:22,USR_0069,rohan.sharma56@icici,Rohan Sharma,USR_0021,rahul.patel73@kotak,Rahul Patel,221.92,UPI_P2M,SUCCESS,False,0
TXN48649601,2026-09-16 05:49:48,USR_0110,priya.gupta96@pnb,Priya Gupta,USR_0104,rahul.iyer29@pnb,Rahul Iyer,1264.93,IMPS_TRANSFER,SUCCESS,False,0
TXN60104178,2026-09-16 05:53:07,USR_0064,karan.sharma91@sbi,Karan Sharma,USR_0026,aditya.mehta43@sbi,Aditya Mehta,841.58,UPI_P2M,SUCCESS,False,0
TXN90022258,2026-09-16 05:55:43,USR_0005,tanvi.chopra10@icici,Tanvi Chopra,USR_0074,deepak.rao41@paytm,Deepak Rao,1866.11,NEFT,SUCCESS,False,0
TXN33987338,2026-09-16 05:57:05,USR_0052,kavya.verma40@pnb,Kavya Verma,USR_0070,karan.gupta97@hdfc,Karan Gupta,953.32,NEFT,SUCCESS,False,0
TXN99053757,2026-09-16 06:00:55,USR_0093,pooja.rao89@pnb,Pooja Rao,USR_0010,suresh.shukla47@paytm,Suresh Shukla,130.91,NEFT,SUCCESS,False,0
TXN37775381,2026-09-16 06:01:43,USR_0078,priya.gupta18@icici,Priya Gupta,USR_0017,varun.verma82@hdfc,Varun Verma,864.19,UPI_P2M,SUCCESS,False,0
TXN55842323,2026-09-16 06:03:32,USR_0116,rajesh.verma12@axis,Rajesh Verma,USR_0025,alok.rao24@icici,Alok Rao,3545.84,UPI_P2P,SUCCESS,False,0
TXN65825346,2026-09-16 06:07:52,USR_0066,manish.mehta64@kotak,Manish Mehta,USR_0008,deepak.sharma68@pnb,Deepak Sharma,2534.72,UPI_P2M,SUCCESS,False,0
TXN10171954,2026-09-16 06:11:12,USR_0044,aditya.singh41@axis,Aditya Singh,USR_0032,suresh.mehta31@kotak,Suresh Mehta,2566.64,UPI_P2P,SUCCESS,False,0
TXN82296289,2026-09-16 06:12:27,USR_0068,rajesh.gupta80@kotak,Rajesh Gupta,USR_0010,suresh.shukla47@paytm,Suresh Shukla,414.1,UPI_P2P,SUCCESS,False,0
TXN35006323,2026-09-16 06:15:19,USR_0107,isha.sharma48@icici,Isha Sharma,USR_0050,manish.gupta16@sbi,Manish Gupta,284.4,NEFT,SUCCESS,False,0
TXN16497381,2026-09-16 06:16:49,USR_0109,isha.shukla65@icici,Isha Shukla,USR_0062,karan.verma80@pnb,Karan Verma,100.07,IMPS_TRANSFER,SUCCESS,False,0
TXN68883853,2026-09-16 06:17:56,USR_0040,kabir.rao55@axis,Kabir Rao,USR_0071,alok.joshi62@paytm,Alok Joshi,552.03,IMPS_TRANSFER,SUCCESS,False,0
TXN47215199,2026-09-16 06:18:18,USR_0099,rahul.verma27@axis,Rahul Verma,USR_0018,vikram.mehta92@axis,Vikram Mehta,95.1,UPI_P2P,SUCCESS,False,0
TXN11198544,2026-09-16 06:20:29,USR_0015,priya.singh98@pnb,Priya Singh,USR_0050,manish.gupta16@sbi,Manish Gupta,981.8,UPI_P2M,SUCCESS,False,0
TXN76562688,2026-09-16 06:20:41,USR_0058,neha.shukla43@kotak,Neha Shukla,USR_0112,kavya.joshi60@sbi,Kavya Joshi,686.76,UPI_P2P,SUCCESS,False,0
TXN55617282,2026-09-16 06:24:15,USR_0035,neha.shukla38@kotak,Neha Shukla,USR_0098,aditya.nair69@kotak,Aditya Nair,582.67,NEFT,SUCCESS,False,0
TXN86206305,2026-09-16 06:27:34,USR_0094,rajesh.shukla49@pnb,Rajesh Shukla,USR_0043,ishaan.shukla67@kotak,Ishaan Shukla,550.08,IMPS_TRANSFER,SUCCESS,False,0
TXN29077681,2026-09-16 06:29:29,USR_0062,karan.verma80@pnb,Karan Verma,USR_0003,rahul.joshi13@kotak,Rahul Joshi,923.95,UPI_P2M,SUCCESS,False,0
TXN70597948,2026-09-16 06:35:46,USR_0087,suresh.iyer61@icici,Suresh Iyer,USR_0052,kavya.verma40@pnb,Kavya Verma,504.72,IMPS_TRANSFER,SUCCESS,False,0
TXN77066471,2026-09-16 06:36:11,USR_0049,ishaan.singh17@hdfc,Ishaan Singh,USR_0008,deepak.sharma68@pnb,Deepak Sharma,623.23,IMPS_TRANSFER,SUCCESS,False,0
TXN33206579,2026-09-16 06:36:55,USR_0092,deepak.nair94@hdfc,Deepak Nair,USR_0041,tanvi.nair96@sbi,Tanvi Nair,434.6,NEFT,SUCCESS,False,0
TXN88476684,2026-09-16 06:43:24,USR_0001,rohan.nair96@sbi,Rohan Nair,USR_0021,rahul.patel73@kotak,Rahul Patel,1256.17,IMPS_TRANSFER,SUCCESS,False,0
TXN61338023,2026-09-16 06:45:24,USR_0102,tanvi.verma46@pnb,Tanvi Verma,USR_0069,rohan.sharma56@icici,Rohan Sharma,113.86,UPI_P2P,SUCCESS,False,0
TXN84870921,2026-09-16 06:45:37,USR_0050,manish.gupta16@sbi,Manish Gupta,USR_0047,karan.sharma58@hdfc,Karan Sharma,1259.74,IMPS_TRANSFER,SUCCESS,False,0
TXN32718459,2026-09-16 06:45:58,USR_0021,rahul.patel73@kotak,Rahul Patel,USR_0093,pooja.rao89@pnb,Pooja Rao,353.7,IMPS_TRANSFER,SUCCESS,False,0
TXN93243271,2026-09-16 06:46:47,USR_0049,ishaan.singh17@hdfc,Ishaan Singh,USR_0059,amit.patel79@axis,Amit Patel,396.77,NEFT,SUCCESS,False,0
TXN26972976,2026-09-16 06:48:44,USR_0006,varun.patel53@hdfc,Varun Patel,USR_0080,aarav.verma32@icici,Aarav Verma,1824.16,IMPS_TRANSFER,SUCCESS,False,0
TXN97447790,2026-09-16 06:48:55,USR_0026,aditya.mehta43@sbi,Aditya Mehta,USR_0044,aditya.singh41@axis,Aditya Singh,177.83,UPI_P2P,SUCCESS,False,0
TXN85302098,2026-09-16 06:51:08,USR_0073,karan.iyer32@sbi,Karan Iyer,USR_0080,aarav.verma32@icici,Aarav Verma,1263.31,IMPS_TRANSFER,SUCCESS,False,0
TXN61271721,2026-09-16 06:56:09,USR_0036,ramesh.rao39@sbi,Ramesh Rao,USR_0118,rajesh.sharma29@kotak,Rajesh Sharma,1404.32,NEFT,SUCCESS,False,0
TXN55679506,2026-09-16 06:58:26,USR_0027,pooja.verma90@paytm,Pooja Verma,USR_0045,deepak.joshi16@sbi,Deepak Joshi,290.81,IMPS_TRANSFER,SUCCESS,False,0
TXN24888885,2026-09-16 07:03:29,USR_0118,rajesh.sharma29@kotak,Rajesh Sharma,USR_0056,rahul.singh26@axis,Rahul Singh,323.84,NEFT,SUCCESS,False,0
TXN49581964,2026-09-16 07:04:24,USR_0057,ananya.verma68@sbi,Ananya Verma,USR_0009,nikhil.iyer80@sbi,Nikhil Iyer,795.39,UPI_P2P,SUCCESS,False,0
TXN31257157,2026-09-16 07:04:55,USR_0080,aarav.verma32@icici,Aarav Verma,USR_0077,amit.shukla13@hdfc,Amit Shukla,1825.38,UPI_P2M,SUCCESS,False,0
TXN55457454,2026-09-16 07:06:04,USR_0085,sneha.verma52@pnb,Sneha Verma,USR_0018,vikram.mehta92@axis,Vikram Mehta,358.44,NEFT,SUCCESS,False,0
TXN35280389,2026-09-16 07:07:29,USR_0079,vikram.joshi96@axis,Vikram Joshi,USR_0047,karan.sharma58@hdfc,Karan Sharma,170.73,UPI_P2P,SUCCESS,False,0
TXN73483243,2026-09-16 07:08:05,USR_0025,alok.rao24@icici,Alok Rao,USR_0018,vikram.mehta92@axis,Vikram Mehta,250.54,UPI_P2M,SUCCESS,False,0
TXN28536762,2026-09-16 07:08:22,USR_0069,rohan.sharma56@icici,Rohan Sharma,USR_0087,suresh.iyer61@icici,Suresh Iyer,5230.62,UPI_P2M,SUCCESS,False,0
TXN51621092,2026-09-16 07:12:43,USR_0038,neha.patel83@pnb,Neha Patel,USR_0062,karan.verma80@pnb,Karan Verma,1097.94,NEFT,SUCCESS,False,0
TXN58567046,2026-09-16 07:13:41,USR_0041,tanvi.nair96@sbi,Tanvi Nair,USR_0021,rahul.patel73@kotak,Rahul Patel,2667.36,NEFT,SUCCESS,False,0
TXN53375256,2026-09-16 07:14:43,USR_0110,priya.gupta96@pnb,Priya Gupta,USR_0006,varun.patel53@hdfc,Varun Patel,101.43,IMPS_TRANSFER,SUCCESS,False,0
TXN98654879,2026-09-16 07:18:14,USR_0103,ananya.gupta20@kotak,Ananya Gupta,USR_0109,isha.shukla65@icici,Isha Shukla,2497.31,NEFT,SUCCESS,False,0
TXN26301180,2026-09-16 07:24:56,USR_0059,amit.patel79@axis,Amit Patel,USR_0013,diya.shukla44@pnb,Diya Shukla,1067.27,UPI_P2M,SUCCESS,False,0
TXN67061186,2026-09-16 07:24:59,USR_0075,deepak.nair58@sbi,Deepak Nair,USR_0084,nikhil.joshi95@pnb,Nikhil Joshi,930.93,UPI_P2M,SUCCESS,False,0
TXN87052108,2026-09-16 07:25:24,USR_0018,vikram.mehta92@axis,Vikram Mehta,USR_0090,ishaan.iyer84@paytm,Ishaan Iyer,917.88,IMPS_TRANSFER,SUCCESS,False,0
TXN93828673,2026-09-16 07:28:01,USR_0073,karan.iyer32@sbi,Karan Iyer,USR_0051,pooja.joshi17@hdfc,Pooja Joshi,234.13,UPI_P2M,SUCCESS,False,0
TXN69305486,2026-09-16 07:28:29,USR_0069,rohan.sharma56@icici,Rohan Sharma,USR_0029,ananya.mehta24@sbi,Ananya Mehta,1409.9,UPI_P2P,SUCCESS,False,0
TXN57021454,2026-09-16 07:31:27,USR_0043,ishaan.shukla67@kotak,Ishaan Shukla,USR_0030,karan.singh17@hdfc,Karan Singh,1283.76,UPI_P2M,SUCCESS,False,0
TXN63928396,2026-09-16 07:38:09,USR_0056,rahul.singh26@axis,Rahul Singh,USR_0010,suresh.shukla47@paytm,Suresh Shukla,1068.0,IMPS_TRANSFER,SUCCESS,False,0
TXN85291541,2026-09-16 07:39:28,USR_0073,karan.iyer32@sbi,Karan Iyer,USR_0028,rohan.gupta30@paytm,Rohan Gupta,1293.35,NEFT,SUCCESS,False,0
TXN90973889,2026-09-16 07:41:06,USR_0011,sunil.shukla22@paytm,Sunil Shukla,USR_0020,manish.chopra84@axis,Manish Chopra,2088.4,IMPS_TRANSFER,SUCCESS,False,0
TXN89151743,2026-09-16 07:43:39,USR_0085,sneha.verma52@pnb,Sneha Verma,USR_0044,aditya.singh41@axis,Aditya Singh,247.39,NEFT,SUCCESS,False,0
TXN55811204,2026-09-16 07:47:52,USR_0031,manish.mehta18@paytm,Manish Mehta,USR_0106,sneha.sharma63@hdfc,Sneha Sharma,56.29,NEFT,SUCCESS,False,0
TXN56189726,2026-09-16 07:51:40,USR_0071,alok.joshi62@paytm,Alok Joshi,USR_0119,isha.rao82@sbi,Isha Rao,165.14,IMPS_TRANSFER,SUCCESS,False,0
TXN13031322,2026-09-16 07:52:25,USR_0038,neha.patel83@pnb,Neha Patel,USR_0005,tanvi.chopra10@icici,Tanvi Chopra,582.1,UPI_P2P,SUCCESS,False,0
TXN21318464,2026-09-16 07:55:50,USR_0057,ananya.verma68@sbi,Ananya Verma,USR_0013,diya.shukla44@pnb,Diya Shukla,1308.53,IMPS_TRANSFER,SUCCESS,False,0
TXN92391939,2026-09-16 07:55:57,USR_0096,tanvi.iyer83@pnb,Tanvi Iyer,USR_0054,kavya.verma94@axis,Kavya Verma,545.47,IMPS_TRANSFER,SUCCESS,False,0
TXN12203625,2026-09-16 07:59:22,USR_0068,rajesh.gupta80@kotak,Rajesh Gupta,USR_0106,sneha.sharma63@hdfc,Sneha Sharma,2438.26,NEFT,SUCCESS,False,0
TXN93992429,2026-09-16 07:59:52,USR_0064,karan.sharma91@sbi,Karan Sharma,USR_0035,neha.shukla38@kotak,Neha Shukla,463.8,UPI_P2P,SUCCESS,False,0
TXN57708716,2026-09-16 08:03:57,USR_0092,deepak.nair94@hdfc,Deepak Nair,USR_0072,nikhil.shukla30@paytm,Nikhil Shukla,313.98,IMPS_TRANSFER,SUCCESS,False,0
TXN23054418,2026-09-16 08:04:04,USR_0016,suresh.gupta17@paytm,Suresh Gupta,USR_0011,sunil.shukla22@paytm,Sunil Shukla,521.99,NEFT,SUCCESS,False,0
TXN96110892,2026-09-16 08:06:19,USR_0048,nikhil.mehta64@icici,Nikhil Mehta,USR_0099,rahul.verma27@axis,Rahul Verma,3094.03,UPI_P2M,SUCCESS,False,0
TXN46231955,2026-09-16 08:09:55,USR_0087,suresh.iyer61@icici,Suresh Iyer,USR_0029,ananya.mehta24@sbi,Ananya Mehta,1753.76,UPI_P2P,SUCCESS,False,0
TXN60785855,2026-09-16 08:11:04,USR_0085,sneha.verma52@pnb,Sneha Verma,USR_0075,deepak.nair58@sbi,Deepak Nair,230.67,UPI_P2M,SUCCESS,False,0
TXN28198434,2026-09-16 08:14:14,USR_0115,tanvi.gupta58@icici,Tanvi Gupta,USR_0086,suresh.verma48@pnb,Suresh Verma,144.67,UPI_P2P,SUCCESS,False,0
TXN23898777,2026-09-16 08:14:31,USR_0022,vikram.patel97@paytm,Vikram Patel,USR_0093,pooja.rao89@pnb,Pooja Rao,1013.68,UPI_P2M,SUCCESS,False,0
TXN59440148,2026-09-16 08:16:43,USR_0038,neha.patel83@pnb,Neha Patel,USR_0060,kavya.rao11@kotak,Kavya Rao,137.82,UPI_P2P,SUCCESS,False,0
TXN39246218,2026-09-16 08:19:48,USR_0050,manish.gupta16@sbi,Manish Gupta,USR_0032,suresh.mehta31@kotak,Suresh Mehta,1725.01,UPI_P2P,SUCCESS,False,0
TXN70996586,2026-09-16 08:20:23,USR_0105,vihaan.iyer52@axis,Vihaan Iyer,USR_0006,varun.patel53@hdfc,Varun Patel,65.7,UPI_P2M,SUCCESS,False,0
TXN56920514,2026-09-16 08:20:53,USR_0116,rajesh.verma12@axis,Rajesh Verma,USR_0028,rohan.gupta30@paytm,Rohan Gupta,468.53,NEFT,SUCCESS,False,0
TXN75345452,2026-09-16 08:23:13,USR_0051,pooja.joshi17@hdfc,Pooja Joshi,USR_0045,deepak.joshi16@sbi,Deepak Joshi,3162.3,IMPS_TRANSFER,SUCCESS,False,0
TXN51734908,2026-09-16 08:23:52,USR_0002,rhea.iyer13@sbi,Rhea Iyer,USR_0043,ishaan.shukla67@kotak,Ishaan Shukla,398.1,IMPS_TRANSFER,SUCCESS,False,0
TXN53737494,2026-09-16 08:24:36,USR_0013,diya.shukla44@pnb,Diya Shukla,USR_0051,pooja.joshi17@hdfc,Pooja Joshi,273.25,UPI_P2P,SUCCESS,False,0
TXN66648087,2026-09-16 08:31:44,USR_0030,karan.singh17@hdfc,Karan Singh,USR_0064,karan.sharma91@sbi,Karan Sharma,845.6,UPI_P2P,SUCCESS,False,0
TXN20043577,2026-09-16 08:35:08,USR_0017,varun.verma82@hdfc,Varun Verma,USR_0081,aryan.verma65@kotak,Aryan Verma,2774.9,NEFT,SUCCESS,False,0
TXN95938445,2026-09-16 08:36:18,USR_0007,priya.verma54@icici,Priya Verma,USR_0099,rahul.verma27@axis,Rahul Verma,699.06,UPI_P2M,SUCCESS,False,0
TXN31520919,2026-09-16 08:36:21,USR_0112,kavya.joshi60@sbi,Kavya Joshi,USR_0117,rahul.rao93@sbi,Rahul Rao,825.56,UPI_P2P,SUCCESS,False,0
TXN76481885,2026-09-16 08:38:34,USR_0084,nikhil.joshi95@pnb,Nikhil Joshi,USR_0101,tanvi.singh41@paytm,Tanvi Singh,1619.45,UPI_P2M,SUCCESS,False,0
TXN44715141,2026-09-16 08:42:22,USR_0009,nikhil.iyer80@sbi,Nikhil Iyer,USR_0073,karan.iyer32@sbi,Karan Iyer,473.09,UPI_P2M,SUCCESS,False,0
TXN79749603,2026-09-16 08:42:26,USR_0106,sneha.sharma63@hdfc,Sneha Sharma,USR_0006,varun.patel53@hdfc,Varun Patel,1324.19,IMPS_TRANSFER,SUCCESS,False,0
TXN79029393,2026-09-16 08:44:30,USR_0116,rajesh.verma12@axis,Rajesh Verma,USR_0066,manish.mehta64@kotak,Manish Mehta,107.73,IMPS_TRANSFER,SUCCESS,False,0
TXN24165187,2026-09-16 08:45:29,USR_0108,sunil.iyer79@kotak,Sunil Iyer,USR_0053,karan.chopra84@hdfc,Karan Chopra,253.52,NEFT,SUCCESS,False,0
TXN88545322,2026-09-16 08:47:31,USR_0062,karan.verma80@pnb,Karan Verma,USR_0005,tanvi.chopra10@icici,Tanvi Chopra,3843.44,IMPS_TRANSFER,SUCCESS,False,0
TXN82751830,2026-09-16 08:49:38,USR_0099,rahul.verma27@axis,Rahul Verma,USR_0069,rohan.sharma56@icici,Rohan Sharma,3633.43,IMPS_TRANSFER,SUCCESS,False,0
TXN77796914,2026-09-16 08:50:37,USR_0035,neha.shukla38@kotak,Neha Shukla,USR_0047,karan.sharma58@hdfc,Karan Sharma,1184.41,NEFT,SUCCESS,False,0
TXN50559278,2026-09-16 08:52:08,USR_0008,deepak.sharma68@pnb,Deepak Sharma,USR_0081,aryan.verma65@kotak,Aryan Verma,698.33,NEFT,SUCCESS,False,0
TXN43214247,2026-09-16 08:59:47,USR_0102,tanvi.verma46@pnb,Tanvi Verma,USR_0085,sneha.verma52@pnb,Sneha Verma,164.87,UPI_P2M,SUCCESS,False,0
TXN85432781,2026-09-16 09:10:02,USR_0027,pooja.verma90@paytm,Pooja Verma,USR_0025,alok.rao24@icici,Alok Rao,510.99,IMPS_TRANSFER,SUCCESS,False,0
TXN97742922,2026-09-16 09:10:31,USR_0038,neha.patel83@pnb,Neha Patel,USR_0087,suresh.iyer61@icici,Suresh Iyer,1235.21,UPI_P2P,SUCCESS,False,0
TXN85554415,2026-09-16 09:11:31,USR_0043,ishaan.shukla67@kotak,Ishaan Shukla,USR_0064,karan.sharma91@sbi,Karan Sharma,263.42,NEFT,SUCCESS,False,0
TXN96707983,2026-09-16 09:14:26,USR_0085,sneha.verma52@pnb,Sneha Verma,USR_0089,priya.joshi10@paytm,Priya Joshi,1950.59,UPI_P2P,SUCCESS,False,0
TXN16834659,2026-09-16 09:16:35,USR_0037,pooja.shukla95@icici,Pooja Shukla,USR_0072,nikhil.shukla30@paytm,Nikhil Shukla,219.5,NEFT,SUCCESS,False,0
TXN13886030,2026-09-16 09:16:38,USR_0118,rajesh.sharma29@kotak,Rajesh Sharma,USR_0084,nikhil.joshi95@pnb,Nikhil Joshi,1459.06,IMPS_TRANSFER,SUCCESS,False,0
TXN88703005,2026-09-16 09:18:11,USR_0026,aditya.mehta43@sbi,Aditya Mehta,USR_0008,deepak.sharma68@pnb,Deepak Sharma,479.52,UPI_P2M,SUCCESS,False,0
TXN27544302,2026-09-16 09:20:37,USR_0001,rohan.nair96@sbi,Rohan Nair,USR_0007,priya.verma54@icici,Priya Verma,444.17,UPI_P2M,SUCCESS,False,0
TXN47437115,2026-09-16 09:22:11,USR_0109,isha.shukla65@icici,Isha Shukla,USR_0031,manish.mehta18@paytm,Manish Mehta,74.96,UPI_P2P,SUCCESS,False,0
TXN64914054,2026-09-16 09:24:35,USR_0102,tanvi.verma46@pnb,Tanvi Verma,USR_0037,pooja.shukla95@icici,Pooja Shukla,119.63,UPI_P2P,SUCCESS,False,0
TXN36040330,2026-09-16 09:27:55,USR_0078,priya.gupta18@icici,Priya Gupta,USR_0003,rahul.joshi13@kotak,Rahul Joshi,5322.88,UPI_P2M,SUCCESS,False,0
TXN78807151,2026-09-16 09:27:57,USR_0085,sneha.verma52@pnb,Sneha Verma,USR_0012,tanvi.rao56@paytm,Tanvi Rao,2054.11,IMPS_TRANSFER,SUCCESS,False,0
TXN26564560,2026-09-16 09:28:05,USR_0003,rahul.joshi13@kotak,Rahul Joshi,USR_0114,aditya.sharma58@icici,Aditya Sharma,390.39,NEFT,SUCCESS,False,0
TXN76890827,2026-09-16 09:28:21,USR_0015,priya.singh98@pnb,Priya Singh,USR_0082,sneha.chopra24@kotak,Sneha Chopra,2077.88,UPI_P2M,SUCCESS,False,0
TXN40885967,2026-09-16 09:31:23,USR_0095,aarav.sharma70@hdfc,Aarav Sharma,USR_0063,amit.chopra53@hdfc,Amit Chopra,2031.06,IMPS_TRANSFER,SUCCESS,False,0
TXN13012656,2026-09-16 09:33:41,USR_0020,manish.chopra84@axis,Manish Chopra,USR_0082,sneha.chopra24@kotak,Sneha Chopra,4300.96,NEFT,SUCCESS,False,0
TXN26666744,2026-09-16 09:37:31,USR_0038,neha.patel83@pnb,Neha Patel,USR_0081,aryan.verma65@kotak,Aryan Verma,319.17,NEFT,SUCCESS,False,0
TXN82553061,2026-09-16 09:39:18,USR_0030,karan.singh17@hdfc,Karan Singh,USR_0072,nikhil.shukla30@paytm,Nikhil Shukla,797.67,NEFT,SUCCESS,False,0
TXN98842638,2026-09-16 09:41:21,USR_0098,aditya.nair69@kotak,Aditya Nair,USR_0069,rohan.sharma56@icici,Rohan Sharma,1588.11,UPI_P2P,SUCCESS,False,0
TXN29907683,2026-09-16 09:44:52,USR_0005,tanvi.chopra10@icici,Tanvi Chopra,USR_0027,pooja.verma90@paytm,Pooja Verma,407.93,IMPS_TRANSFER,SUCCESS,False,0
TXN98304696,2026-09-16 09:46:30,USR_0073,karan.iyer32@sbi,Karan Iyer,USR_0082,sneha.chopra24@kotak,Sneha Chopra,1711.88,NEFT,SUCCESS,False,0
TXN47469681,2026-09-16 09:49:31,USR_0075,deepak.nair58@sbi,Deepak Nair,USR_0060,kavya.rao11@kotak,Kavya Rao,103.26,NEFT,SUCCESS,False,0
TXN85731895,2026-09-16 09:49:55,USR_0033,suresh.rao66@icici,Suresh Rao,USR_0028,rohan.gupta30@paytm,Rohan Gupta,2741.96,IMPS_TRANSFER,SUCCESS,False,0
TXN14877451,2026-09-16 09:52:13,USR_0053,karan.chopra84@hdfc,Karan Chopra,USR_0112,kavya.joshi60@sbi,Kavya Joshi,447.6,UPI_P2M,SUCCESS,False,0
TXN78227286,2026-09-16 09:57:30,USR_0119,isha.rao82@sbi,Isha Rao,USR_0055,nikhil.singh95@hdfc,Nikhil Singh,1224.27,NEFT,SUCCESS,False,0
TXN57166514,2026-09-16 10:00:26,USR_0076,sunil.mehta35@hdfc,Sunil Mehta,USR_0032,suresh.mehta31@kotak,Suresh Mehta,739.05,NEFT,SUCCESS,False,0
TXN17291483,2026-09-16 10:10:41,USR_0073,karan.iyer32@sbi,Karan Iyer,USR_0093,pooja.rao89@pnb,Pooja Rao,1204.32,IMPS_TRANSFER,SUCCESS,False,0
TXN89688374,2026-09-16 10:14:03,USR_0078,priya.gupta18@icici,Priya Gupta,USR_0094,rajesh.shukla49@pnb,Rajesh Shukla,1339.97,IMPS_TRANSFER,SUCCESS,False,0
TXN41680907,2026-09-16 10:14:41,USR_0107,isha.sharma48@icici,Isha Sharma,USR_0092,deepak.nair94@hdfc,Deepak Nair,837.82,UPI_P2M,SUCCESS,False,0
TXN23581521,2026-09-16 10:15:16,USR_0002,rhea.iyer13@sbi,Rhea Iyer,USR_0022,vikram.patel97@paytm,Vikram Patel,265.97,IMPS_TRANSFER,SUCCESS,False,0
TXN26476859,2026-09-16 10:20:17,USR_0025,alok.rao24@icici,Alok Rao,USR_0076,sunil.mehta35@hdfc,Sunil Mehta,4506.31,NEFT,SUCCESS,False,0
TXN82494849,2026-09-16 10:20:22,USR_0055,nikhil.singh95@hdfc,Nikhil Singh,USR_0051,pooja.joshi17@hdfc,Pooja Joshi,1476.77,UPI_P2P,SUCCESS,False,0
TXN17993466,2026-09-16 10:21:24,USR_0117,rahul.rao93@sbi,Rahul Rao,USR_0102,tanvi.verma46@pnb,Tanvi Verma,209.27,IMPS_TRANSFER,SUCCESS,False,0
TXN42657384,2026-09-16 10:22:16,USR_0011,sunil.shukla22@paytm,Sunil Shukla,USR_0055,nikhil.singh95@hdfc,Nikhil Singh,1866.27,UPI_P2P,SUCCESS,False,0
TXN33635791,2026-09-16 10:25:29,USR_0119,isha.rao82@sbi,Isha Rao,USR_0107,isha.sharma48@icici,Isha Sharma,1763.68,UPI_P2M,SUCCESS,False,0
TXN98263548,2026-09-16 10:26:21,USR_0064,karan.sharma91@sbi,Karan Sharma,USR_0038,neha.patel83@pnb,Neha Patel,539.92,UPI_P2M,SUCCESS,False,0
TXN29909634,2026-09-16 10:26:46,USR_0036,ramesh.rao39@sbi,Ramesh Rao,USR_0098,aditya.nair69@kotak,Aditya Nair,1567.31,UPI_P2P,SUCCESS,False,0
TXN26596590,2026-09-16 10:28:11,USR_0063,amit.chopra53@hdfc,Amit Chopra,USR_0014,vikram.patel41@kotak,Vikram Patel,152.89,UPI_P2M,SUCCESS,False,0
TXN45827376,2026-09-16 10:28:45,USR_0081,aryan.verma65@kotak,Aryan Verma,USR_0026,aditya.mehta43@sbi,Aditya Mehta,716.33,NEFT,SUCCESS,False,0
TXN10757677,2026-09-16 10:28:57,USR_0020,manish.chopra84@axis,Manish Chopra,USR_0074,deepak.rao41@paytm,Deepak Rao,1314.67,IMPS_TRANSFER,SUCCESS,False,0
TXN97183615,2026-09-16 10:29:30,USR_0017,varun.verma82@hdfc,Varun Verma,USR_0064,karan.sharma91@sbi,Karan Sharma,90.52,NEFT,SUCCESS,False,0
TXN99686372,2026-09-16 10:31:56,USR_0004,ramesh.rao79@pnb,Ramesh Rao,USR_0107,isha.sharma48@icici,Isha Sharma,4253.03,UPI_P2P,SUCCESS,False,0
TXN67838146,2026-09-16 10:34:01,USR_0068,rajesh.gupta80@kotak,Rajesh Gupta,USR_0001,rohan.nair96@sbi,Rohan Nair,861.82,UPI_P2P,SUCCESS,False,0
TXN26445384,2026-09-16 10:34:28,USR_0011,sunil.shukla22@paytm,Sunil Shukla,USR_0115,tanvi.gupta58@icici,Tanvi Gupta,714.97,IMPS_TRANSFER,SUCCESS,False,0
TXN56991504,2026-09-16 10:34:28,USR_0061,nikhil.rao27@sbi,Nikhil Rao,USR_0028,rohan.gupta30@paytm,Rohan Gupta,911.16,UPI_P2P,SUCCESS,False,0
TXN11714029,2026-09-16 10:34:34,USR_0036,ramesh.rao39@sbi,Ramesh Rao,USR_0112,kavya.joshi60@sbi,Kavya Joshi,425.48,NEFT,SUCCESS,False,0
TXN81918425,2026-09-16 10:34:43,USR_0063,amit.chopra53@hdfc,Amit Chopra,USR_0081,aryan.verma65@kotak,Aryan Verma,4988.36,UPI_P2P,SUCCESS,False,0
TXN58009699,2026-09-16 10:38:43,USR_0005,tanvi.chopra10@icici,Tanvi Chopra,USR_0089,priya.joshi10@paytm,Priya Joshi,3364.31,UPI_P2P,SUCCESS,False,0
TXN75313057,2026-09-16 10:43:42,USR_0017,varun.verma82@hdfc,Varun Verma,USR_0114,aditya.sharma58@icici,Aditya Sharma,355.0,IMPS_TRANSFER,SUCCESS,False,0
TXN95100169,2026-09-16 10:44:02,USR_0101,tanvi.singh41@paytm,Tanvi Singh,USR_0102,tanvi.verma46@pnb,Tanvi Verma,1134.87,IMPS_TRANSFER,SUCCESS,False,0
TXN88100019,2026-09-16 10:44:34,USR_0114,aditya.sharma58@icici,Aditya Sharma,USR_0002,rhea.iyer13@sbi,Rhea Iyer,3650.59,UPI_P2P,SUCCESS,False,0
TXN43829709,2026-09-16 10:52:41,USR_0064,karan.sharma91@sbi,Karan Sharma,USR_0009,nikhil.iyer80@sbi,Nikhil Iyer,1389.89,IMPS_TRANSFER,SUCCESS,False,0
TXN71605671,2026-09-16 10:53:18,USR_0114,aditya.sharma58@icici,Aditya Sharma,USR_0048,nikhil.mehta64@icici,Nikhil Mehta,1650.19,IMPS_TRANSFER,SUCCESS,False,0
TXN71549421,2026-09-16 10:53:35,USR_0017,varun.verma82@hdfc,Varun Verma,USR_0014,vikram.patel41@kotak,Vikram Patel,405.77,NEFT,SUCCESS,False,0
TXN92691963,2026-09-16 10:55:08,USR_0088,neha.patel63@hdfc,Neha Patel,USR_0042,aryan.iyer53@pnb,Aryan Iyer,1376.85,IMPS_TRANSFER,SUCCESS,False,0
TXN75960711,2026-09-16 10:55:40,USR_0047,karan.sharma58@hdfc,Karan Sharma,USR_0023,priya.chopra77@axis,Priya Chopra,148.21,NEFT,SUCCESS,False,0
TXN38935933,2026-09-16 10:55:57,USR_0015,priya.singh98@pnb,Priya Singh,USR_0119,isha.rao82@sbi,Isha Rao,2090.84,NEFT,SUCCESS,False,0
TXN70672142,2026-09-16 10:58:43,USR_0015,priya.singh98@pnb,Priya Singh,USR_0017,varun.verma82@hdfc,Varun Verma,157.05,UPI_P2P,SUCCESS,False,0
TXN77390918,2026-09-16 11:03:35,USR_0050,manish.gupta16@sbi,Manish Gupta,USR_0115,tanvi.gupta58@icici,Tanvi Gupta,90.93,UPI_P2P,SUCCESS,False,0
TXN26782572,2026-09-16 11:04:46,USR_0021,rahul.patel73@kotak,Rahul Patel,USR_0023,priya.chopra77@axis,Priya Chopra,609.57,UPI_P2P,SUCCESS,False,0
TXN82947490,2026-09-16 11:10:00,USR_0058,neha.shukla43@kotak,Neha Shukla,USR_0063,amit.chopra53@hdfc,Amit Chopra,152.19,NEFT,SUCCESS,False,0
TXN23335151,2026-09-16 11:10:11,USR_0056,rahul.singh26@axis,Rahul Singh,USR_0030,karan.singh17@hdfc,Karan Singh,592.37,IMPS_TRANSFER,SUCCESS,False,0
TXN74732147,2026-09-16 11:17:20,USR_0000,vikram.verma45@sbi,Vikram Verma,USR_0097,isha.iyer28@hdfc,Isha Iyer,912.62,UPI_P2P,SUCCESS,False,0
TXN69228397,2026-09-16 11:19:48,USR_0015,priya.singh98@pnb,Priya Singh,USR_0118,rajesh.sharma29@kotak,Rajesh Sharma,441.86,UPI_P2M,SUCCESS,False,0
TXN54265498,2026-09-16 11:20:09,USR_0085,sneha.verma52@pnb,Sneha Verma,USR_0013,diya.shukla44@pnb,Diya Shukla,640.56,UPI_P2M,SUCCESS,False,0
TXN42823140,2026-09-16 11:24:20,USR_0000,vikram.verma45@sbi,Vikram Verma,USR_0005,tanvi.chopra10@icici,Tanvi Chopra,159.12,UPI_P2P,SUCCESS,False,0
TXN52501540,2026-09-16 11:27:11,USR_0109,isha.shukla65@icici,Isha Shukla,USR_0086,suresh.verma48@pnb,Suresh Verma,1038.66,NEFT,SUCCESS,False,0
TXN18545050,2026-09-16 11:27:42,USR_0022,vikram.patel97@paytm,Vikram Patel,USR_0105,vihaan.iyer52@axis,Vihaan Iyer,1605.58,UPI_P2P,SUCCESS,False,0
TXN21635070,2026-09-16 11:29:54,USR_0087,suresh.iyer61@icici,Suresh Iyer,USR_0056,rahul.singh26@axis,Rahul Singh,1705.23,UPI_P2M,SUCCESS,False,0
TXN91125155,2026-09-16 11:30:43,USR_0103,ananya.gupta20@kotak,Ananya Gupta,USR_0053,karan.chopra84@hdfc,Karan Chopra,242.69,NEFT,SUCCESS,False,0
TXN46173157,2026-09-16 11:32:19,USR_0086,suresh.verma48@pnb,Suresh Verma,USR_0107,isha.sharma48@icici,Isha Sharma,3109.32,UPI_P2P,SUCCESS,False,0
TXN19735027,2026-09-16 11:32:59,USR_0108,sunil.iyer79@kotak,Sunil Iyer,USR_0067,kabir.verma29@pnb,Kabir Verma,3393.35,IMPS_TRANSFER,SUCCESS,False,0
TXN32277675,2026-09-16 11:34:38,USR_0088,neha.patel63@hdfc,Neha Patel,USR_0044,aditya.singh41@axis,Aditya Singh,4746.38,NEFT,SUCCESS,False,0
TXN74837853,2026-09-16 11:41:19,USR_0078,priya.gupta18@icici,Priya Gupta,USR_0003,rahul.joshi13@kotak,Rahul Joshi,351.19,UPI_P2M,SUCCESS,False,0
TXN31759927,2026-09-16 11:41:44,USR_0111,manish.patel69@paytm,Manish Patel,USR_0084,nikhil.joshi95@pnb,Nikhil Joshi,2089.88,UPI_P2M,SUCCESS,False,0
TXN75814814,2026-09-16 11:42:44,USR_0052,kavya.verma40@pnb,Kavya Verma,USR_0032,suresh.mehta31@kotak,Suresh Mehta,64.63,UPI_P2P,SUCCESS,False,0
TXN20901547,2026-09-16 11:46:35,USR_0005,tanvi.chopra10@icici,Tanvi Chopra,USR_0105,vihaan.iyer52@axis,Vihaan Iyer,1554.62,UPI_P2P,SUCCESS,False,0
TXN29585415,2026-09-16 11:47:54,USR_0005,tanvi.chopra10@icici,Tanvi Chopra,USR_0072,nikhil.shukla30@paytm,Nikhil Shukla,1694.72,UPI_P2M,SUCCESS,False,0
TXN98269682,2026-09-16 11:51:31,USR_0098,aditya.nair69@kotak,Aditya Nair,USR_0051,pooja.joshi17@hdfc,Pooja Joshi,445.76,UPI_P2P,SUCCESS,False,0
TXN91390501,2026-09-16 11:52:12,USR_0001,rohan.nair96@sbi,Rohan Nair,USR_0072,nikhil.shukla30@paytm,Nikhil Shukla,3235.94,UPI_P2P,SUCCESS,False,0
TXN41573535,2026-09-16 11:54:52,USR_0110,priya.gupta96@pnb,Priya Gupta,USR_0036,ramesh.rao39@sbi,Ramesh Rao,959.02,UPI_P2P,SUCCESS,False,0
TXN13329148,2026-09-16 11:56:04,USR_0082,sneha.chopra24@kotak,Sneha Chopra,USR_0011,sunil.shukla22@paytm,Sunil Shukla,706.26,UPI_P2M,SUCCESS,False,0
TXN21987653,2026-09-16 11:57:47,USR_0057,ananya.verma68@sbi,Ananya Verma,USR_0019,varun.patel81@hdfc,Varun Patel,1646.64,IMPS_TRANSFER,SUCCESS,False,0
TXN73380252,2026-09-16 11:57:59,USR_0060,kavya.rao11@kotak,Kavya Rao,USR_0006,varun.patel53@hdfc,Varun Patel,560.21,UPI_P2P,SUCCESS,False,0
TXN64627534,2026-09-16 12:01:23,USR_0077,amit.shukla13@hdfc,Amit Shukla,USR_0038,neha.patel83@pnb,Neha Patel,63.31,UPI_P2P,SUCCESS,False,0
TXN17543817,2026-09-16 12:01:28,USR_0097,isha.iyer28@hdfc,Isha Iyer,USR_0066,manish.mehta64@kotak,Manish Mehta,664.69,IMPS_TRANSFER,SUCCESS,False,0
TXN41026926,2026-09-16 12:02:26,USR_0002,rhea.iyer13@sbi,Rhea Iyer,USR_0037,pooja.shukla95@icici,Pooja Shukla,1966.77,NEFT,SUCCESS,False,0
TXN96854901,2026-09-16 12:05:10,USR_0013,diya.shukla44@pnb,Diya Shukla,USR_0078,priya.gupta18@icici,Priya Gupta,5042.75,UPI_P2M,SUCCESS,False,0
TXN46385762,2026-09-16 12:05:31,USR_0027,pooja.verma90@paytm,Pooja Verma,USR_0115,tanvi.gupta58@icici,Tanvi Gupta,2701.61,NEFT,SUCCESS,False,0
TXN26664623,2026-09-16 12:05:56,USR_0064,karan.sharma91@sbi,Karan Sharma,USR_0116,rajesh.verma12@axis,Rajesh Verma,3994.86,UPI_P2P,SUCCESS,False,0
TXN95977279,2026-09-16 12:06:08,USR_0080,aarav.verma32@icici,Aarav Verma,USR_0018,vikram.mehta92@axis,Vikram Mehta,3788.81,UPI_P2M,SUCCESS,False,0
TXN50641125,2026-09-16 12:08:25,USR_0088,neha.patel63@hdfc,Neha Patel,USR_0051,pooja.joshi17@hdfc,Pooja Joshi,790.62,NEFT,SUCCESS,False,0
TXN42051937,2026-09-16 12:12:00,USR_0119,isha.rao82@sbi,Isha Rao,USR_0041,tanvi.nair96@sbi,Tanvi Nair,128.8,UPI_P2M,SUCCESS,False,0
TXN54098516,2026-09-16 12:12:25,USR_0027,pooja.verma90@paytm,Pooja Verma,USR_0104,rahul.iyer29@pnb,Rahul Iyer,452.3,UPI_P2M,SUCCESS,False,0
TXN11592230,2026-09-16 12:14:58,USR_0018,vikram.mehta92@axis,Vikram Mehta,USR_0067,kabir.verma29@pnb,Kabir Verma,1453.59,NEFT,SUCCESS,False,0
TXN30709222,2026-09-16 12:15:54,USR_0063,amit.chopra53@hdfc,Amit Chopra,USR_0093,pooja.rao89@pnb,Pooja Rao,576.92,UPI_P2P,SUCCESS,False,0
TXN59095909,2026-09-16 12:22:24,USR_0013,diya.shukla44@pnb,Diya Shukla,USR_0102,tanvi.verma46@pnb,Tanvi Verma,2561.31,UPI_P2M,SUCCESS,False,0
TXN66013532,2026-09-16 12:25:33,USR_0086,suresh.verma48@pnb,Suresh Verma,USR_0078,priya.gupta18@icici,Priya Gupta,98.51,UPI_P2M,SUCCESS,False,0
TXN84429198,2026-09-16 12:31:44,USR_0082,sneha.chopra24@kotak,Sneha Chopra,USR_0061,nikhil.rao27@sbi,Nikhil Rao,720.73,IMPS_TRANSFER,SUCCESS,False,0
TXN48999266,2026-09-16 12:31:50,USR_0104,rahul.iyer29@pnb,Rahul Iyer,USR_0022,vikram.patel97@paytm,Vikram Patel,2424.74,UPI_P2P,SUCCESS,False,0
TXN34822996,2026-09-16 12:32:06,USR_0098,aditya.nair69@kotak,Aditya Nair,USR_0017,varun.verma82@hdfc,Varun Verma,2813.38,NEFT,SUCCESS,False,0
TXN79885511,2026-09-16 12:35:34,USR_0063,amit.chopra53@hdfc,Amit Chopra,USR_0019,varun.patel81@hdfc,Varun Patel,999.43,UPI_P2M,SUCCESS,False,0
TXN37574457,2026-09-16 12:39:12,USR_0108,sunil.iyer79@kotak,Sunil Iyer,USR_0084,nikhil.joshi95@pnb,Nikhil Joshi,1205.6,IMPS_TRANSFER,SUCCESS,False,0
TXN22527880,2026-09-16 12:42:34,USR_0111,manish.patel69@paytm,Manish Patel,USR_0119,isha.rao82@sbi,Isha Rao,204.27,IMPS_TRANSFER,SUCCESS,False,0
TXN44601998,2026-09-16 12:43:19,USR_0036,ramesh.rao39@sbi,Ramesh Rao,USR_0076,sunil.mehta35@hdfc,Sunil Mehta,2655.63,NEFT,SUCCESS,False,0
TXN22507745,2026-09-16 12:47:37,USR_0076,sunil.mehta35@hdfc,Sunil Mehta,USR_0004,ramesh.rao79@pnb,Ramesh Rao,1598.16,UPI_P2P,SUCCESS,False,0
TXN45451818,2026-09-16 12:48:14,USR_0112,kavya.joshi60@sbi,Kavya Joshi,USR_0044,aditya.singh41@axis,Aditya Singh,362.47,NEFT,SUCCESS,False,0
TXN74082055,2026-09-16 12:50:27,USR_0119,isha.rao82@sbi,Isha Rao,USR_0112,kavya.joshi60@sbi,Kavya Joshi,1239.68,NEFT,SUCCESS,False,0
TXN83609531,2026-09-16 12:51:43,USR_0008,deepak.sharma68@pnb,Deepak Sharma,USR_0119,isha.rao82@sbi,Isha Rao,871.92,NEFT,SUCCESS,False,0
TXN41887353,2026-09-16 12:52:53,USR_0050,manish.gupta16@sbi,Manish Gupta,USR_0113,vihaan.rao27@axis,Vihaan Rao,1470.8,IMPS_TRANSFER,SUCCESS,False,0
TXN14547522,2026-09-16 12:55:07,USR_0080,aarav.verma32@icici,Aarav Verma,USR_0040,kabir.rao55@axis,Kabir Rao,245.09,NEFT,SUCCESS,False,0
TXN13957187,2026-09-16 12:55:51,USR_0040,kabir.rao55@axis,Kabir Rao,USR_0107,isha.sharma48@icici,Isha Sharma,1504.67,UPI_P2M,SUCCESS,False,0
TXN40283277,2026-09-16 12:57:52,USR_0042,aryan.iyer53@pnb,Aryan Iyer,USR_0010,suresh.shukla47@paytm,Suresh Shukla,114.41,UPI_P2P,SUCCESS,False,0
TXN65197277,2026-09-16 12:58:01,USR_0097,isha.iyer28@hdfc,Isha Iyer,USR_0040,kabir.rao55@axis,Kabir Rao,1034.22,NEFT,SUCCESS,False,0
TXN28405182,2026-09-16 13:01:45,USR_0040,kabir.rao55@axis,Kabir Rao,USR_0047,karan.sharma58@hdfc,Karan Sharma,2531.76,IMPS_TRANSFER,SUCCESS,False,0
TXN18774822,2026-09-16 13:04:42,USR_0102,tanvi.verma46@pnb,Tanvi Verma,USR_0079,vikram.joshi96@axis,Vikram Joshi,2572.81,NEFT,SUCCESS,False,0
TXN35453201,2026-09-16 13:09:20,USR_0015,priya.singh98@pnb,Priya Singh,USR_0018,vikram.mehta92@axis,Vikram Mehta,2590.14,UPI_P2M,SUCCESS,False,0
TXN72546007,2026-09-16 13:09:43,USR_0046,sneha.mehta37@axis,Sneha Mehta,USR_0065,aarav.gupta26@paytm,Aarav Gupta,201.79,NEFT,SUCCESS,False,0
TXN70340936,2026-09-16 13:10:58,USR_0094,rajesh.shukla49@pnb,Rajesh Shukla,USR_0078,priya.gupta18@icici,Priya Gupta,2344.12,UPI_P2M,SUCCESS,False,0
TXN14650569,2026-09-16 13:12:24,USR_0035,neha.shukla38@kotak,Neha Shukla,USR_0057,ananya.verma68@sbi,Ananya Verma,458.68,UPI_P2M,SUCCESS,False,0
TXN48988647,2026-09-16 13:13:27,USR_0103,ananya.gupta20@kotak,Ananya Gupta,USR_0023,priya.chopra77@axis,Priya Chopra,87.36,UPI_P2M,SUCCESS,False,0
TXN42301683,2026-09-16 13:13:51,USR_0098,aditya.nair69@kotak,Aditya Nair,USR_0119,isha.rao82@sbi,Isha Rao,177.93,UPI_P2P,SUCCESS,False,0
TXN18824561,2026-09-16 13:15:59,USR_0016,suresh.gupta17@paytm,Suresh Gupta,USR_0078,priya.gupta18@icici,Priya Gupta,518.02,UPI_P2P,SUCCESS,False,0
TXN94658420,2026-09-16 13:17:46,USR_0025,alok.rao24@icici,Alok Rao,USR_0082,sneha.chopra24@kotak,Sneha Chopra,962.66,UPI_P2M,SUCCESS,False,0
TXN55417034,2026-09-16 13:19:20,USR_0083,varun.sharma65@pnb,Varun Sharma,USR_0100,suresh.joshi86@kotak,Suresh Joshi,1746.41,UPI_P2P,SUCCESS,False,0
TXN69945655,2026-09-16 13:26:30,USR_0081,aryan.verma65@kotak,Aryan Verma,USR_0093,pooja.rao89@pnb,Pooja Rao,938.45,IMPS_TRANSFER,SUCCESS,False,0
TXN59886371,2026-09-16 13:27:20,USR_0053,karan.chopra84@hdfc,Karan Chopra,USR_0100,suresh.joshi86@kotak,Suresh Joshi,975.06,IMPS_TRANSFER,SUCCESS,False,0
TXN77355419,2026-09-16 13:28:46,USR_0101,tanvi.singh41@paytm,Tanvi Singh,USR_0061,nikhil.rao27@sbi,Nikhil Rao,288.98,UPI_P2P,SUCCESS,False,0
TXN29693143,2026-09-16 13:29:10,USR_0104,rahul.iyer29@pnb,Rahul Iyer,USR_0017,varun.verma82@hdfc,Varun Verma,822.39,UPI_P2P,SUCCESS,False,0
TXN82613940,2026-09-16 13:29:56,USR_0080,aarav.verma32@icici,Aarav Verma,USR_0091,tanvi.mehta37@pnb,Tanvi Mehta,1818.67,NEFT,SUCCESS,False,0
TXN56338752,2026-09-16 13:30:33,USR_0082,sneha.chopra24@kotak,Sneha Chopra,USR_0026,aditya.mehta43@sbi,Aditya Mehta,2657.93,NEFT,SUCCESS,False,0
TXN31596235,2026-09-16 13:32:05,USR_0043,ishaan.shukla67@kotak,Ishaan Shukla,USR_0021,rahul.patel73@kotak,Rahul Patel,1702.13,NEFT,SUCCESS,False,0
TXN41271945,2026-09-16 13:39:29,USR_0033,suresh.rao66@icici,Suresh Rao,USR_0046,sneha.mehta37@axis,Sneha Mehta,703.11,UPI_P2M,SUCCESS,False,0
TXN47228655,2026-09-16 13:41:19,USR_0005,tanvi.chopra10@icici,Tanvi Chopra,USR_0085,sneha.verma52@pnb,Sneha Verma,1284.56,NEFT,SUCCESS,False,0
TXN68900892,2026-09-16 13:42:12,USR_0026,aditya.mehta43@sbi,Aditya Mehta,USR_0110,priya.gupta96@pnb,Priya Gupta,853.88,UPI_P2M,SUCCESS,False,0
TXN52351453,2026-09-16 13:52:48,USR_0040,kabir.rao55@axis,Kabir Rao,USR_0055,nikhil.singh95@hdfc,Nikhil Singh,295.77,UPI_P2M,SUCCESS,False,0
TXN65989834,2026-09-16 13:52:52,USR_0083,varun.sharma65@pnb,Varun Sharma,USR_0085,sneha.verma52@pnb,Sneha Verma,971.0,IMPS_TRANSFER,SUCCESS,False,0
TXN14159837,2026-09-16 13:55:13,USR_0076,sunil.mehta35@hdfc,Sunil Mehta,USR_0078,priya.gupta18@icici,Priya Gupta,367.09,NEFT,SUCCESS,False,0
TXN90448089,2026-09-16 13:58:28,USR_0076,sunil.mehta35@hdfc,Sunil Mehta,USR_0084,nikhil.joshi95@pnb,Nikhil Joshi,2505.24,UPI_P2M,SUCCESS,False,0
TXN34532913,2026-09-16 13:59:59,USR_0045,deepak.joshi16@sbi,Deepak Joshi,USR_0027,pooja.verma90@paytm,Pooja Verma,269.31,IMPS_TRANSFER,SUCCESS,False,0
TXN22132198,2026-09-16 14:00:45,USR_0020,manish.chopra84@axis,Manish Chopra,USR_0107,isha.sharma48@icici,Isha Sharma,1049.26,IMPS_TRANSFER,SUCCESS,False,0
TXN59317149,2026-09-16 14:01:54,USR_0109,isha.shukla65@icici,Isha Shukla,USR_0008,deepak.sharma68@pnb,Deepak Sharma,151.26,NEFT,SUCCESS,False,0
TXN40838737,2026-09-16 14:02:04,USR_0109,isha.shukla65@icici,Isha Shukla,USR_0012,tanvi.rao56@paytm,Tanvi Rao,3654.8,UPI_P2P,SUCCESS,False,0
TXN15474970,2026-09-16 14:03:44,USR_0055,nikhil.singh95@hdfc,Nikhil Singh,USR_0014,vikram.patel41@kotak,Vikram Patel,419.54,NEFT,SUCCESS,False,0
TXN62719526,2026-09-16 14:04:09,USR_0052,kavya.verma40@pnb,Kavya Verma,USR_0071,alok.joshi62@paytm,Alok Joshi,447.86,NEFT,SUCCESS,False,0
TXN71533194,2026-09-16 14:05:30,USR_0052,kavya.verma40@pnb,Kavya Verma,USR_0089,priya.joshi10@paytm,Priya Joshi,452.73,IMPS_TRANSFER,SUCCESS,False,0
TXN17863981,2026-09-16 14:06:19,USR_0028,rohan.gupta30@paytm,Rohan Gupta,USR_0003,rahul.joshi13@kotak,Rahul Joshi,5571.44,IMPS_TRANSFER,SUCCESS,False,0
TXN52131585,2026-09-16 14:09:33,USR_0007,priya.verma54@icici,Priya Verma,USR_0110,priya.gupta96@pnb,Priya Gupta,1809.99,UPI_P2P,SUCCESS,False,0
TXN71026547,2026-09-16 14:10:02,USR_0058,neha.shukla43@kotak,Neha Shukla,USR_0075,deepak.nair58@sbi,Deepak Nair,1991.74,UPI_P2M,SUCCESS,False,0
TXN67405358,2026-09-16 14:11:54,USR_0109,isha.shukla65@icici,Isha Shukla,USR_0081,aryan.verma65@kotak,Aryan Verma,2395.81,NEFT,SUCCESS,False,0
TXN90115852,2026-09-16 14:19:26,USR_0039,rahul.mehta62@paytm,Rahul Mehta,USR_0101,tanvi.singh41@paytm,Tanvi Singh,82.24,UPI_P2P,SUCCESS,False,0
TXN48605268,2026-09-16 14:20:03,USR_0085,sneha.verma52@pnb,Sneha Verma,USR_0001,rohan.nair96@sbi,Rohan Nair,394.09,NEFT,SUCCESS,False,0
TXN89890579,2026-09-16 14:20:33,USR_0062,karan.verma80@pnb,Karan Verma,USR_0105,vihaan.iyer52@axis,Vihaan Iyer,5010.52,UPI_P2P,SUCCESS,False,0
TXN33291610,2026-09-16 14:31:08,USR_0060,kavya.rao11@kotak,Kavya Rao,USR_0000,vikram.verma45@sbi,Vikram Verma,120.5,UPI_P2P,SUCCESS,False,0
TXN34071191,2026-09-16 14:33:18,USR_0064,karan.sharma91@sbi,Karan Sharma,USR_0086,suresh.verma48@pnb,Suresh Verma,450.51,UPI_P2P,SUCCESS,False,0
TXN10957697,2026-09-16 14:44:31,USR_0035,neha.shukla38@kotak,Neha Shukla,USR_0063,amit.chopra53@hdfc,Amit Chopra,852.31,UPI_P2M,SUCCESS,False,0
TXN23058343,2026-09-16 14:45:11,USR_0080,aarav.verma32@icici,Aarav Verma,USR_0006,varun.patel53@hdfc,Varun Patel,1091.49,IMPS_TRANSFER,SUCCESS,False,0
TXN90092958,2026-09-16 14:47:18,USR_0014,vikram.patel41@kotak,Vikram Patel,USR_0107,isha.sharma48@icici,Isha Sharma,5582.68,NEFT,SUCCESS,False,0
TXN31602928,2026-09-16 14:49:24,USR_0027,pooja.verma90@paytm,Pooja Verma,USR_0052,kavya.verma40@pnb,Kavya Verma,1818.38,UPI_P2M,SUCCESS,False,0
TXN87036318,2026-09-16 14:51:16,USR_0058,neha.shukla43@kotak,Neha Shukla,USR_0065,aarav.gupta26@paytm,Aarav Gupta,491.68,NEFT,SUCCESS,False,0
TXN13817499,2026-09-16 14:54:30,USR_0022,vikram.patel97@paytm,Vikram Patel,USR_0062,karan.verma80@pnb,Karan Verma,172.01,UPI_P2M,SUCCESS,False,0
TXN50693207,2026-09-16 14:55:33,USR_0026,aditya.mehta43@sbi,Aditya Mehta,USR_0111,manish.patel69@paytm,Manish Patel,2891.89,IMPS_TRANSFER,SUCCESS,False,0
TXN42572300,2026-09-16 14:56:11,USR_0002,rhea.iyer13@sbi,Rhea Iyer,USR_0060,kavya.rao11@kotak,Kavya Rao,624.02,UPI_P2P,SUCCESS,False,0
TXN67108220,2026-09-16 14:59:09,USR_0102,tanvi.verma46@pnb,Tanvi Verma,USR_0094,rajesh.shukla49@pnb,Rajesh Shukla,510.6,UPI_P2P,SUCCESS,False,0
TXN46907428,2026-09-16 15:01:06,USR_0045,deepak.joshi16@sbi,Deepak Joshi,USR_0027,pooja.verma90@paytm,Pooja Verma,1181.84,UPI_P2M,SUCCESS,False,0
TXN49910061,2026-09-16 15:01:58,USR_0048,nikhil.mehta64@icici,Nikhil Mehta,USR_0057,ananya.verma68@sbi,Ananya Verma,746.11,NEFT,SUCCESS,False,0
TXN19863756,2026-09-16 15:07:12,USR_0062,karan.verma80@pnb,Karan Verma,USR_0091,tanvi.mehta37@pnb,Tanvi Mehta,1388.19,NEFT,SUCCESS,False,0
TXN48208680,2026-09-16 15:08:19,USR_0097,isha.iyer28@hdfc,Isha Iyer,USR_0102,tanvi.verma46@pnb,Tanvi Verma,1484.7,IMPS_TRANSFER,SUCCESS,False,0
TXN87652255,2026-09-16 15:09:18,USR_0099,rahul.verma27@axis,Rahul Verma,USR_0117,rahul.rao93@sbi,Rahul Rao,681.96,UPI_P2M,SUCCESS,False,0
TXN86362294,2026-09-16 15:13:52,USR_0013,diya.shukla44@pnb,Diya Shukla,USR_0053,karan.chopra84@hdfc,Karan Chopra,1340.78,NEFT,SUCCESS,False,0
TXN92523968,2026-09-16 15:15:32,USR_0093,pooja.rao89@pnb,Pooja Rao,USR_0111,manish.patel69@paytm,Manish Patel,801.93,IMPS_TRANSFER,SUCCESS,False,0
TXN83319550,2026-09-16 15:17:47,USR_0022,vikram.patel97@paytm,Vikram Patel,USR_0058,neha.shukla43@kotak,Neha Shukla,635.51,IMPS_TRANSFER,SUCCESS,False,0
TXN85898994,2026-09-16 15:18:21,USR_0098,aditya.nair69@kotak,Aditya Nair,USR_0021,rahul.patel73@kotak,Rahul Patel,1001.81,IMPS_TRANSFER,SUCCESS,False,0
TXN15892805,2026-09-16 15:20:21,USR_0080,aarav.verma32@icici,Aarav Verma,USR_0074,deepak.rao41@paytm,Deepak Rao,114.03,IMPS_TRANSFER,SUCCESS,False,0
TXN82144402,2026-09-16 15:20:44,USR_0089,priya.joshi10@paytm,Priya Joshi,USR_0070,karan.gupta97@hdfc,Karan Gupta,2879.49,NEFT,SUCCESS,False,0
TXN71934487,2026-09-16 15:21:19,USR_0028,rohan.gupta30@paytm,Rohan Gupta,USR_0107,isha.sharma48@icici,Isha Sharma,56.64,UPI_P2P,SUCCESS,False,0
TXN75023164,2026-09-16 15:23:30,USR_0056,rahul.singh26@axis,Rahul Singh,USR_0027,pooja.verma90@paytm,Pooja Verma,1100.73,NEFT,SUCCESS,False,0
TXN46126008,2026-09-16 15:24:50,USR_0081,aryan.verma65@kotak,Aryan Verma,USR_0029,ananya.mehta24@sbi,Ananya Mehta,2263.69,UPI_P2P,SUCCESS,False,0
TXN21680625,2026-09-16 15:26:45,USR_0116,rajesh.verma12@axis,Rajesh Verma,USR_0093,pooja.rao89@pnb,Pooja Rao,190.69,UPI_P2P,SUCCESS,False,0
TXN24679315,2026-09-16 15:27:44,USR_0076,sunil.mehta35@hdfc,Sunil Mehta,USR_0081,aryan.verma65@kotak,Aryan Verma,1808.34,UPI_P2P,SUCCESS,False,0
TXN93625419,2026-09-16 15:39:48,USR_0066,manish.mehta64@kotak,Manish Mehta,USR_0058,neha.shukla43@kotak,Neha Shukla,213.66,UPI_P2P,SUCCESS,False,0
TXN20361818,2026-09-16 15:42:57,USR_0051,pooja.joshi17@hdfc,Pooja Joshi,USR_0072,nikhil.shukla30@paytm,Nikhil Shukla,658.19,UPI_P2M,SUCCESS,False,0
TXN81458898,2026-09-16 15:45:10,USR_0006,varun.patel53@hdfc,Varun Patel,USR_0035,neha.shukla38@kotak,Neha Shukla,1035.64,NEFT,SUCCESS,False,0
TXN84479105,2026-09-16 15:48:32,USR_0068,rajesh.gupta80@kotak,Rajesh Gupta,USR_0088,neha.patel63@hdfc,Neha Patel,568.02,UPI_P2M,SUCCESS,False,0
TXN59185834,2026-09-16 15:54:17,USR_0118,rajesh.sharma29@kotak,Rajesh Sharma,USR_0027,pooja.verma90@paytm,Pooja Verma,330.61,NEFT,SUCCESS,False,0
TXN23746292,2026-09-16 15:56:10,USR_0052,kavya.verma40@pnb,Kavya Verma,USR_0043,ishaan.shukla67@kotak,Ishaan Shukla,162.02,UPI_P2M,SUCCESS,False,0
TXN52018286,2026-09-16 15:57:17,USR_0002,rhea.iyer13@sbi,Rhea Iyer,USR_0058,neha.shukla43@kotak,Neha Shukla,565.48,UPI_P2P,SUCCESS,False,0
TXN79760901,2026-09-16 15:57:46,USR_0011,sunil.shukla22@paytm,Sunil Shukla,USR_0005,tanvi.chopra10@icici,Tanvi Chopra,297.79,UPI_P2M,SUCCESS,False,0
TXN56698401,2026-09-16 16:00:23,USR_0099,rahul.verma27@axis,Rahul Verma,USR_0007,priya.verma54@icici,Priya Verma,2744.3,IMPS_TRANSFER,SUCCESS,False,0
TXN79342339,2026-09-16 16:02:53,USR_0021,rahul.patel73@kotak,Rahul Patel,USR_0033,suresh.rao66@icici,Suresh Rao,2426.97,UPI_P2M,SUCCESS,False,0
TXN19010480,2026-09-16 16:05:14,USR_0019,varun.patel81@hdfc,Varun Patel,USR_0087,suresh.iyer61@icici,Suresh Iyer,2214.37,NEFT,SUCCESS,False,0
TXN14102122,2026-09-16 16:05:38,USR_0050,manish.gupta16@sbi,Manish Gupta,USR_0081,aryan.verma65@kotak,Aryan Verma,71.93,UPI_P2P,SUCCESS,False,0
TXN25567455,2026-09-16 16:12:25,USR_0031,manish.mehta18@paytm,Manish Mehta,USR_0011,sunil.shukla22@paytm,Sunil Shukla,426.41,NEFT,SUCCESS,False,0
TXN97477181,2026-09-16 16:19:01,USR_0000,vikram.verma45@sbi,Vikram Verma,USR_0022,vikram.patel97@paytm,Vikram Patel,2789.7,UPI_P2P,SUCCESS,False,0
TXN58319528,2026-09-16 16:19:03,USR_0098,aditya.nair69@kotak,Aditya Nair,USR_0070,karan.gupta97@hdfc,Karan Gupta,1419.19,IMPS_TRANSFER,SUCCESS,False,0
TXN66689004,2026-09-16 16:20:35,USR_0094,rajesh.shukla49@pnb,Rajesh Shukla,USR_0052,kavya.verma40@pnb,Kavya Verma,1654.35,IMPS_TRANSFER,SUCCESS,False,0
TXN14491176,2026-09-16 16:20:53,USR_0034,rahul.shukla53@sbi,Rahul Shukla,USR_0052,kavya.verma40@pnb,Kavya Verma,1273.05,IMPS_TRANSFER,SUCCESS,False,0
TXN79386899,2026-09-16 16:21:33,USR_0106,sneha.sharma63@hdfc,Sneha Sharma,USR_0097,isha.iyer28@hdfc,Isha Iyer,1349.42,IMPS_TRANSFER,SUCCESS,False,0
TXN92820305,2026-09-16 16:23:14,USR_0008,deepak.sharma68@pnb,Deepak Sharma,USR_0022,vikram.patel97@paytm,Vikram Patel,1453.35,NEFT,SUCCESS,False,0
TXN68802946,2026-09-16 16:25:43,USR_0070,karan.gupta97@hdfc,Karan Gupta,USR_0016,suresh.gupta17@paytm,Suresh Gupta,142.97,IMPS_TRANSFER,SUCCESS,False,0
TXN39962391,2026-09-16 16:30:51,USR_0088,neha.patel63@hdfc,Neha Patel,USR_0113,vihaan.rao27@axis,Vihaan Rao,2262.89,IMPS_TRANSFER,SUCCESS,False,0
TXN76974557,2026-09-16 16:37:00,USR_0095,aarav.sharma70@hdfc,Aarav Sharma,USR_0087,suresh.iyer61@icici,Suresh Iyer,5725.33,UPI_P2M,SUCCESS,False,0
TXN72825287,2026-09-16 16:37:19,USR_0064,karan.sharma91@sbi,Karan Sharma,USR_0063,amit.chopra53@hdfc,Amit Chopra,1655.04,IMPS_TRANSFER,SUCCESS,False,0
TXN99201885,2026-09-16 16:48:32,USR_0081,aryan.verma65@kotak,Aryan Verma,USR_0000,vikram.verma45@sbi,Vikram Verma,520.92,UPI_P2P,SUCCESS,False,0
TXN54753520,2026-09-16 16:57:55,USR_0072,nikhil.shukla30@paytm,Nikhil Shukla,USR_0068,rajesh.gupta80@kotak,Rajesh Gupta,764.56,IMPS_TRANSFER,SUCCESS,False,0
TXN44162336,2026-09-16 16:59:55,USR_0073,karan.iyer32@sbi,Karan Iyer,USR_0020,manish.chopra84@axis,Manish Chopra,624.46,IMPS_TRANSFER,SUCCESS,False,0
TXN69670203,2026-09-16 17:03:11,USR_0059,amit.patel79@axis,Amit Patel,USR_0047,karan.sharma58@hdfc,Karan Sharma,430.86,UPI_P2M,SUCCESS,False,0
TXN49919426,2026-09-16 17:03:31,USR_0038,neha.patel83@pnb,Neha Patel,USR_0011,sunil.shukla22@paytm,Sunil Shukla,173.88,UPI_P2M,SUCCESS,False,0
TXN58720768,2026-09-16 17:06:21,USR_0112,kavya.joshi60@sbi,Kavya Joshi,USR_0100,suresh.joshi86@kotak,Suresh Joshi,1990.58,UPI_P2M,SUCCESS,False,0
TXN51551377,2026-09-16 17:10:51,USR_0076,sunil.mehta35@hdfc,Sunil Mehta,USR_0090,ishaan.iyer84@paytm,Ishaan Iyer,2721.27,UPI_P2P,SUCCESS,False,0
TXN59535555,2026-09-16 17:11:54,USR_0071,alok.joshi62@paytm,Alok Joshi,USR_0095,aarav.sharma70@hdfc,Aarav Sharma,519.18,NEFT,SUCCESS,False,0
TXN70173215,2026-09-16 17:15:03,USR_0063,amit.chopra53@hdfc,Amit Chopra,USR_0079,vikram.joshi96@axis,Vikram Joshi,987.68,IMPS_TRANSFER,SUCCESS,False,0
TXN59330907,2026-09-16 17:22:21,USR_0081,aryan.verma65@kotak,Aryan Verma,USR_0117,rahul.rao93@sbi,Rahul Rao,2760.55,IMPS_TRANSFER,SUCCESS,False,0
TXN70228445,2026-09-16 17:25:27,USR_0096,tanvi.iyer83@pnb,Tanvi Iyer,USR_0083,varun.sharma65@pnb,Varun Sharma,1114.67,UPI_P2P,SUCCESS,False,0
TXN87812909,2026-09-16 17:27:39,USR_0108,sunil.iyer79@kotak,Sunil Iyer,USR_0095,aarav.sharma70@hdfc,Aarav Sharma,920.01,IMPS_TRANSFER,SUCCESS,False,0
TXN88653825,2026-09-16 17:27:59,USR_0047,karan.sharma58@hdfc,Karan Sharma,USR_0090,ishaan.iyer84@paytm,Ishaan Iyer,289.95,NEFT,SUCCESS,False,0
TXN50755467,2026-09-16 17:32:56,USR_0101,tanvi.singh41@paytm,Tanvi Singh,USR_0053,karan.chopra84@hdfc,Karan Chopra,792.89,NEFT,SUCCESS,False,0
TXN99491869,2026-09-16 17:34:27,USR_0077,amit.shukla13@hdfc,Amit Shukla,USR_0065,aarav.gupta26@paytm,Aarav Gupta,2595.11,UPI_P2P,SUCCESS,False,0
TXN90525899,2026-09-16 17:35:05,USR_0101,tanvi.singh41@paytm,Tanvi Singh,USR_0030,karan.singh17@hdfc,Karan Singh,314.92,UPI_P2P,SUCCESS,False,0
TXN49613214,2026-09-16 17:37:53,USR_0116,rajesh.verma12@axis,Rajesh Verma,USR_0105,vihaan.iyer52@axis,Vihaan Iyer,2767.09,NEFT,SUCCESS,False,0
TXN93890601,2026-09-16 17:38:02,USR_0046,sneha.mehta37@axis,Sneha Mehta,USR_0032,suresh.mehta31@kotak,Suresh Mehta,616.82,UPI_P2M,SUCCESS,False,0
TXN77839607,2026-09-16 17:42:27,USR_0002,rhea.iyer13@sbi,Rhea Iyer,USR_0011,sunil.shukla22@paytm,Sunil Shukla,1509.49,NEFT,SUCCESS,False,0
TXN98436473,2026-09-16 17:43:15,USR_0064,karan.sharma91@sbi,Karan Sharma,USR_0028,rohan.gupta30@paytm,Rohan Gupta,856.73,UPI_P2P,SUCCESS,False,0
TXN71965637,2026-09-16 17:50:44,USR_0047,karan.sharma58@hdfc,Karan Sharma,USR_0086,suresh.verma48@pnb,Suresh Verma,3006.21,NEFT,SUCCESS,False,0
TXN39070676,2026-09-16 17:51:16,USR_0105,vihaan.iyer52@axis,Vihaan Iyer,USR_0036,ramesh.rao39@sbi,Ramesh Rao,511.21,UPI_P2P,SUCCESS,False,0
TXN74291599,2026-09-16 17:51:23,USR_0041,tanvi.nair96@sbi,Tanvi Nair,USR_0077,amit.shukla13@hdfc,Amit Shukla,625.37,UPI_P2M,SUCCESS,False,0
TXN65958370,2026-09-16 17:53:45,USR_0088,neha.patel63@hdfc,Neha Patel,USR_0119,isha.rao82@sbi,Isha Rao,2141.9,NEFT,SUCCESS,False,0
TXN21490777,2026-09-16 17:54:48,USR_0001,rohan.nair96@sbi,Rohan Nair,USR_0066,manish.mehta64@kotak,Manish Mehta,485.3,UPI_P2M,SUCCESS,False,0
TXN32467350,2026-09-16 17:55:28,USR_0065,aarav.gupta26@paytm,Aarav Gupta,USR_0010,suresh.shukla47@paytm,Suresh Shukla,153.71,UPI_P2P,SUCCESS,False,0
TXN60975999,2026-09-16 17:55:38,USR_0060,kavya.rao11@kotak,Kavya Rao,USR_0095,aarav.sharma70@hdfc,Aarav Sharma,87.03,UPI_P2M,SUCCESS,False,0
TXN95800828,2026-09-16 17:57:34,USR_0020,manish.chopra84@axis,Manish Chopra,USR_0093,pooja.rao89@pnb,Pooja Rao,1671.67,NEFT,SUCCESS,False,0
TXN58767001,2026-09-16 18:04:49,USR_0085,sneha.verma52@pnb,Sneha Verma,USR_0058,neha.shukla43@kotak,Neha Shukla,2769.92,IMPS_TRANSFER,SUCCESS,False,0
TXN39009803,2026-09-16 18:06:27,USR_0057,ananya.verma68@sbi,Ananya Verma,USR_0106,sneha.sharma63@hdfc,Sneha Sharma,2971.47,IMPS_TRANSFER,SUCCESS,False,0
TXN90745413,2026-09-16 18:11:14,USR_0047,karan.sharma58@hdfc,Karan Sharma,USR_0117,rahul.rao93@sbi,Rahul Rao,538.19,UPI_P2P,SUCCESS,False,0
TXN35281262,2026-09-16 18:12:50,USR_0083,varun.sharma65@pnb,Varun Sharma,USR_0091,tanvi.mehta37@pnb,Tanvi Mehta,209.78,IMPS_TRANSFER,SUCCESS,False,0
TXN67768169,2026-09-16 18:14:33,USR_0069,rohan.sharma56@icici,Rohan Sharma,USR_0002,rhea.iyer13@sbi,Rhea Iyer,599.76,UPI_P2P,SUCCESS,False,0
TXN60454028,2026-09-16 18:14:35,USR_0094,rajesh.shukla49@pnb,Rajesh Shukla,USR_0098,aditya.nair69@kotak,Aditya Nair,127.16,IMPS_TRANSFER,SUCCESS,False,0
TXN62405812,2026-09-16 18:18:09,USR_0046,sneha.mehta37@axis,Sneha Mehta,USR_0008,deepak.sharma68@pnb,Deepak Sharma,1670.04,UPI_P2P,SUCCESS,False,0
TXN48983895,2026-09-16 18:23:24,USR_0104,rahul.iyer29@pnb,Rahul Iyer,USR_0044,aditya.singh41@axis,Aditya Singh,169.05,UPI_P2M,SUCCESS,False,0
TXN16538403,2026-09-16 18:25:48,USR_0081,aryan.verma65@kotak,Aryan Verma,USR_0116,rajesh.verma12@axis,Rajesh Verma,661.62,IMPS_TRANSFER,SUCCESS,False,0
TXN56488123,2026-09-16 18:26:29,USR_0005,tanvi.chopra10@icici,Tanvi Chopra,USR_0036,ramesh.rao39@sbi,Ramesh Rao,1428.65,UPI_P2P,SUCCESS,False,0
TXN26800072,2026-09-16 18:31:01,USR_0025,alok.rao24@icici,Alok Rao,USR_0081,aryan.verma65@kotak,Aryan Verma,278.37,IMPS_TRANSFER,SUCCESS,False,0
TXN82196170,2026-09-16 18:32:35,USR_0102,tanvi.verma46@pnb,Tanvi Verma,USR_0065,aarav.gupta26@paytm,Aarav Gupta,1416.0,IMPS_TRANSFER,SUCCESS,False,0
TXN47447604,2026-09-16 18:35:20,USR_0061,nikhil.rao27@sbi,Nikhil Rao,USR_0024,suresh.nair97@sbi,Suresh Nair,2879.09,UPI_P2M,SUCCESS,False,0
TXN55987725,2026-09-16 18:35:41,USR_0078,priya.gupta18@icici,Priya Gupta,USR_0064,karan.sharma91@sbi,Karan Sharma,224.52,IMPS_TRANSFER,SUCCESS,False,0
TXN43552306,2026-09-16 18:37:15,USR_0088,neha.patel63@hdfc,Neha Patel,USR_0054,kavya.verma94@axis,Kavya Verma,701.18,UPI_P2P,SUCCESS,False,0
TXN37154689,2026-09-16 18:38:22,USR_0058,neha.shukla43@kotak,Neha Shukla,USR_0000,vikram.verma45@sbi,Vikram Verma,283.77,NEFT,SUCCESS,False,0
TXN41711468,2026-09-16 18:39:12,USR_0044,aditya.singh41@axis,Aditya Singh,USR_0093,pooja.rao89@pnb,Pooja Rao,1168.99,UPI_P2M,SUCCESS,False,0
TXN59113508,2026-09-16 18:40:32,USR_0034,rahul.shukla53@sbi,Rahul Shukla,USR_0060,kavya.rao11@kotak,Kavya Rao,3203.19,IMPS_TRANSFER,SUCCESS,False,0
TXN12130654,2026-09-16 18:42:34,USR_0026,aditya.mehta43@sbi,Aditya Mehta,USR_0058,neha.shukla43@kotak,Neha Shukla,3815.16,IMPS_TRANSFER,SUCCESS,False,0
TXN84204255,2026-09-16 18:48:27,USR_0022,vikram.patel97@paytm,Vikram Patel,USR_0119,isha.rao82@sbi,Isha Rao,1110.71,UPI_P2P,SUCCESS,False,0
TXN44297151,2026-09-16 18:50:14,USR_0001,rohan.nair96@sbi,Rohan Nair,USR_0116,rajesh.verma12@axis,Rajesh Verma,2282.23,NEFT,SUCCESS,False,0
TXN29070658,2026-09-16 18:54:33,USR_0074,deepak.rao41@paytm,Deepak Rao,USR_0061,nikhil.rao27@sbi,Nikhil Rao,777.79,UPI_P2P,SUCCESS,False,0
TXN23068017,2026-09-16 18:54:40,USR_0086,suresh.verma48@pnb,Suresh Verma,USR_0040,kabir.rao55@axis,Kabir Rao,341.52,UPI_P2P,SUCCESS,False,0
TXN15028625,2026-09-16 18:56:16,USR_0119,isha.rao82@sbi,Isha Rao,USR_0095,aarav.sharma70@hdfc,Aarav Sharma,1716.51,IMPS_TRANSFER,SUCCESS,False,0
TXN12672106,2026-09-16 19:03:30,USR_0109,isha.shukla65@icici,Isha Shukla,USR_0005,tanvi.chopra10@icici,Tanvi Chopra,1637.37,NEFT,SUCCESS,False,0
TXN97715861,2026-09-16 19:05:04,USR_0010,suresh.shukla47@paytm,Suresh Shukla,USR_0087,suresh.iyer61@icici,Suresh Iyer,1006.95,UPI_P2M,SUCCESS,False,0
TXN52833932,2026-09-16 19:06:57,USR_0040,kabir.rao55@axis,Kabir Rao,USR_0022,vikram.patel97@paytm,Vikram Patel,4254.45,NEFT,SUCCESS,False,0
TXN21970652,2026-09-16 19:09:01,USR_0022,vikram.patel97@paytm,Vikram Patel,USR_0030,karan.singh17@hdfc,Karan Singh,465.77,NEFT,SUCCESS,False,0
TXN36802975,2026-09-16 19:14:21,USR_0067,kabir.verma29@pnb,Kabir Verma,USR_0053,karan.chopra84@hdfc,Karan Chopra,68.69,UPI_P2M,SUCCESS,False,0
TXN85357498,2026-09-16 19:15:18,USR_0065,aarav.gupta26@paytm,Aarav Gupta,USR_0084,nikhil.joshi95@pnb,Nikhil Joshi,769.24,IMPS_TRANSFER,SUCCESS,False,0
TXN85254207,2026-09-16 19:16:38,USR_0025,alok.rao24@icici,Alok Rao,USR_0064,karan.sharma91@sbi,Karan Sharma,64.03,NEFT,SUCCESS,False,0
TXN16892773,2026-09-16 19:17:51,USR_0060,kavya.rao11@kotak,Kavya Rao,USR_0033,suresh.rao66@icici,Suresh Rao,1107.62,UPI_P2M,SUCCESS,False,0
TXN14938681,2026-09-16 19:18:50,USR_0029,ananya.mehta24@sbi,Ananya Mehta,USR_0063,amit.chopra53@hdfc,Amit Chopra,131.12,IMPS_TRANSFER,SUCCESS,False,0
TXN99635939,2026-09-16 19:20:00,USR_0103,ananya.gupta20@kotak,Ananya Gupta,USR_0087,suresh.iyer61@icici,Suresh Iyer,959.49,IMPS_TRANSFER,SUCCESS,False,0
TXN38083391,2026-09-16 19:23:36,USR_0108,sunil.iyer79@kotak,Sunil Iyer,USR_0065,aarav.gupta26@paytm,Aarav Gupta,83.05,NEFT,SUCCESS,False,0
TXN82062301,2026-09-16 19:23:47,USR_0004,ramesh.rao79@pnb,Ramesh Rao,USR_0101,tanvi.singh41@paytm,Tanvi Singh,1022.78,IMPS_TRANSFER,SUCCESS,False,0
TXN55440919,2026-09-16 19:27:10,USR_0060,kavya.rao11@kotak,Kavya Rao,USR_0100,suresh.joshi86@kotak,Suresh Joshi,1548.95,IMPS_TRANSFER,SUCCESS,False,0
TXN98817918,2026-09-16 19:27:21,USR_0051,pooja.joshi17@hdfc,Pooja Joshi,USR_0076,sunil.mehta35@hdfc,Sunil Mehta,2283.71,UPI_P2P,SUCCESS,False,0
TXN89299984,2026-09-16 19:28:39,USR_0056,rahul.singh26@axis,Rahul Singh,USR_0017,varun.verma82@hdfc,Varun Verma,1126.99,UPI_P2M,SUCCESS,False,0
TXN68985391,2026-09-16 19:30:19,USR_0022,vikram.patel97@paytm,Vikram Patel,USR_0027,pooja.verma90@paytm,Pooja Verma,340.79,IMPS_TRANSFER,SUCCESS,False,0
TXN20043277,2026-09-16 19:30:28,USR_0111,manish.patel69@paytm,Manish Patel,USR_0083,varun.sharma65@pnb,Varun Sharma,202.85,UPI_P2M,SUCCESS,False,0
TXN33113253,2026-09-16 19:31:08,USR_0066,manish.mehta64@kotak,Manish Mehta,USR_0097,isha.iyer28@hdfc,Isha Iyer,94.2,IMPS_TRANSFER,SUCCESS,False,0
TXN16757958,2026-09-16 19:31:17,USR_0030,karan.singh17@hdfc,Karan Singh,USR_0042,aryan.iyer53@pnb,Aryan Iyer,384.34,IMPS_TRANSFER,SUCCESS,False,0
TXN70779921,2026-09-16 19:32:48,USR_0050,manish.gupta16@sbi,Manish Gupta,USR_0043,ishaan.shukla67@kotak,Ishaan Shukla,3608.32,IMPS_TRANSFER,SUCCESS,False,0
TXN47864772,2026-09-16 19:40:51,USR_0002,rhea.iyer13@sbi,Rhea Iyer,USR_0023,priya.chopra77@axis,Priya Chopra,2515.4,UPI_P2P,SUCCESS,False,0
TXN47557512,2026-09-16 19:41:50,USR_0062,karan.verma80@pnb,Karan Verma,USR_0007,priya.verma54@icici,Priya Verma,260.2,UPI_P2M,SUCCESS,False,0
TXN79306247,2026-09-16 19:42:20,USR_0032,suresh.mehta31@kotak,Suresh Mehta,USR_0048,nikhil.mehta64@icici,Nikhil Mehta,1517.28,UPI_P2M,SUCCESS,False,0
TXN58397866,2026-09-16 19:45:23,USR_0063,amit.chopra53@hdfc,Amit Chopra,USR_0111,manish.patel69@paytm,Manish Patel,566.39,IMPS_TRANSFER,SUCCESS,False,0
TXN63015631,2026-09-16 19:47:47,USR_0079,vikram.joshi96@axis,Vikram Joshi,USR_0104,rahul.iyer29@pnb,Rahul Iyer,2264.18,IMPS_TRANSFER,SUCCESS,False,0
TXN53066216,2026-09-16 19:49:05,USR_0017,varun.verma82@hdfc,Varun Verma,USR_0038,neha.patel83@pnb,Neha Patel,290.48,NEFT,SUCCESS,False,0
TXN17207013,2026-09-16 19:49:33,USR_0064,karan.sharma91@sbi,Karan Sharma,USR_0095,aarav.sharma70@hdfc,Aarav Sharma,1101.49,IMPS_TRANSFER,SUCCESS,False,0
TXN55450370,2026-09-16 19:53:24,USR_0008,deepak.sharma68@pnb,Deepak Sharma,USR_0046,sneha.mehta37@axis,Sneha Mehta,559.76,UPI_P2M,SUCCESS,False,0
TXN37140286,2026-09-16 19:54:56,USR_0080,aarav.verma32@icici,Aarav Verma,USR_0045,deepak.joshi16@sbi,Deepak Joshi,185.64,IMPS_TRANSFER,SUCCESS,False,0
TXN96871612,2026-09-16 19:55:07,USR_0094,rajesh.shukla49@pnb,Rajesh Shukla,USR_0069,rohan.sharma56@icici,Rohan Sharma,305.63,IMPS_TRANSFER,SUCCESS,False,0
TXN21655844,2026-09-16 19:55:19,USR_0083,varun.sharma65@pnb,Varun Sharma,USR_0000,vikram.verma45@sbi,Vikram Verma,575.5,UPI_P2M,SUCCESS,False,0
TXN53163063,2026-09-16 19:56:14,USR_0041,tanvi.nair96@sbi,Tanvi Nair,USR_0015,priya.singh98@pnb,Priya Singh,2061.88,UPI_P2M,SUCCESS,False,0
TXN95973808,2026-09-16 19:59:06,USR_0044,aditya.singh41@axis,Aditya Singh,USR_0025,alok.rao24@icici,Alok Rao,267.5,UPI_P2M,SUCCESS,False,0
TXN52339783,2026-09-16 19:59:32,USR_0048,nikhil.mehta64@icici,Nikhil Mehta,USR_0065,aarav.gupta26@paytm,Aarav Gupta,495.91,UPI_P2P,SUCCESS,False,0
TXN16200213,2026-09-16 20:01:09,USR_0076,sunil.mehta35@hdfc,Sunil Mehta,USR_0054,kavya.verma94@axis,Kavya Verma,377.42,UPI_P2M,SUCCESS,False,0
TXN85300576,2026-09-16 20:03:31,USR_0044,aditya.singh41@axis,Aditya Singh,USR_0039,rahul.mehta62@paytm,Rahul Mehta,520.47,NEFT,SUCCESS,False,0
TXN72143331,2026-09-16 20:07:45,USR_0096,tanvi.iyer83@pnb,Tanvi Iyer,USR_0002,rhea.iyer13@sbi,Rhea Iyer,568.63,IMPS_TRANSFER,SUCCESS,False,0
TXN46643203,2026-09-16 20:12:46,USR_0081,aryan.verma65@kotak,Aryan Verma,USR_0033,suresh.rao66@icici,Suresh Rao,1720.17,NEFT,SUCCESS,False,0
TXN86129797,2026-09-16 20:15:14,USR_0055,nikhil.singh95@hdfc,Nikhil Singh,USR_0100,suresh.joshi86@kotak,Suresh Joshi,393.16,NEFT,SUCCESS,False,0
TXN42713008,2026-09-16 20:15:25,USR_0106,sneha.sharma63@hdfc,Sneha Sharma,USR_0061,nikhil.rao27@sbi,Nikhil Rao,1616.8,NEFT,SUCCESS,False,0
TXN25397719,2026-09-16 20:19:18,USR_0105,vihaan.iyer52@axis,Vihaan Iyer,USR_0096,tanvi.iyer83@pnb,Tanvi Iyer,281.39,UPI_P2P,SUCCESS,False,0
TXN52980983,2026-09-16 20:20:06,USR_0012,tanvi.rao56@paytm,Tanvi Rao,USR_0102,tanvi.verma46@pnb,Tanvi Verma,200.03,NEFT,SUCCESS,False,0
TXN74082804,2026-09-16 20:21:42,USR_0012,tanvi.rao56@paytm,Tanvi Rao,USR_0023,priya.chopra77@axis,Priya Chopra,1717.74,UPI_P2M,SUCCESS,False,0
TXN57621071,2026-09-16 20:25:59,USR_0073,karan.iyer32@sbi,Karan Iyer,USR_0108,sunil.iyer79@kotak,Sunil Iyer,1422.97,NEFT,SUCCESS,False,0
TXN55852776,2026-09-16 20:27:33,USR_0031,manish.mehta18@paytm,Manish Mehta,USR_0084,nikhil.joshi95@pnb,Nikhil Joshi,1333.87,IMPS_TRANSFER,SUCCESS,False,0
TXN72402697,2026-09-16 20:29:59,USR_0093,pooja.rao89@pnb,Pooja Rao,USR_0067,kabir.verma29@pnb,Kabir Verma,919.8,IMPS_TRANSFER,SUCCESS,False,0
TXN38833029,2026-09-16 20:33:33,USR_0000,vikram.verma45@sbi,Vikram Verma,USR_0038,neha.patel83@pnb,Neha Patel,3665.79,UPI_P2M,SUCCESS,False,0
TXN91282861,2026-09-16 20:40:22,USR_0003,rahul.joshi13@kotak,Rahul Joshi,USR_0097,isha.iyer28@hdfc,Isha Iyer,925.06,IMPS_TRANSFER,SUCCESS,False,0
TXN27120235,2026-09-16 20:42:24,USR_0001,rohan.nair96@sbi,Rohan Nair,USR_0078,priya.gupta18@icici,Priya Gupta,192.43,NEFT,SUCCESS,False,0
TXN29223220,2026-09-16 20:43:24,USR_0114,aditya.sharma58@icici,Aditya Sharma,USR_0116,rajesh.verma12@axis,Rajesh Verma,355.26,NEFT,SUCCESS,False,0
TXN82506491,2026-09-16 20:47:14,USR_0109,isha.shukla65@icici,Isha Shukla,USR_0018,vikram.mehta92@axis,Vikram Mehta,1178.59,UPI_P2M,SUCCESS,False,0
